,nomeFundo,cnpj,dataPosicao,tipoCarteira,isinFundo,adm,gestor,pl,valorCotaFundo,categoria,codPapel,administrador,vencimento,qtd,valorTotal,pl_percentual,datas_referentes,CNPJ_FUNDO,DENOM_SOCIAL,CLASSE,TP_FUNDO,CONDOM,PUBLICO_ALVO,GESTOR_CVM,CPF_CNPJ_GESTOR,CUSTODIANTE,CNPJ_CUSTODIANTE,DT_FIM_EXERC
0,22691 - XP SELECTION FII,30.983.020/0001-90,31/05/2024,Fundos de Investimentos Imobiliário,-,XP INVESTIMENTOS CCTVM S.A.,XP VISTA ASSET MANAGEMENT LTDA.,365918672.24,8.45036001,Renda Fixa | Definitiva,21K0938631,BARIGUI SECURITIZADORA S.A.,20/11/2024,2970.0,850661.0912117081,0.2324727202370732,2024-05-31,30.983.020/0001-90,XP SELECTION FUNDO DE FUNDOS DE INVESTIMENTO IMOBILIÁRIO - FII,XP SELECTION FUNDO DE FUNDOS DE INVESTIMENTO IMOBILIÁRIO - FII,FII,FECHADO,GERAL,XP VISTA ASSET MANAGMENT LTDA.,16.789.525/0001-98,OLIVEIRA TRUST DTVM S.A.,36.113.876/0001-91,2024-12-31
1,22691 - XP SELECTION FII,30.983.020/0001-90,31/05/2024,Fundos de Investimentos Imobiliário,-,XP INVESTIMENTOS CCTVM S.A.,XP VISTA ASSET MANAGEMENT LTDA.,365918672.24,8.45036001,Renda Fixa | Definitiva,20D1006203,TRUE SECURITIZADORA S.A.,03/05/2032,9196.0,8807446.859347746,2.4069410848679205,2024-05-31,30.983.020/0001-90,XP SELECTION FUNDO DE FUNDOS DE INVESTIMENTO IMOBILIÁRIO - FII,XP SELECTION FUNDO DE FUNDOS DE INVESTIMENTO IMOBILIÁRIO - FII,FII,FECHADO,GERAL,XP VISTA ASSET MANAGMENT LTDA.,16.789.525/0001-98,OLIVEIRA TRUST DTVM S.A.,36.113.876/0001-91,2024-12-31
2,22691 - XP SELECTION FII,30.983.020/0001-90,31/05/2024,Fundos de Investimentos Imobiliário,-,XP INVESTIMENTOS CCTVM S.A.,XP VISTA ASSET MANAGEMENT LTDA.,365918672.24,8.45036001,Renda Fixa | Definitiva,20D1006203,TRUE SECURITIZADORA S.A.,03/05/2032,1023.0,979775.7869848568,0.267757800110905,2024-05-31,30.983.020/0001-90,XP SELECTION FUNDO DE FUNDOS DE INVESTIMENTO IMOBILIÁRIO - FII,XP SELECTION FUNDO DE FUNDOS DE INVESTIMENTO IMOBILIÁRIO - FII,FII,FECHADO,GERAL,XP VISTA ASSET MANAGMENT LTDA.,16.789.525/0001-98,OLIVEIRA TRUST DTVM S.A.,36.113.876/0001-91,2024-12-31
3,22691 - XP SELECTION FII,30.983.020/0001-90,31/05/2024,Fundos de Investimentos Imobiliário,-,XP INVESTIMENTOS CCTVM S.A.,XP VISTA ASSET MANAGEMENT LTDA.,365918672.24,8.45036001,Renda Fixa | Definitiva,21K0938631,BARIGUI SECURITIZADORA S.A.,20/11/2024,10913.0,3125678.278920327,0.8542002679956836,2024-05-31,30.983.020/0001-90,XP SELECTION FUNDO DE FUNDOS DE INVESTIMENTO IMOBILIÁRIO - FII,XP SELECTION FUNDO DE FUNDOS DE INVESTIMENTO IMOBILIÁRIO - FII,FII,FECHADO,GERAL,XP VISTA ASSET MANAGMENT LTDA.,16.789.525/0001-98,OLIVEIRA TRUST DTVM S.A.,36.113.876/0001-91,2024-12-31
64,32781 - TG REAL ESTATE FII,44.625.562/0001-04,31/05/2024,Fundos de Investimentos Imobiliário,BR0B4QCTF006,XP INVESTIMENTOS CCTVM S.A.,TG CORE ASSET LTDA,1362619998.98,9.5230074,Renda Fixa | Definitiva,21A0608480,VIRGO COMPANHIA DE SECURITIZAÇÃO,20/01/2026,3300.0,3607804.54267309,0.2647696749918349,2024-05-31,44.625.562/0001-04,FUNDO DE INVESTIMENTO IMOBILIARIO TG REAL ESTATE,FUNDO DE INVESTIMENTO IMOBILIARIO TG REAL ESTATE,FII,FECHADO,QUALIFICADO,TG CORE ASSET LTDA,13.194.316/0001-03,OLIVEIRA TRUST DTVM S.A.,36.113.876/0001-91,2024-12-31
65,32781 - TG REAL ESTATE FII,44.625.562/0001-04,31/05/2024,Fundos de Investimentos Imobiliário,BR0B4QCTF006,XP INVESTIMENTOS CCTVM S.A.,TG CORE ASSET LTDA,1362619998.98,9.5230074,Renda Fixa | Definitiva,20D0995632,Forte Securitizadora SA,20/06/2029,3955.0,3145892.679202038,0.23087087240440624,2024-05-31,44.625.562/0001-04,FUNDO DE INVESTIMENTO IMOBILIARIO TG REAL ESTATE,FUNDO DE INVESTIMENTO IMOBILIARIO TG REAL ESTATE,FII,FECHADO,QUALIFICADO,TG CORE ASSET LTDA,13.194.316/0001-03,OLIVEIRA TRUST DTVM S.A.,36.113.876/0001-91,2024-12-31
66,32781 - TG REAL ESTATE FII,44.625.562/0001-04,31/05/2024,Fundos de Investimentos Imobiliário,BR0B4QCTF006,XP INVESTIMENTOS CCTVM S.A.,TG CORE ASSET LTDA,1362619998.98,9.5230074,Renda Fixa | Definitiva,21C0528435,VIRGO COMPANHIA DE SECURITIZAÇÃO,20/01/2032,2571.0,1367485.642113186,0.10035707997364109,2024-05-31,44.625.562/0001-04,FUNDO DE INVESTIMENTO IMOBILIARIO TG REAL ESTATE,FUNDO DE INVESTIMENTO IMOBILIARIO TG REAL ESTATE,FII,FECHADO,QUALIFICADO,TG CORE ASSET LTDA,13.194.316/0001-03,OLIVEIRA TRUST DTVM S.A.,36.113.876/0001-91,2024-12-31
67,32781 - TG REAL ESTATE FII,44.625.562/0001-04,31/05/2024,Fundos de Investimentos Imobiliário,BR0B4QCTF006,XP INVESTIMENTOS CCTVM S.A.,TG CORE ASSET LTDA,1362619998.98,9.5230074,Renda Fixa | Definitiva,21C0775913,VIRGO COMPANHIA DE SECURITIZAÇÃO,20/06/2024,2000.0,2424806.60899768,0.17795178485658422,2024-05-31,44.625.562/0001-04,FUNDO DE INVESTIMENTO IMOBILIARIO TG REAL ESTATE,FUNDO DE INVESTIMENTO IMOBILIARIO TG REAL ESTATE,FII,FECHADO,QUALIFICADO,TG CORE ASSET LTDA,13.194.316/0001-03,OLIVEIRA TRUST DTVM S.A.,36.113.876/0001-91,2024-12-31
68,32781 - TG REAL ESTATE FII,44.625.562/0001-04,31/05/2024,Fundos de Investimentos Imobiliário,BR0B4QCTF006,XP INVESTIMENTOS CCTVM S.A.,TG CORE ASSET LTDA,1362619998.98,9.5230074,Renda Fixa | Definitiva,21C0775913,VIRGO COMPANHIA DE SECURITIZAÇÃO,20/06/2024,2200.0,2667287.269897448,0.19574696334224265,2024-05-31,44.625.562/0001-04,FUNDO DE INVESTIMENTO IMOBILIARIO TG REAL ESTATE,FUNDO DE INVESTIMENTO IMOBILIARIO TG REAL ESTATE,FII,FECHADO,QUALIFICADO,TG CORE ASSET LTDA,13.194.316/0001-03,OLIVEIRA TRUST DTVM S.A.,36.113.876/0001-91,2024-12-31
69,32781 - TG REAL ESTATE FII,44.625.562/0001-04,31/05/2024,Fundos de Investimentos Imobiliário,BR0B4QCTF006,XP INVESTIMENTOS CCTVM S.A.,TG CORE ASSET LTDA,1362619998.98,9.5230074,Renda Fixa | Definitiva,21C0822819,VIRGO COMPANHIA DE SECURITIZAÇÃO,20/01/2032,2422.0,1653472.893728323,0.12134512152808875,2024-05-31,44.625.562/0001-04,FUNDO DE INVESTIMENTO IMOBILIARIO TG REAL ESTATE,FUNDO DE INVESTIMENTO IMOBILIARIO TG REAL ESTATE,FII,FECHADO,QUALIFICADO,TG CORE ASSET LTDA,13.194.316/0001-03,OLIVEIRA TRUST DTVM S.A.,36.113.876/0001-91,2024-12-31
70,32781 - TG REAL ESTATE FII,44.625.562/0001-04,31/05/2024,Fundos de Investimentos Imobiliário,BR0B4QCTF006,XP INVESTIMENTOS CCTVM S.A.,TG CORE ASSET LTDA,1362619998.98,9.5230074,Renda Fixa | Definitiva,21C0830879,VIRGO COMPANHIA DE SECURITIZAÇÃO,20/01/2032,235.0,162218.3668674613,0.01190488668806352,2024-05-31,44.625.562/0001-04,FUNDO DE INVESTIMENTO IMOBILIARIO TG REAL ESTATE,FUNDO DE INVESTIMENTO IMOBILIARIO TG REAL ESTATE,FII,FECHADO,QUALIFICADO,TG CORE ASSET LTDA,13.194.316/0001-03,OLIVEIRA TRUST DTVM S.A.,36.113.876/0001-91,2024-12-31
71,32781 - TG REAL ESTATE FII,44.625.562/0001-04,31/05/2024,Fundos de Investimentos Imobiliário,BR0B4QCTF006,XP INVESTIMENTOS CCTVM S.A.,TG CORE ASSET LTDA,1362619998.98,9.5230074,Renda Fixa | Definitiva,22G0893940,VIRGO COMPANHIA DE SECURITIZAÇÃO,23/06/2027,4300.0,4613836.902297037,0.33860040992725493,2024-05-31,44.625.562/0001-04,FUNDO DE INVESTIMENTO IMOBILIARIO TG REAL ESTATE,FUNDO DE INVESTIMENTO IMOBILIARIO TG REAL ESTATE,FII,FECHADO,QUALIFICADO,TG CORE ASSET LTDA,13.194.316/0001-03,OLIVEIRA TRUST DTVM S.A.,36.113.876/0001-91,2024-12-31
72,32781 - TG REAL ESTATE FII,44.625.562/0001-04,31/05/2024,Fundos de Investimentos Imobiliário,BR0B4QCTF006,XP INVESTIMENTOS CCTVM S.A.,TG CORE ASSET LTDA,1362619998.98,9.5230074,Renda Fixa | Definitiva,22H1237592,VIRGO COMPANHIA DE SECURITIZAÇÃO,21/07/2027,5300.0,5019159.682138807,0.3683462510381426,2024-05-31,44.625.562/0001-04,FUNDO DE INVESTIMENTO IMOBILIARIO TG REAL ESTATE,FUNDO DE INVESTIMENTO IMOBILIARIO TG REAL ESTATE,FII,FECHADO,QUALIFICADO,TG CORE ASSET LTDA,13.194.316/0001-03,OLIVEIRA TRUST DTVM S.A.,36.113.876/0001-91,2024-12-31
73,32781 - TG REAL ESTATE FII,44.625.562/0001-04,31/05/2024,Fundos de Investimentos Imobiliário,BR0B4QCTF006,XP INVESTIMENTOS CCTVM S.A.,TG CORE ASSET LTDA,1362619998.98,9.5230074,Renda Fixa | Definitiva,22I0351637,VIRGO COMPANHIA DE SECURITIZAÇÃO,21/01/2026,4500.0,4872437.663106916,0.35757861081990705,2024-05-31,44.625.562/0001-04,FUNDO DE INVESTIMENTO IMOBILIARIO TG REAL ESTATE,FUNDO DE INVESTIMENTO IMOBILIARIO TG REAL ESTATE,FII,FECHADO,QUALIFICADO,TG CORE ASSET LTDA,13.194.316/0001-03,OLIVEIRA TRUST DTVM S.A.,36.113.876/0001-91,2024-12-31
74,32781 - TG REAL ESTATE FII,44.625.562/0001-04,31/05/2024,Fundos de Investimentos Imobiliário,BR0B4QCTF006,XP INVESTIMENTOS CCTVM S.A.,TG CORE ASSET LTDA,1362619998.98,9.5230074,Renda Fixa | Definitiva,22I1290893,VIRGO COMPANHIA DE SECURITIZAÇÃO,22/10/2025,5000.0,5390026.1318658,0.39556340989421457,2024-05-31,44.625.562/0001-04,FUNDO DE INVESTIMENTO IMOBILIARIO TG REAL ESTATE,FUNDO DE INVESTIMENTO IMOBILIARIO TG REAL ESTATE,FII,FECHADO,QUALIFICADO,TG CORE ASSET LTDA,13.194.316/0001-03,OLIVEIRA TRUST DTVM S.A.,36.113.876/0001-91,2024-12-31
75,32781 - TG REAL ESTATE FII,44.625.562/0001-04,31/05/2024,Fundos de Investimentos Imobiliário,BR0B4QCTF006,XP INVESTIMENTOS CCTVM S.A.,TG CORE ASSET LTDA,1362619998.98,9.5230074,Renda Fixa | Definitiva,22I1290978,VIRGO COMPANHIA DE SECURITIZAÇÃO,22/10/2025,4000.0,4186873.58850444,0.3072664126197001,2024-05-31,44.625.562/0001-04,FUNDO DE INVESTIMENTO IMOBILIARIO TG REAL ESTATE,FUNDO DE INVESTIMENTO IMOBILIARIO TG REAL ESTATE,FII,FECHADO,QUALIFICADO,TG CORE ASSET LTDA,13.194.316/0001-03,OLIVEIRA TRUST DTVM S.A.,36.113.876/0001-91,2024-12-31
76,32781 - TG REAL ESTATE FII,44.625.562/0001-04,31/05/2024,Fundos de Investimentos Imobiliário,BR0B4QCTF006,XP INVESTIMENTOS CCTVM S.A.,TG CORE ASSET LTDA,1362619998.98,9.5230074,Renda Fixa | Definitiva,22J1206765,BARIGUI SECURITIZADORA S.A.,20/10/2031,1161.0,1126541.302359155,0.08267464907328795,2024-05-31,44.625.562/0001-04,FUNDO DE INVESTIMENTO IMOBILIARIO TG REAL ESTATE,FUNDO DE INVESTIMENTO IMOBILIARIO TG REAL ESTATE,FII,FECHADO,QUALIFICADO,TG CORE ASSET LTDA,13.194.316/0001-03,OLIVEIRA TRUST DTVM S.A.,36.113.876/0001-91,2024-12-31
77,32781 - TG REAL ESTATE FII,44.625.562/0001-04,31/05/2024,Fundos de Investimentos Imobiliário,BR0B4QCTF006,XP INVESTIMENTOS CCTVM S.A.,TG CORE ASSET LTDA,1362619998.98,9.5230074,Renda Fixa | Definitiva,22L0344492,VIRGO COMPANHIA DE SECURITIZAÇÃO,20/12/2034,2500.0,2419209.393289788,0.1775410162114681,2024-05-31,44.625.562/0001-04,FUNDO DE INVESTIMENTO IMOBILIARIO TG REAL ESTATE,FUNDO DE INVESTIMENTO IMOBILIARIO TG REAL ESTATE,FII,FECHADO,QUALIFICADO,TG CORE ASSET LTDA,13.194.316/0001-03,OLIVEIRA TRUST DTVM S.A.,36.113.876/0001-91,2024-12-31
78,32781 - TG REAL ESTATE FII,44.625.562/0001-04,31/05/2024,Fundos de Investimentos Imobiliário,BR0B4QCTF006,XP INVESTIMENTOS CCTVM S.A.,TG CORE ASSET LTDA,1362619998.98,9.5230074,Renda Fixa | Definitiva,20F0851404,Forte Securitizadora SA,20/08/2029,782.0,403042.9280211488,0.029578527272669547,2024-05-31,44.625.562/0001-04,FUNDO DE INVESTIMENTO IMOBILIARIO TG REAL ESTATE,FUNDO DE INVESTIMENTO IMOBILIARIO TG REAL ESTATE,FII,FECHADO,QUALIFICADO,TG CORE ASSET LTDA,13.194.316/0001-03,OLIVEIRA TRUST DTVM S.A.,36.113.876/0001-91,2024-12-31
79,32781 - TG REAL ESTATE FII,44.625.562/0001-04,31/05/2024,Fundos de Investimentos Imobiliário,BR0B4QCTF006,XP INVESTIMENTOS CCTVM S.A.,TG CORE ASSET LTDA,1362619998.98,9.5230074,Renda Fixa | Definitiva,20F0851405,Forte Securitizadora SA,20/08/2029,1750.0,979433.8701629684,0.07187872414144306,2024-05-31,44.625.562/0001-04,FUNDO DE INVESTIMENTO IMOBILIARIO TG REAL ESTATE,FUNDO DE INVESTIMENTO IMOBILIARIO TG REAL ESTATE,FII,FECHADO,QUALIFICADO,TG CORE ASSET LTDA,13.194.316/0001-03,OLIVEIRA TRUST DTVM S.A.,36.113.876/0001-91,2024-12-31
80,32781 - TG REAL ESTATE FII,44.625.562/0001-04,31/05/2024,Fundos de Investimentos Imobiliário,BR0B4QCTF006,XP INVESTIMENTOS CCTVM S.A.,TG CORE ASSET LTDA,1362619998.98,9.5230074,Renda Fixa | Definitiva,20F0851406,Forte Securitizadora SA,20/08/2029,2850.0,1476436.034168859,0.10835273482512048,2024-05-31,44.625.562/0001-04,FUNDO DE INVESTIMENTO IMOBILIARIO TG REAL ESTATE,FUNDO DE INVESTIMENTO IMOBILIARIO TG REAL ESTATE,FII,FECHADO,QUALIFICADO,TG CORE ASSET LTDA,13.194.316/0001-03,OLIVEIRA TRUST DTVM S.A.,36.113.876/0001-91,2024-12-31
81,32781 - TG REAL ESTATE FII,44.625.562/0001-04,31/05/2024,Fundos de Investimentos Imobiliário,BR0B4QCTF006,XP INVESTIMENTOS CCTVM S.A.,TG CORE ASSET LTDA,1362619998.98,9.5230074,Renda Fixa | Definitiva,20F0851407,Forte Securitizadora SA,20/08/2029,1500.0,765009.2662355009,0.056142524460829485,2024-05-31,44.625.562/0001-04,FUNDO DE INVESTIMENTO IMOBILIARIO TG REAL ESTATE,FUNDO DE INVESTIMENTO IMOBILIARIO TG REAL ESTATE,FII,FECHADO,QUALIFICADO,TG CORE ASSET LTDA,13.194.316/0001-03,OLIVEIRA TRUST DTVM S.A.,36.113.876/0001-91,2024-12-31
82,32781 - TG REAL ESTATE FII,44.625.562/0001-04,31/05/2024,Fundos de Investimentos Imobiliário,BR0B4QCTF006,XP INVESTIMENTOS CCTVM S.A.,TG CORE ASSET LTDA,1362619998.98,9.5230074,Renda Fixa | Definitiva,20F0851408,Forte Securitizadora SA,20/08/2029,1500.0,767706.7513927874,0.05634048758769579,2024-05-31,44.625.562/0001-04,FUNDO DE INVESTIMENTO IMOBILIARIO TG REAL ESTATE,FUNDO DE INVESTIMENTO IMOBILIARIO TG REAL ESTATE,FII,FECHADO,QUALIFICADO,TG CORE ASSET LTDA,13.194.316/0001-03,OLIVEIRA TRUST DTVM S.A.,36.113.876/0001-91,2024-12-31
83,32781 - TG REAL ESTATE FII,44.625.562/0001-04,31/05/2024,Fundos de Investimentos Imobiliário,BR0B4QCTF006,XP INVESTIMENTOS CCTVM S.A.,TG CORE ASSET LTDA,1362619998.98,9.5230074,Renda Fixa | Definitiva,20F0851409,Forte Securitizadora SA,20/08/2029,1800.0,910644.2991000828,0.06683039290350595,2024-05-31,44.625.562/0001-04,FUNDO DE INVESTIMENTO IMOBILIARIO TG REAL ESTATE,FUNDO DE INVESTIMENTO IMOBILIARIO TG REAL ESTATE,FII,FECHADO,QUALIFICADO,TG CORE ASSET LTDA,13.194.316/0001-03,OLIVEIRA TRUST DTVM S.A.,36.113.876/0001-91,2024-12-31
84,32781 - TG REAL ESTATE FII,44.625.562/0001-04,31/05/2024,Fundos de Investimentos Imobiliário,BR0B4QCTF006,XP INVESTIMENTOS CCTVM S.A.,TG CORE ASSET LTDA,1362619998.98,9.5230074,Renda Fixa | Definitiva,20K0713315,VIRGO COMPANHIA DE SECURITIZAÇÃO,24/11/2025,944.0,5435451.374509196,0.3988970790519694,2024-05-31,44.625.562/0001-04,FUNDO DE INVESTIMENTO IMOBILIARIO TG REAL ESTATE,FUNDO DE INVESTIMENTO IMOBILIARIO TG REAL ESTATE,FII,FECHADO,QUALIFICADO,TG CORE ASSET LTDA,13.194.316/0001-03,OLIVEIRA TRUST DTVM S.A.,36.113.876/0001-91,2024-12-31
85,32781 - TG REAL ESTATE FII,44.625.562/0001-04,31/05/2024,Fundos de Investimentos Imobiliário,BR0B4QCTF006,XP INVESTIMENTOS CCTVM S.A.,TG CORE ASSET LTDA,1362619998.98,9.5230074,Renda Fixa | Definitiva,20K0713315,VIRGO COMPANHIA DE SECURITIZAÇÃO,24/11/2025,166.0,955810.3052632696,0.0701450372061726,2024-05-31,44.625.562/0001-04,FUNDO DE INVESTIMENTO IMOBILIARIO TG REAL ESTATE,FUNDO DE INVESTIMENTO IMOBILIARIO TG REAL ESTATE,FII,FECHADO,QUALIFICADO,TG CORE ASSET LTDA,13.194.316/0001-03,OLIVEIRA TRUST DTVM S.A.,36.113.876/0001-91,2024-12-31
86,32781 - TG REAL ESTATE FII,44.625.562/0001-04,31/05/2024,Fundos de Investimentos Imobiliário,BR0B4QCTF006,XP INVESTIMENTOS CCTVM S.A.,TG CORE ASSET LTDA,1362619998.98,9.5230074,Renda Fixa | Definitiva,21A0607973,VIRGO COMPANHIA DE SECURITIZAÇÃO,20/01/2026,3300.0,3977702.19645051,0.2919157358198214,2024-05-31,44.625.562/0001-04,FUNDO DE INVESTIMENTO IMOBILIARIO TG REAL ESTATE,FUNDO DE INVESTIMENTO IMOBILIARIO TG REAL ESTATE,FII,FECHADO,QUALIFICADO,TG CORE ASSET LTDA,13.194.316/0001-03,OLIVEIRA TRUST DTVM S.A.,36.113.876/0001-91,2024-12-31
87,32781 - TG REAL ESTATE FII,44.625.562/0001-04,31/05/2024,Fundos de Investimentos Imobiliário,BR0B4QCTF006,XP INVESTIMENTOS CCTVM S.A.,TG CORE ASSET LTDA,1362619998.98,9.5230074,Renda Fixa | Definitiva,21C0775913,VIRGO COMPANHIA DE SECURITIZAÇÃO,20/06/2024,6000.0,7274419.82699304,0.5338553545697527,2024-05-31,44.625.562/0001-04,FUNDO DE INVESTIMENTO IMOBILIARIO TG REAL ESTATE,FUNDO DE INVESTIMENTO IMOBILIARIO TG REAL ESTATE,FII,FECHADO,QUALIFICADO,TG CORE ASSET LTDA,13.194.316/0001-03,OLIVEIRA TRUST DTVM S.A.,36.113.876/0001-91,2024-12-31
88,32781 - TG REAL ESTATE FII,44.625.562/0001-04,31/05/2024,Fundos de Investimentos Imobiliário,BR0B4QCTF006,XP INVESTIMENTOS CCTVM S.A.,TG CORE ASSET LTDA,1362619998.98,9.5230074,Renda Fixa | Definitiva,21D0503168,Forte Securitizadora SA,20/04/2028,2500.0,739373.6688732575,0.05426117842294414,2024-05-31,44.625.562/0001-04,FUNDO DE INVESTIMENTO IMOBILIARIO TG REAL ESTATE,FUNDO DE INVESTIMENTO IMOBILIARIO TG REAL ESTATE,FII,FECHADO,QUALIFICADO,TG CORE ASSET LTDA,13.194.316/0001-03,OLIVEIRA TRUST DTVM S.A.,36.113.876/0001-91,2024-12-31
89,32781 - TG REAL ESTATE FII,44.625.562/0001-04,31/05/2024,Fundos de Investimentos Imobiliário,BR0B4QCTF006,XP INVESTIMENTOS CCTVM S.A.,TG CORE ASSET LTDA,1362619998.98,9.5230074,Renda Fixa | Definitiva,21F0930064,VIRGO COMPANHIA DE SECURITIZAÇÃO,20/06/2033,1000.0,745417.625318613,0.054704732491567806,2024-05-31,44.625.562/0001-04,FUNDO DE INVESTIMENTO IMOBILIARIO TG REAL ESTATE,FUNDO DE INVESTIMENTO IMOBILIARIO TG REAL ESTATE,FII,FECHADO,QUALIFICADO,TG CORE ASSET LTDA,13.194.316/0001-03,OLIVEIRA TRUST DTVM S.A.,36.113.876/0001-91,2024-12-31
90,32781 - TG REAL ESTATE FII,44.625.562/0001-04,31/05/2024,Fundos de Investimentos Imobiliário,BR0B4QCTF006,XP INVESTIMENTOS CCTVM S.A.,TG CORE ASSET LTDA,1362619998.98,9.5230074,Renda Fixa | Definitiva,21I0142395,Forte Securitizadora SA,20/05/2028,4000.0,2595393.112890804,0.19047079265192104,2024-05-31,44.625.562/0001-04,FUNDO DE INVESTIMENTO IMOBILIARIO TG REAL ESTATE,FUNDO DE INVESTIMENTO IMOBILIARIO TG REAL ESTATE,FII,FECHADO,QUALIFICADO,TG CORE ASSET LTDA,13.194.316/0001-03,OLIVEIRA TRUST DTVM S.A.,36.113.876/0001-91,2024-12-31
91,32781 - TG REAL ESTATE FII,44.625.562/0001-04,31/05/2024,Fundos de Investimentos Imobiliário,BR0B4QCTF006,XP INVESTIMENTOS CCTVM S.A.,TG CORE ASSET LTDA,1362619998.98,9.5230074,Renda Fixa | Definitiva,21I0142421,Forte Securitizadora SA,20/05/2028,1000.0,649144.530531537,0.04763943953688184,2024-05-31,44.625.562/0001-04,FUNDO DE INVESTIMENTO IMOBILIARIO TG REAL ESTATE,FUNDO DE INVESTIMENTO IMOBILIARIO TG REAL ESTATE,FII,FECHADO,QUALIFICADO,TG CORE ASSET LTDA,13.194.316/0001-03,OLIVEIRA TRUST DTVM S.A.,36.113.876/0001-91,2024-12-31
92,32781 - TG REAL ESTATE FII,44.625.562/0001-04,31/05/2024,Fundos de Investimentos Imobiliário,BR0B4QCTF006,XP INVESTIMENTOS CCTVM S.A.,TG CORE ASSET LTDA,1362619998.98,9.5230074,Renda Fixa | Definitiva,21I0566608,HABITASEC SECURITIZADORA,24/09/2025,3298.0,3711.311280130966,0.0002723658307458497,2024-05-31,44.625.562/0001-04,FUNDO DE INVESTIMENTO IMOBILIARIO TG REAL ESTATE,FUNDO DE INVESTIMENTO IMOBILIARIO TG REAL ESTATE,FII,FECHADO,QUALIFICADO,TG CORE ASSET LTDA,13.194.316/0001-03,OLIVEIRA TRUST DTVM S.A.,36.113.876/0001-91,2024-12-31
93,32781 - TG REAL ESTATE FII,44.625.562/0001-04,31/05/2024,Fundos de Investimentos Imobiliário,BR0B4QCTF006,XP INVESTIMENTOS CCTVM S.A.,TG CORE ASSET LTDA,1362619998.98,9.5230074,Renda Fixa | Definitiva,22F0636862,RB CAPITAL SECURITIZADORA S.A.,24/05/2028,718.0,490021.7969228827,0.035961735281273756,2024-05-31,44.625.562/0001-04,FUNDO DE INVESTIMENTO IMOBILIARIO TG REAL ESTATE,FUNDO DE INVESTIMENTO IMOBILIARIO TG REAL ESTATE,FII,FECHADO,QUALIFICADO,TG CORE ASSET LTDA,13.194.316/0001-03,OLIVEIRA TRUST DTVM S.A.,36.113.876/0001-91,2024-12-31
94,32781 - TG REAL ESTATE FII,44.625.562/0001-04,31/05/2024,Fundos de Investimentos Imobiliário,BR0B4QCTF006,XP INVESTIMENTOS CCTVM S.A.,TG CORE ASSET LTDA,1362619998.98,9.5230074,Renda Fixa | Definitiva,22H1237505,VIRGO COMPANHIA DE SECURITIZAÇÃO,21/07/2027,5000.0,4616259.720783166,0.3387782158076869,2024-05-31,44.625.562/0001-04,FUNDO DE INVESTIMENTO IMOBILIARIO TG REAL ESTATE,FUNDO DE INVESTIMENTO IMOBILIARIO TG REAL ESTATE,FII,FECHADO,QUALIFICADO,TG CORE ASSET LTDA,13.194.316/0001-03,OLIVEIRA TRUST DTVM S.A.,36.113.876/0001-91,2024-12-31
95,32781 - TG REAL ESTATE FII,44.625.562/0001-04,31/05/2024,Fundos de Investimentos Imobiliário,BR0B4QCTF006,XP INVESTIMENTOS CCTVM S.A.,TG CORE ASSET LTDA,1362619998.98,9.5230074,Renda Fixa | Definitiva,22H1237507,VIRGO COMPANHIA DE SECURITIZAÇÃO,21/07/2027,5000.0,4617020.001635361,0.3388340113231472,2024-05-31,44.625.562/0001-04,FUNDO DE INVESTIMENTO IMOBILIARIO TG REAL ESTATE,FUNDO DE INVESTIMENTO IMOBILIARIO TG REAL ESTATE,FII,FECHADO,QUALIFICADO,TG CORE ASSET LTDA,13.194.316/0001-03,OLIVEIRA TRUST DTVM S.A.,36.113.876/0001-91,2024-12-31
96,32781 - TG REAL ESTATE FII,44.625.562/0001-04,31/05/2024,Fundos de Investimentos Imobiliário,BR0B4QCTF006,XP INVESTIMENTOS CCTVM S.A.,TG CORE ASSET LTDA,1362619998.98,9.5230074,Renda Fixa | Definitiva,22H1237510,VIRGO COMPANHIA DE SECURITIZAÇÃO,21/07/2027,1108.0,1025825.62126969,0.07528332345316963,2024-05-31,44.625.562/0001-04,FUNDO DE INVESTIMENTO IMOBILIARIO TG REAL ESTATE,FUNDO DE INVESTIMENTO IMOBILIARIO TG REAL ESTATE,FII,FECHADO,QUALIFICADO,TG CORE ASSET LTDA,13.194.316/0001-03,OLIVEIRA TRUST DTVM S.A.,36.113.876/0001-91,2024-12-31
97,32781 - TG REAL ESTATE FII,44.625.562/0001-04,31/05/2024,Fundos de Investimentos Imobiliário,BR0B4QCTF006,XP INVESTIMENTOS CCTVM S.A.,TG CORE ASSET LTDA,1362619998.98,9.5230074,Renda Fixa | Definitiva,22H1237510,VIRGO COMPANHIA DE SECURITIZAÇÃO,21/07/2027,2192.0,2029431.192981192,0.1489359611997724,2024-05-31,44.625.562/0001-04,FUNDO DE INVESTIMENTO IMOBILIARIO TG REAL ESTATE,FUNDO DE INVESTIMENTO IMOBILIARIO TG REAL ESTATE,FII,FECHADO,QUALIFICADO,TG CORE ASSET LTDA,13.194.316/0001-03,OLIVEIRA TRUST DTVM S.A.,36.113.876/0001-91,2024-12-31
98,32781 - TG REAL ESTATE FII,44.625.562/0001-04,31/05/2024,Fundos de Investimentos Imobiliário,BR0B4QCTF006,XP INVESTIMENTOS CCTVM S.A.,TG CORE ASSET LTDA,1362619998.98,9.5230074,Renda Fixa | Definitiva,22L0344525,VIRGO COMPANHIA DE SECURITIZAÇÃO,20/12/2034,1500.0,1453843.113432723,0.1066946848366389,2024-05-31,44.625.562/0001-04,FUNDO DE INVESTIMENTO IMOBILIARIO TG REAL ESTATE,FUNDO DE INVESTIMENTO IMOBILIARIO TG REAL ESTATE,FII,FECHADO,QUALIFICADO,TG CORE ASSET LTDA,13.194.316/0001-03,OLIVEIRA TRUST DTVM S.A.,36.113.876/0001-91,2024-12-31
99,32781 - TG REAL ESTATE FII,44.625.562/0001-04,31/05/2024,Fundos de Investimentos Imobiliário,BR0B4QCTF006,XP INVESTIMENTOS CCTVM S.A.,TG CORE ASSET LTDA,1362619998.98,9.5230074,Renda Fixa | Definitiva,22L0344525,VIRGO COMPANHIA DE SECURITIZAÇÃO,20/12/2034,2111.0,2046041.874970985,0.15015498646009642,2024-05-31,44.625.562/0001-04,FUNDO DE INVESTIMENTO IMOBILIARIO TG REAL ESTATE,FUNDO DE INVESTIMENTO IMOBILIARIO TG REAL ESTATE,FII,FECHADO,QUALIFICADO,TG CORE ASSET LTDA,13.194.316/0001-03,OLIVEIRA TRUST DTVM S.A.,36.113.876/0001-91,2024-12-31
100,32781 - TG REAL ESTATE FII,44.625.562/0001-04,31/05/2024,Fundos de Investimentos Imobiliário,BR0B4QCTF006,XP INVESTIMENTOS CCTVM S.A.,TG CORE ASSET LTDA,1362619998.98,9.5230074,Renda Fixa | Definitiva,23B0330159,VIRGO COMPANHIA DE SECURITIZAÇÃO,19/02/2035,8000.0,7292361.615106911,0.535172067088819,2024-05-31,44.625.562/0001-04,FUNDO DE INVESTIMENTO IMOBILIARIO TG REAL ESTATE,FUNDO DE INVESTIMENTO IMOBILIARIO TG REAL ESTATE,FII,FECHADO,QUALIFICADO,TG CORE ASSET LTDA,13.194.316/0001-03,OLIVEIRA TRUST DTVM S.A.,36.113.876/0001-91,2024-12-31
101,32781 - TG REAL ESTATE FII,44.625.562/0001-04,31/05/2024,Fundos de Investimentos Imobiliário,BR0B4QCTF006,XP INVESTIMENTOS CCTVM S.A.,TG CORE ASSET LTDA,1362619998.98,9.5230074,Renda Fixa | Definitiva,22D0059915,VIRGO COMPANHIA DE SECURITIZAÇÃO,23/04/2027,3262.0,1862939.223660772,0.13671744323841495,2024-05-31,44.625.562/0001-04,FUNDO DE INVESTIMENTO IMOBILIARIO TG REAL ESTATE,FUNDO DE INVESTIMENTO IMOBILIARIO TG REAL ESTATE,FII,FECHADO,QUALIFICADO,TG CORE ASSET LTDA,13.194.316/0001-03,OLIVEIRA TRUST DTVM S.A.,36.113.876/0001-91,2024-12-31
102,32781 - TG REAL ESTATE FII,44.625.562/0001-04,31/05/2024,Fundos de Investimentos Imobiliário,BR0B4QCTF006,XP INVESTIMENTOS CCTVM S.A.,TG CORE ASSET LTDA,1362619998.98,9.5230074,Renda Fixa | Definitiva,20D0942992,VIRGO COMPANHIA DE SECURITIZAÇÃO,20/04/2030,1198.0,487733.082122092,0.03579377100638391,2024-05-31,44.625.562/0001-04,FUNDO DE INVESTIMENTO IMOBILIARIO TG REAL ESTATE,FUNDO DE INVESTIMENTO IMOBILIARIO TG REAL ESTATE,FII,FECHADO,QUALIFICADO,TG CORE ASSET LTDA,13.194.316/0001-03,OLIVEIRA TRUST DTVM S.A.,36.113.876/0001-91,2024-12-31
103,32781 - TG REAL ESTATE FII,44.625.562/0001-04,31/05/2024,Fundos de Investimentos Imobiliário,BR0B4QCTF006,XP INVESTIMENTOS CCTVM S.A.,TG CORE ASSET LTDA,1362619998.98,9.5230074,Renda Fixa | Definitiva,22J1206765,BARIGUI SECURITIZADORA S.A.,20/10/2031,1677.0,1627226.32562989,0.1194189375503048,2024-05-31,44.625.562/0001-04,FUNDO DE INVESTIMENTO IMOBILIARIO TG REAL ESTATE,FUNDO DE INVESTIMENTO IMOBILIARIO TG REAL ESTATE,FII,FECHADO,QUALIFICADO,TG CORE ASSET LTDA,13.194.316/0001-03,OLIVEIRA TRUST DTVM S.A.,36.113.876/0001-91,2024-12-31
104,32781 - TG REAL ESTATE FII,44.625.562/0001-04,31/05/2024,Fundos de Investimentos Imobiliário,BR0B4QCTF006,XP INVESTIMENTOS CCTVM S.A.,TG CORE ASSET LTDA,1362619998.98,9.5230074,Renda Fixa | Definitiva,22L0344492,VIRGO COMPANHIA DE SECURITIZAÇÃO,20/12/2034,2000.0,1935367.51463183,0.14203281296917444,2024-05-31,44.625.562/0001-04,FUNDO DE INVESTIMENTO IMOBILIARIO TG REAL ESTATE,FUNDO DE INVESTIMENTO IMOBILIARIO TG REAL ESTATE,FII,FECHADO,QUALIFICADO,TG CORE ASSET LTDA,13.194.316/0001-03,OLIVEIRA TRUST DTVM S.A.,36.113.876/0001-91,2024-12-31
105,32781 - TG REAL ESTATE FII,44.625.562/0001-04,31/05/2024,Fundos de Investimentos Imobiliário,BR0B4QCTF006,XP INVESTIMENTOS CCTVM S.A.,TG CORE ASSET LTDA,1362619998.98,9.5230074,Renda Fixa | Definitiva,20F0851404,Forte Securitizadora SA,20/08/2029,3418.0,1761637.759560469,0.12928312815599044,2024-05-31,44.625.562/0001-04,FUNDO DE INVESTIMENTO IMOBILIARIO TG REAL ESTATE,FUNDO DE INVESTIMENTO IMOBILIARIO TG REAL ESTATE,FII,FECHADO,QUALIFICADO,TG CORE ASSET LTDA,13.194.316/0001-03,OLIVEIRA TRUST DTVM S.A.,36.113.876/0001-91,2024-12-31
106,32781 - TG REAL ESTATE FII,44.625.562/0001-04,31/05/2024,Fundos de Investimentos Imobiliário,BR0B4QCTF006,XP INVESTIMENTOS CCTVM S.A.,TG CORE ASSET LTDA,1362619998.98,9.5230074,Renda Fixa | Definitiva,20F0851410,Forte Securitizadora SA,20/08/2029,750.0,418092.2569392803,0.03068296790390913,2024-05-31,44.625.562/0001-04,FUNDO DE INVESTIMENTO IMOBILIARIO TG REAL ESTATE,FUNDO DE INVESTIMENTO IMOBILIARIO TG REAL ESTATE,FII,FECHADO,QUALIFICADO,TG CORE ASSET LTDA,13.194.316/0001-03,OLIVEIRA TRUST DTVM S.A.,36.113.876/0001-91,2024-12-31
107,32781 - TG REAL ESTATE FII,44.625.562/0001-04,31/05/2024,Fundos de Investimentos Imobiliário,BR0B4QCTF006,XP INVESTIMENTOS CCTVM S.A.,TG CORE ASSET LTDA,1362619998.98,9.5230074,Renda Fixa | Definitiva,20K0713315,VIRGO COMPANHIA DE SECURITIZAÇÃO,24/11/2025,344.0,1980715.331388944,0.14536079999351428,2024-05-31,44.625.562/0001-04,FUNDO DE INVESTIMENTO IMOBILIARIO TG REAL ESTATE,FUNDO DE INVESTIMENTO IMOBILIARIO TG REAL ESTATE,FII,FECHADO,QUALIFICADO,TG CORE ASSET LTDA,13.194.316/0001-03,OLIVEIRA TRUST DTVM S.A.,36.113.876/0001-91,2024-12-31
108,32781 - TG REAL ESTATE FII,44.625.562/0001-04,31/05/2024,Fundos de Investimentos Imobiliário,BR0B4QCTF006,XP INVESTIMENTOS CCTVM S.A.,TG CORE ASSET LTDA,1362619998.98,9.5230074,Renda Fixa | Definitiva,21A0796003,Forte Securitizadora SA,20/11/2031,1070.0,754847.2097852963,0.05539675113753968,2024-05-31,44.625.562/0001-04,FUNDO DE INVESTIMENTO IMOBILIARIO TG REAL ESTATE,FUNDO DE INVESTIMENTO IMOBILIARIO TG REAL ESTATE,FII,FECHADO,QUALIFICADO,TG CORE ASSET LTDA,13.194.316/0001-03,OLIVEIRA TRUST DTVM S.A.,36.113.876/0001-91,2024-12-31
109,32781 - TG REAL ESTATE FII,44.625.562/0001-04,31/05/2024,Fundos de Investimentos Imobiliário,BR0B4QCTF006,XP INVESTIMENTOS CCTVM S.A.,TG CORE ASSET LTDA,1362619998.98,9.5230074,Renda Fixa | Definitiva,21B0718276,Forte Securitizadora SA,20/02/2031,9000.0,7272588.723717457,0.5337209735040884,2024-05-31,44.625.562/0001-04,FUNDO DE INVESTIMENTO IMOBILIARIO TG REAL ESTATE,FUNDO DE INVESTIMENTO IMOBILIARIO TG REAL ESTATE,FII,FECHADO,QUALIFICADO,TG CORE ASSET LTDA,13.194.316/0001-03,OLIVEIRA TRUST DTVM S.A.,36.113.876/0001-91,2024-12-31
110,32781 - TG REAL ESTATE FII,44.625.562/0001-04,31/05/2024,Fundos de Investimentos Imobiliário,BR0B4QCTF006,XP INVESTIMENTOS CCTVM S.A.,TG CORE ASSET LTDA,1362619998.98,9.5230074,Renda Fixa | Definitiva,21F0929701,VIRGO COMPANHIA DE SECURITIZAÇÃO,20/06/2033,2891.0,2133319.470528131,0.1565601174300277,2024-05-31,44.625.562/0001-04,FUNDO DE INVESTIMENTO IMOBILIARIO TG REAL ESTATE,FUNDO DE INVESTIMENTO IMOBILIARIO TG REAL ESTATE,FII,FECHADO,QUALIFICADO,TG CORE ASSET LTDA,13.194.316/0001-03,OLIVEIRA TRUST DTVM S.A.,36.113.876/0001-91,2024-12-31
111,32781 - TG REAL ESTATE FII,44.625.562/0001-04,31/05/2024,Fundos de Investimentos Imobiliário,BR0B4QCTF006,XP INVESTIMENTOS CCTVM S.A.,TG CORE ASSET LTDA,1362619998.98,9.5230074,Renda Fixa | Definitiva,22F0636862,RB CAPITAL SECURITIZADORA S.A.,24/05/2028,3924.0,2678057.842793025,0.19653739448985824,2024-05-31,44.625.562/0001-04,FUNDO DE INVESTIMENTO IMOBILIARIO TG REAL ESTATE,FUNDO DE INVESTIMENTO IMOBILIARIO TG REAL ESTATE,FII,FECHADO,QUALIFICADO,TG CORE ASSET LTDA,13.194.316/0001-03,OLIVEIRA TRUST DTVM S.A.,36.113.876/0001-91,2024-12-31
112,32781 - TG REAL ESTATE FII,44.625.562/0001-04,31/05/2024,Fundos de Investimentos Imobiliário,BR0B4QCTF006,XP INVESTIMENTOS CCTVM S.A.,TG CORE ASSET LTDA,1362619998.98,9.5230074,Renda Fixa | Definitiva,22H1237510,VIRGO COMPANHIA DE SECURITIZAÇÃO,21/07/2027,2000.0,1851670.796515686,0.13589047554723757,2024-05-31,44.625.562/0001-04,FUNDO DE INVESTIMENTO IMOBILIARIO TG REAL ESTATE,FUNDO DE INVESTIMENTO IMOBILIARIO TG REAL ESTATE,FII,FECHADO,QUALIFICADO,TG CORE ASSET LTDA,13.194.316/0001-03,OLIVEIRA TRUST DTVM S.A.,36.113.876/0001-91,2024-12-31
113,32781 - TG REAL ESTATE FII,44.625.562/0001-04,31/05/2024,Fundos de Investimentos Imobiliário,BR0B4QCTF006,XP INVESTIMENTOS CCTVM S.A.,TG CORE ASSET LTDA,1362619998.98,9.5230074,Renda Fixa | Definitiva,21C0528435,VIRGO COMPANHIA DE SECURITIZAÇÃO,20/01/2032,2292.0,1219088.717123074,0.08946652170345602,2024-05-31,44.625.562/0001-04,FUNDO DE INVESTIMENTO IMOBILIARIO TG REAL ESTATE,FUNDO DE INVESTIMENTO IMOBILIARIO TG REAL ESTATE,FII,FECHADO,QUALIFICADO,TG CORE ASSET LTDA,13.194.316/0001-03,OLIVEIRA TRUST DTVM S.A.,36.113.876/0001-91,2024-12-31
114,32781 - TG REAL ESTATE FII,44.625.562/0001-04,31/05/2024,Fundos de Investimentos Imobiliário,BR0B4QCTF006,XP INVESTIMENTOS CCTVM S.A.,TG CORE ASSET LTDA,1362619998.98,9.5230074,Renda Fixa | Definitiva,21C0830879,VIRGO COMPANHIA DE SECURITIZAÇÃO,20/01/2032,702.0,484584.2278338632,0.03556268278732167,2024-05-31,44.625.562/0001-04,FUNDO DE INVESTIMENTO IMOBILIARIO TG REAL ESTATE,FUNDO DE INVESTIMENTO IMOBILIARIO TG REAL ESTATE,FII,FECHADO,QUALIFICADO,TG CORE ASSET LTDA,13.194.316/0001-03,OLIVEIRA TRUST DTVM S.A.,36.113.876/0001-91,2024-12-31
115,32781 - TG REAL ESTATE FII,44.625.562/0001-04,31/05/2024,Fundos de Investimentos Imobiliário,BR0B4QCTF006,XP INVESTIMENTOS CCTVM S.A.,TG CORE ASSET LTDA,1362619998.98,9.5230074,Renda Fixa | Definitiva,21C0822821,VIRGO COMPANHIA DE SECURITIZAÇÃO,20/01/2032,500.0,372304.5796194175,0.027322700378543473,2024-05-31,44.625.562/0001-04,FUNDO DE INVESTIMENTO IMOBILIARIO TG REAL ESTATE,FUNDO DE INVESTIMENTO IMOBILIARIO TG REAL ESTATE,FII,FECHADO,QUALIFICADO,TG CORE ASSET LTDA,13.194.316/0001-03,OLIVEIRA TRUST DTVM S.A.,36.113.876/0001-91,2024-12-31
116,32781 - TG REAL ESTATE FII,44.625.562/0001-04,31/05/2024,Fundos de Investimentos Imobiliário,BR0B4QCTF006,XP INVESTIMENTOS CCTVM S.A.,TG CORE ASSET LTDA,1362619998.98,9.5230074,Renda Fixa | Definitiva,21C0822821,VIRGO COMPANHIA DE SECURITIZAÇÃO,20/01/2032,1500.0,1116913.738858253,0.08196810113563045,2024-05-31,44.625.562/0001-04,FUNDO DE INVESTIMENTO IMOBILIARIO TG REAL ESTATE,FUNDO DE INVESTIMENTO IMOBILIARIO TG REAL ESTATE,FII,FECHADO,QUALIFICADO,TG CORE ASSET LTDA,13.194.316/0001-03,OLIVEIRA TRUST DTVM S.A.,36.113.876/0001-91,2024-12-31
117,32781 - TG REAL ESTATE FII,44.625.562/0001-04,31/05/2024,Fundos de Investimentos Imobiliário,BR0B4QCTF006,XP INVESTIMENTOS CCTVM S.A.,TG CORE ASSET LTDA,1362619998.98,9.5230074,Renda Fixa | Definitiva,21C0830878,VIRGO COMPANHIA DE SECURITIZAÇÃO,20/01/2032,1863.0,1302396.254833803,0.09558029794137192,2024-05-31,44.625.562/0001-04,FUNDO DE INVESTIMENTO IMOBILIARIO TG REAL ESTATE,FUNDO DE INVESTIMENTO IMOBILIARIO TG REAL ESTATE,FII,FECHADO,QUALIFICADO,TG CORE ASSET LTDA,13.194.316/0001-03,OLIVEIRA TRUST DTVM S.A.,36.113.876/0001-91,2024-12-31
118,32781 - TG REAL ESTATE FII,44.625.562/0001-04,31/05/2024,Fundos de Investimentos Imobiliário,BR0B4QCTF006,XP INVESTIMENTOS CCTVM S.A.,TG CORE ASSET LTDA,1362619998.98,9.5230074,Renda Fixa | Definitiva,21C0830878,VIRGO COMPANHIA DE SECURITIZAÇÃO,20/01/2032,2200.0,1537988.062605672,0.11286991705368668,2024-05-31,44.625.562/0001-04,FUNDO DE INVESTIMENTO IMOBILIARIO TG REAL ESTATE,FUNDO DE INVESTIMENTO IMOBILIARIO TG REAL ESTATE,FII,FECHADO,QUALIFICADO,TG CORE ASSET LTDA,13.194.316/0001-03,OLIVEIRA TRUST DTVM S.A.,36.113.876/0001-91,2024-12-31
119,32781 - TG REAL ESTATE FII,44.625.562/0001-04,31/05/2024,Fundos de Investimentos Imobiliário,BR0B4QCTF006,XP INVESTIMENTOS CCTVM S.A.,TG CORE ASSET LTDA,1362619998.98,9.5230074,Renda Fixa | Definitiva,21C0834078,VIRGO COMPANHIA DE SECURITIZAÇÃO,20/01/2032,3500.0,2681384.298184438,0.1967815165043526,2024-05-31,44.625.562/0001-04,FUNDO DE INVESTIMENTO IMOBILIARIO TG REAL ESTATE,FUNDO DE INVESTIMENTO IMOBILIARIO TG REAL ESTATE,FII,FECHADO,QUALIFICADO,TG CORE ASSET LTDA,13.194.316/0001-03,OLIVEIRA TRUST DTVM S.A.,36.113.876/0001-91,2024-12-31
120,32781 - TG REAL ESTATE FII,44.625.562/0001-04,31/05/2024,Fundos de Investimentos Imobiliário,BR0B4QCTF006,XP INVESTIMENTOS CCTVM S.A.,TG CORE ASSET LTDA,1362619998.98,9.5230074,Renda Fixa | Definitiva,21A0608492,VIRGO COMPANHIA DE SECURITIZAÇÃO,20/01/2026,1800.0,1932490.473473862,0.14182167258079606,2024-05-31,44.625.562/0001-04,FUNDO DE INVESTIMENTO IMOBILIARIO TG REAL ESTATE,FUNDO DE INVESTIMENTO IMOBILIARIO TG REAL ESTATE,FII,FECHADO,QUALIFICADO,TG CORE ASSET LTDA,13.194.316/0001-03,OLIVEIRA TRUST DTVM S.A.,36.113.876/0001-91,2024-12-31
121,32781 - TG REAL ESTATE FII,44.625.562/0001-04,31/05/2024,Fundos de Investimentos Imobiliário,BR0B4QCTF006,XP INVESTIMENTOS CCTVM S.A.,TG CORE ASSET LTDA,1362619998.98,9.5230074,Renda Fixa | Definitiva,21C0830879,VIRGO COMPANHIA DE SECURITIZAÇÃO,20/01/2032,563.0,388633.7895590669,0.02852106895906282,2024-05-31,44.625.562/0001-04,FUNDO DE INVESTIMENTO IMOBILIARIO TG REAL ESTATE,FUNDO DE INVESTIMENTO IMOBILIARIO TG REAL ESTATE,FII,FECHADO,QUALIFICADO,TG CORE ASSET LTDA,13.194.316/0001-03,OLIVEIRA TRUST DTVM S.A.,36.113.876/0001-91,2024-12-31
122,32781 - TG REAL ESTATE FII,44.625.562/0001-04,31/05/2024,Fundos de Investimentos Imobiliário,BR0B4QCTF006,XP INVESTIMENTOS CCTVM S.A.,TG CORE ASSET LTDA,1362619998.98,9.5230074,Renda Fixa | Definitiva,22L1668403,CANAL COMPANHIA DE SECURITIZACAO,22/12/2027,2000.0,1746971.237236302,0.12820678094729354,2024-05-31,44.625.562/0001-04,FUNDO DE INVESTIMENTO IMOBILIARIO TG REAL ESTATE,FUNDO DE INVESTIMENTO IMOBILIARIO TG REAL ESTATE,FII,FECHADO,QUALIFICADO,TG CORE ASSET LTDA,13.194.316/0001-03,OLIVEIRA TRUST DTVM S.A.,36.113.876/0001-91,2024-12-31
123,32781 - TG REAL ESTATE FII,44.625.562/0001-04,31/05/2024,Fundos de Investimentos Imobiliário,BR0B4QCTF006,XP INVESTIMENTOS CCTVM S.A.,TG CORE ASSET LTDA,1362619998.98,9.5230074,Renda Fixa | Definitiva,23B0330159,VIRGO COMPANHIA DE SECURITIZAÇÃO,19/02/2035,2000.0,1823090.403776728,0.1337930167722048,2024-05-31,44.625.562/0001-04,FUNDO DE INVESTIMENTO IMOBILIARIO TG REAL ESTATE,FUNDO DE INVESTIMENTO IMOBILIARIO TG REAL ESTATE,FII,FECHADO,QUALIFICADO,TG CORE ASSET LTDA,13.194.316/0001-03,OLIVEIRA TRUST DTVM S.A.,36.113.876/0001-91,2024-12-31
124,32781 - TG REAL ESTATE FII,44.625.562/0001-04,31/05/2024,Fundos de Investimentos Imobiliário,BR0B4QCTF006,XP INVESTIMENTOS CCTVM S.A.,TG CORE ASSET LTDA,1362619998.98,9.5230074,Renda Fixa | Definitiva,21C0528814,VIRGO COMPANHIA DE SECURITIZAÇÃO,20/01/2032,571.0,261116.099378365,0.01916279663984277,2024-05-31,44.625.562/0001-04,FUNDO DE INVESTIMENTO IMOBILIARIO TG REAL ESTATE,FUNDO DE INVESTIMENTO IMOBILIARIO TG REAL ESTATE,FII,FECHADO,QUALIFICADO,TG CORE ASSET LTDA,13.194.316/0001-03,OLIVEIRA TRUST DTVM S.A.,36.113.876/0001-91,2024-12-31
125,32781 - TG REAL ESTATE FII,44.625.562/0001-04,31/05/2024,Fundos de Investimentos Imobiliário,BR0B4QCTF006,XP INVESTIMENTOS CCTVM S.A.,TG CORE ASSET LTDA,1362619998.98,9.5230074,Renda Fixa | Definitiva,21C0528814,VIRGO COMPANHIA DE SECURITIZAÇÃO,20/01/2032,429.0,196180.04664329,0.014397267528007966,2024-05-31,44.625.562/0001-04,FUNDO DE INVESTIMENTO IMOBILIARIO TG REAL ESTATE,FUNDO DE INVESTIMENTO IMOBILIARIO TG REAL ESTATE,FII,FECHADO,QUALIFICADO,TG CORE ASSET LTDA,13.194.316/0001-03,OLIVEIRA TRUST DTVM S.A.,36.113.876/0001-91,2024-12-31
126,32781 - TG REAL ESTATE FII,44.625.562/0001-04,31/05/2024,Fundos de Investimentos Imobiliário,BR0B4QCTF006,XP INVESTIMENTOS CCTVM S.A.,TG CORE ASSET LTDA,1362619998.98,9.5230074,Renda Fixa | Definitiva,20D0995555,Forte Securitizadora SA,20/06/2029,1695.0,1569462.659549539,0.11517977577933489,2024-05-31,44.625.562/0001-04,FUNDO DE INVESTIMENTO IMOBILIARIO TG REAL ESTATE,FUNDO DE INVESTIMENTO IMOBILIARIO TG REAL ESTATE,FII,FECHADO,QUALIFICADO,TG CORE ASSET LTDA,13.194.316/0001-03,OLIVEIRA TRUST DTVM S.A.,36.113.876/0001-91,2024-12-31
127,32781 - TG REAL ESTATE FII,44.625.562/0001-04,31/05/2024,Fundos de Investimentos Imobiliário,BR0B4QCTF006,XP INVESTIMENTOS CCTVM S.A.,TG CORE ASSET LTDA,1362619998.98,9.5230074,Renda Fixa | Definitiva,20D0942992,VIRGO COMPANHIA DE SECURITIZAÇÃO,20/04/2030,4469.0,1819431.672791009,0.1335245097057844,2024-05-31,44.625.562/0001-04,FUNDO DE INVESTIMENTO IMOBILIARIO TG REAL ESTATE,FUNDO DE INVESTIMENTO IMOBILIARIO TG REAL ESTATE,FII,FECHADO,QUALIFICADO,TG CORE ASSET LTDA,13.194.316/0001-03,OLIVEIRA TRUST DTVM S.A.,36.113.876/0001-91,2024-12-31
128,32781 - TG REAL ESTATE FII,44.625.562/0001-04,31/05/2024,Fundos de Investimentos Imobiliário,BR0B4QCTF006,XP INVESTIMENTOS CCTVM S.A.,TG CORE ASSET LTDA,1362619998.98,9.5230074,Renda Fixa | Definitiva,20F0851401,Forte Securitizadora SA,20/04/2030,1019.0,519795.7003164904,0.03814678345434439,2024-05-31,44.625.562/0001-04,FUNDO DE INVESTIMENTO IMOBILIARIO TG REAL ESTATE,FUNDO DE INVESTIMENTO IMOBILIARIO TG REAL ESTATE,FII,FECHADO,QUALIFICADO,TG CORE ASSET LTDA,13.194.316/0001-03,OLIVEIRA TRUST DTVM S.A.,36.113.876/0001-91,2024-12-31
129,32781 - TG REAL ESTATE FII,44.625.562/0001-04,31/05/2024,Fundos de Investimentos Imobiliário,BR0B4QCTF006,XP INVESTIMENTOS CCTVM S.A.,TG CORE ASSET LTDA,1362619998.98,9.5230074,Renda Fixa | Definitiva,20F0851402,Forte Securitizadora SA,20/08/2029,3500.0,1823130.300863001,0.13379594474084627,2024-05-31,44.625.562/0001-04,FUNDO DE INVESTIMENTO IMOBILIARIO TG REAL ESTATE,FUNDO DE INVESTIMENTO IMOBILIARIO TG REAL ESTATE,FII,FECHADO,QUALIFICADO,TG CORE ASSET LTDA,13.194.316/0001-03,OLIVEIRA TRUST DTVM S.A.,36.113.876/0001-91,2024-12-31
130,32781 - TG REAL ESTATE FII,44.625.562/0001-04,31/05/2024,Fundos de Investimentos Imobiliário,BR0B4QCTF006,XP INVESTIMENTOS CCTVM S.A.,TG CORE ASSET LTDA,1362619998.98,9.5230074,Renda Fixa | Definitiva,20F0851403,Forte Securitizadora SA,20/08/2029,3500.0,1933740.925229337,0.14191344077415963,2024-05-31,44.625.562/0001-04,FUNDO DE INVESTIMENTO IMOBILIARIO TG REAL ESTATE,FUNDO DE INVESTIMENTO IMOBILIARIO TG REAL ESTATE,FII,FECHADO,QUALIFICADO,TG CORE ASSET LTDA,13.194.316/0001-03,OLIVEIRA TRUST DTVM S.A.,36.113.876/0001-91,2024-12-31
131,32781 - TG REAL ESTATE FII,44.625.562/0001-04,31/05/2024,Fundos de Investimentos Imobiliário,BR0B4QCTF006,XP INVESTIMENTOS CCTVM S.A.,TG CORE ASSET LTDA,1362619998.98,9.5230074,Renda Fixa | Definitiva,19K1139242,Forte Securitizadora SA,20/11/2025,3129.0,3015909.44850933,0.22133165891935488,2024-05-31,44.625.562/0001-04,FUNDO DE INVESTIMENTO IMOBILIARIO TG REAL ESTATE,FUNDO DE INVESTIMENTO IMOBILIARIO TG REAL ESTATE,FII,FECHADO,QUALIFICADO,TG CORE ASSET LTDA,13.194.316/0001-03,OLIVEIRA TRUST DTVM S.A.,36.113.876/0001-91,2024-12-31
132,32781 - TG REAL ESTATE FII,44.625.562/0001-04,31/05/2024,Fundos de Investimentos Imobiliário,BR0B4QCTF006,XP INVESTIMENTOS CCTVM S.A.,TG CORE ASSET LTDA,1362619998.98,9.5230074,Renda Fixa | Definitiva,22D0059915,VIRGO COMPANHIA DE SECURITIZAÇÃO,23/04/2027,4237.0,2419765.0185931,0.1775817924589713,2024-05-31,44.625.562/0001-04,FUNDO DE INVESTIMENTO IMOBILIARIO TG REAL ESTATE,FUNDO DE INVESTIMENTO IMOBILIARIO TG REAL ESTATE,FII,FECHADO,QUALIFICADO,TG CORE ASSET LTDA,13.194.316/0001-03,OLIVEIRA TRUST DTVM S.A.,36.113.876/0001-91,2024-12-31
133,32781 - TG REAL ESTATE FII,44.625.562/0001-04,31/05/2024,Fundos de Investimentos Imobiliário,BR0B4QCTF006,XP INVESTIMENTOS CCTVM S.A.,TG CORE ASSET LTDA,1362619998.98,9.5230074,Renda Fixa | Definitiva,23G1149794,RBCAPITALRES,26/06/2029,3479.0,3348827.935646278,0.2457638914850119,2024-05-31,44.625.562/0001-04,FUNDO DE INVESTIMENTO IMOBILIARIO TG REAL ESTATE,FUNDO DE INVESTIMENTO IMOBILIARIO TG REAL ESTATE,FII,FECHADO,QUALIFICADO,TG CORE ASSET LTDA,13.194.316/0001-03,OLIVEIRA TRUST DTVM S.A.,36.113.876/0001-91,2024-12-31
134,32781 - TG REAL ESTATE FII,44.625.562/0001-04,31/05/2024,Fundos de Investimentos Imobiliário,BR0B4QCTF006,XP INVESTIMENTOS CCTVM S.A.,TG CORE ASSET LTDA,1362619998.98,9.5230074,Renda Fixa | Definitiva,23G1149794,RBCAPITALRES,26/06/2029,5714.0,5500202.019052266,0.40364900142148846,2024-05-31,44.625.562/0001-04,FUNDO DE INVESTIMENTO IMOBILIARIO TG REAL ESTATE,FUNDO DE INVESTIMENTO IMOBILIARIO TG REAL ESTATE,FII,FECHADO,QUALIFICADO,TG CORE ASSET LTDA,13.194.316/0001-03,OLIVEIRA TRUST DTVM S.A.,36.113.876/0001-91,2024-12-31
135,32781 - TG REAL ESTATE FII,44.625.562/0001-04,31/05/2024,Fundos de Investimentos Imobiliário,BR0B4QCTF006,XP INVESTIMENTOS CCTVM S.A.,TG CORE ASSET LTDA,1362619998.98,9.5230074,Renda Fixa | Definitiva,22G0893940,VIRGO COMPANHIA DE SECURITIZAÇÃO,23/06/2027,6549.0,7026980.900730998,0.515696298747347,2024-05-31,44.625.562/0001-04,FUNDO DE INVESTIMENTO IMOBILIARIO TG REAL ESTATE,FUNDO DE INVESTIMENTO IMOBILIARIO TG REAL ESTATE,FII,FECHADO,QUALIFICADO,TG CORE ASSET LTDA,13.194.316/0001-03,OLIVEIRA TRUST DTVM S.A.,36.113.876/0001-91,2024-12-31
136,32781 - TG REAL ESTATE FII,44.625.562/0001-04,31/05/2024,Fundos de Investimentos Imobiliário,BR0B4QCTF006,XP INVESTIMENTOS CCTVM S.A.,TG CORE ASSET LTDA,1362619998.98,9.5230074,Renda Fixa | Definitiva,22I0248848,VIRGO COMPANHIA DE SECURITIZAÇÃO,20/07/2032,3647.0,3710294.626329504,0.27229122052420146,2024-05-31,44.625.562/0001-04,FUNDO DE INVESTIMENTO IMOBILIARIO TG REAL ESTATE,FUNDO DE INVESTIMENTO IMOBILIARIO TG REAL ESTATE,FII,FECHADO,QUALIFICADO,TG CORE ASSET LTDA,13.194.316/0001-03,OLIVEIRA TRUST DTVM S.A.,36.113.876/0001-91,2024-12-31
137,32781 - TG REAL ESTATE FII,44.625.562/0001-04,31/05/2024,Fundos de Investimentos Imobiliário,BR0B4QCTF006,XP INVESTIMENTOS CCTVM S.A.,TG CORE ASSET LTDA,1362619998.98,9.5230074,Renda Fixa | Definitiva,21L0967495,HABITASEC SECURITIZADORA,24/12/2024,4715.0,5047228.099498644,0.37040613694770264,2024-05-31,44.625.562/0001-04,FUNDO DE INVESTIMENTO IMOBILIARIO TG REAL ESTATE,FUNDO DE INVESTIMENTO IMOBILIARIO TG REAL ESTATE,FII,FECHADO,QUALIFICADO,TG CORE ASSET LTDA,13.194.316/0001-03,OLIVEIRA TRUST DTVM S.A.,36.113.876/0001-91,2024-12-31
138,32781 - TG REAL ESTATE FII,44.625.562/0001-04,31/05/2024,Fundos de Investimentos Imobiliário,BR0B4QCTF006,XP INVESTIMENTOS CCTVM S.A.,TG CORE ASSET LTDA,1362619998.98,9.5230074,Renda Fixa | Definitiva,21A0796004,Forte Securitizadora SA,20/11/2031,630.0,444850.1259441662,0.032646675248944115,2024-05-31,44.625.562/0001-04,FUNDO DE INVESTIMENTO IMOBILIARIO TG REAL ESTATE,FUNDO DE INVESTIMENTO IMOBILIARIO TG REAL ESTATE,FII,FECHADO,QUALIFICADO,TG CORE ASSET LTDA,13.194.316/0001-03,OLIVEIRA TRUST DTVM S.A.,36.113.876/0001-91,2024-12-31
139,32781 - TG REAL ESTATE FII,44.625.562/0001-04,31/05/2024,Fundos de Investimentos Imobiliário,BR0B4QCTF006,XP INVESTIMENTOS CCTVM S.A.,TG CORE ASSET LTDA,1362619998.98,9.5230074,Renda Fixa | Definitiva,22I0248848,VIRGO COMPANHIA DE SECURITIZAÇÃO,20/07/2032,1370.0,1393776.703611577,0.10228652923448206,2024-05-31,44.625.562/0001-04,FUNDO DE INVESTIMENTO IMOBILIARIO TG REAL ESTATE,FUNDO DE INVESTIMENTO IMOBILIARIO TG REAL ESTATE,FII,FECHADO,QUALIFICADO,TG CORE ASSET LTDA,13.194.316/0001-03,OLIVEIRA TRUST DTVM S.A.,36.113.876/0001-91,2024-12-31
140,32781 - TG REAL ESTATE FII,44.625.562/0001-04,31/05/2024,Fundos de Investimentos Imobiliário,BR0B4QCTF006,XP INVESTIMENTOS CCTVM S.A.,TG CORE ASSET LTDA,1362619998.98,9.5230074,Renda Fixa | Definitiva,22I0351747,VIRGO COMPANHIA DE SECURITIZAÇÃO,21/01/2026,350.0,352210.3766429955,0.025848026368807543,2024-05-31,44.625.562/0001-04,FUNDO DE INVESTIMENTO IMOBILIARIO TG REAL ESTATE,FUNDO DE INVESTIMENTO IMOBILIARIO TG REAL ESTATE,FII,FECHADO,QUALIFICADO,TG CORE ASSET LTDA,13.194.316/0001-03,OLIVEIRA TRUST DTVM S.A.,36.113.876/0001-91,2024-12-31
141,32781 - TG REAL ESTATE FII,44.625.562/0001-04,31/05/2024,Fundos de Investimentos Imobiliário,BR0B4QCTF006,XP INVESTIMENTOS CCTVM S.A.,TG CORE ASSET LTDA,1362619998.98,9.5230074,Renda Fixa | Definitiva,22G0893940,VIRGO COMPANHIA DE SECURITIZAÇÃO,23/06/2027,467.0,501084.1472959805,0.036773579403727455,2024-05-31,44.625.562/0001-04,FUNDO DE INVESTIMENTO IMOBILIARIO TG REAL ESTATE,FUNDO DE INVESTIMENTO IMOBILIARIO TG REAL ESTATE,FII,FECHADO,QUALIFICADO,TG CORE ASSET LTDA,13.194.316/0001-03,OLIVEIRA TRUST DTVM S.A.,36.113.876/0001-91,2024-12-31
142,32781 - TG REAL ESTATE FII,44.625.562/0001-04,31/05/2024,Fundos de Investimentos Imobiliário,BR0B4QCTF006,XP INVESTIMENTOS CCTVM S.A.,TG CORE ASSET LTDA,1362619998.98,9.5230074,Renda Fixa | Definitiva,20D0942992,VIRGO COMPANHIA DE SECURITIZAÇÃO,20/04/2030,1443.0,587478.1615210172,0.043113866078641046,2024-05-31,44.625.562/0001-04,FUNDO DE INVESTIMENTO IMOBILIARIO TG REAL ESTATE,FUNDO DE INVESTIMENTO IMOBILIARIO TG REAL ESTATE,FII,FECHADO,QUALIFICADO,TG CORE ASSET LTDA,13.194.316/0001-03,OLIVEIRA TRUST DTVM S.A.,36.113.876/0001-91,2024-12-31
143,32781 - TG REAL ESTATE FII,44.625.562/0001-04,31/05/2024,Fundos de Investimentos Imobiliário,BR0B4QCTF006,XP INVESTIMENTOS CCTVM S.A.,TG CORE ASSET LTDA,1362619998.98,9.5230074,Renda Fixa | Definitiva,21A0607944,VIRGO COMPANHIA DE SECURITIZAÇÃO,20/01/2026,3420.0,4930255.907180663,0.3618217779623993,2024-05-31,44.625.562/0001-04,FUNDO DE INVESTIMENTO IMOBILIARIO TG REAL ESTATE,FUNDO DE INVESTIMENTO IMOBILIARIO TG REAL ESTATE,FII,FECHADO,QUALIFICADO,TG CORE ASSET LTDA,13.194.316/0001-03,OLIVEIRA TRUST DTVM S.A.,36.113.876/0001-91,2024-12-31
144,32781 - TG REAL ESTATE FII,44.625.562/0001-04,31/05/2024,Fundos de Investimentos Imobiliário,BR0B4QCTF006,XP INVESTIMENTOS CCTVM S.A.,TG CORE ASSET LTDA,1362619998.98,9.5230074,Renda Fixa | Definitiva,21L0967496,HABITASEC SECURITIZADORA,24/12/2024,1000.0,1054611.62755375,0.07739587180161658,2024-05-31,44.625.562/0001-04,FUNDO DE INVESTIMENTO IMOBILIARIO TG REAL ESTATE,FUNDO DE INVESTIMENTO IMOBILIARIO TG REAL ESTATE,FII,FECHADO,QUALIFICADO,TG CORE ASSET LTDA,13.194.316/0001-03,OLIVEIRA TRUST DTVM S.A.,36.113.876/0001-91,2024-12-31
145,32781 - TG REAL ESTATE FII,44.625.562/0001-04,31/05/2024,Fundos de Investimentos Imobiliário,BR0B4QCTF006,XP INVESTIMENTOS CCTVM S.A.,TG CORE ASSET LTDA,1362619998.98,9.5230074,Renda Fixa | Definitiva,19D1329451,Forte Securitizadora SA,20/11/2026,1250.0,764400.2577962787,0.056097830530043344,2024-05-31,44.625.562/0001-04,FUNDO DE INVESTIMENTO IMOBILIARIO TG REAL ESTATE,FUNDO DE INVESTIMENTO IMOBILIARIO TG REAL ESTATE,FII,FECHADO,QUALIFICADO,TG CORE ASSET LTDA,13.194.316/0001-03,OLIVEIRA TRUST DTVM S.A.,36.113.876/0001-91,2024-12-31
146,32781 - TG REAL ESTATE FII,44.625.562/0001-04,31/05/2024,Fundos de Investimentos Imobiliário,BR0B4QCTF006,XP INVESTIMENTOS CCTVM S.A.,TG CORE ASSET LTDA,1362619998.98,9.5230074,Renda Fixa | Definitiva,21L0967495,HABITASEC SECURITIZADORA,24/12/2024,1785.0,1910774.582737026,0.1402279860979107,2024-05-31,44.625.562/0001-04,FUNDO DE INVESTIMENTO IMOBILIARIO TG REAL ESTATE,FUNDO DE INVESTIMENTO IMOBILIARIO TG REAL ESTATE,FII,FECHADO,QUALIFICADO,TG CORE ASSET LTDA,13.194.316/0001-03,OLIVEIRA TRUST DTVM S.A.,36.113.876/0001-91,2024-12-31
147,32781 - TG REAL ESTATE FII,44.625.562/0001-04,31/05/2024,Fundos de Investimentos Imobiliário,BR0B4QCTF006,XP INVESTIMENTOS CCTVM S.A.,TG CORE ASSET LTDA,1362619998.98,9.5230074,Renda Fixa | Definitiva,23E1081237,TRUE SECURITIZADORA S.A.,20/04/2027,3000.0,2985430.033489011,0.21909483463649285,2024-05-31,44.625.562/0001-04,FUNDO DE INVESTIMENTO IMOBILIARIO TG REAL ESTATE,FUNDO DE INVESTIMENTO IMOBILIARIO TG REAL ESTATE,FII,FECHADO,QUALIFICADO,TG CORE ASSET LTDA,13.194.316/0001-03,OLIVEIRA TRUST DTVM S.A.,36.113.876/0001-91,2024-12-31
148,32781 - TG REAL ESTATE FII,44.625.562/0001-04,31/05/2024,Fundos de Investimentos Imobiliário,BR0B4QCTF006,XP INVESTIMENTOS CCTVM S.A.,TG CORE ASSET LTDA,1362619998.98,9.5230074,Renda Fixa | Definitiva,23E1079719,TRUE SECURITIZADORA S.A.,20/04/2027,590.0,578853.4730063336,0.04248091716249864,2024-05-31,44.625.562/0001-04,FUNDO DE INVESTIMENTO IMOBILIARIO TG REAL ESTATE,FUNDO DE INVESTIMENTO IMOBILIARIO TG REAL ESTATE,FII,FECHADO,QUALIFICADO,TG CORE ASSET LTDA,13.194.316/0001-03,OLIVEIRA TRUST DTVM S.A.,36.113.876/0001-91,2024-12-31
149,32781 - TG REAL ESTATE FII,44.625.562/0001-04,31/05/2024,Fundos de Investimentos Imobiliário,BR0B4QCTF006,XP INVESTIMENTOS CCTVM S.A.,TG CORE ASSET LTDA,1362619998.98,9.5230074,Renda Fixa | Definitiva,21A0796003,Forte Securitizadora SA,20/11/2031,400.0,282185.8728169332,0.020709065845809223,2024-05-31,44.625.562/0001-04,FUNDO DE INVESTIMENTO IMOBILIARIO TG REAL ESTATE,FUNDO DE INVESTIMENTO IMOBILIARIO TG REAL ESTATE,FII,FECHADO,QUALIFICADO,TG CORE ASSET LTDA,13.194.316/0001-03,OLIVEIRA TRUST DTVM S.A.,36.113.876/0001-91,2024-12-31
150,32781 - TG REAL ESTATE FII,44.625.562/0001-04,31/05/2024,Fundos de Investimentos Imobiliário,BR0B4QCTF006,XP INVESTIMENTOS CCTVM S.A.,TG CORE ASSET LTDA,1362619998.98,9.5230074,Renda Fixa | Definitiva,24C2146614,LEVERAGE COMPANHIA SECURITIZADORA,22/05/2028,3000.0,3024897.02420775,0.22199123941172597,2024-05-31,44.625.562/0001-04,FUNDO DE INVESTIMENTO IMOBILIARIO TG REAL ESTATE,FUNDO DE INVESTIMENTO IMOBILIARIO TG REAL ESTATE,FII,FECHADO,QUALIFICADO,TG CORE ASSET LTDA,13.194.316/0001-03,OLIVEIRA TRUST DTVM S.A.,36.113.876/0001-91,2024-12-31
151,32781 - TG REAL ESTATE FII,44.625.562/0001-04,31/05/2024,Fundos de Investimentos Imobiliário,BR0B4QCTF006,XP INVESTIMENTOS CCTVM S.A.,TG CORE ASSET LTDA,1362619998.98,9.5230074,Renda Fixa | Definitiva,24D0770386,VERT COMPANHIA SECURITIZADORA,15/03/2034,2682.0,2686845.735042198,0.19718232060687924,2024-05-31,44.625.562/0001-04,FUNDO DE INVESTIMENTO IMOBILIARIO TG REAL ESTATE,FUNDO DE INVESTIMENTO IMOBILIARIO TG REAL ESTATE,FII,FECHADO,QUALIFICADO,TG CORE ASSET LTDA,13.194.316/0001-03,OLIVEIRA TRUST DTVM S.A.,36.113.876/0001-91,2024-12-31
152,32781 - TG REAL ESTATE FII,44.625.562/0001-04,31/05/2024,Fundos de Investimentos Imobiliário,BR0B4QCTF006,XP INVESTIMENTOS CCTVM S.A.,TG CORE ASSET LTDA,1362619998.98,9.5230074,Renda Fixa | Definitiva,23B0330161,VIRGO COMPANHIA DE SECURITIZAÇÃO,19/02/2035,900.0,884447.5969262583,0.0649078684877896,2024-05-31,44.625.562/0001-04,FUNDO DE INVESTIMENTO IMOBILIARIO TG REAL ESTATE,FUNDO DE INVESTIMENTO IMOBILIARIO TG REAL ESTATE,FII,FECHADO,QUALIFICADO,TG CORE ASSET LTDA,13.194.316/0001-03,OLIVEIRA TRUST DTVM S.A.,36.113.876/0001-91,2024-12-31
153,32781 - TG REAL ESTATE FII,44.625.562/0001-04,31/05/2024,Fundos de Investimentos Imobiliário,BR0B4QCTF006,XP INVESTIMENTOS CCTVM S.A.,TG CORE ASSET LTDA,1362619998.98,9.5230074,Renda Fixa | Definitiva,23B0330162,VIRGO COMPANHIA DE SECURITIZAÇÃO,19/02/2035,1000.0,1001814.1523055,0.07352116900202668,2024-05-31,44.625.562/0001-04,FUNDO DE INVESTIMENTO IMOBILIARIO TG REAL ESTATE,FUNDO DE INVESTIMENTO IMOBILIARIO TG REAL ESTATE,FII,FECHADO,QUALIFICADO,TG CORE ASSET LTDA,13.194.316/0001-03,OLIVEIRA TRUST DTVM S.A.,36.113.876/0001-91,2024-12-31
154,32781 - TG REAL ESTATE FII,44.625.562/0001-04,31/05/2024,Fundos de Investimentos Imobiliário,BR0B4QCTF006,XP INVESTIMENTOS CCTVM S.A.,TG CORE ASSET LTDA,1362619998.98,9.5230074,Renda Fixa | Definitiva,23E1081237,TRUE SECURITIZADORA S.A.,20/04/2027,1882.0,1872859.774342106,0.13744549292862646,2024-05-31,44.625.562/0001-04,FUNDO DE INVESTIMENTO IMOBILIARIO TG REAL ESTATE,FUNDO DE INVESTIMENTO IMOBILIARIO TG REAL ESTATE,FII,FECHADO,QUALIFICADO,TG CORE ASSET LTDA,13.194.316/0001-03,OLIVEIRA TRUST DTVM S.A.,36.113.876/0001-91,2024-12-31
155,32781 - TG REAL ESTATE FII,44.625.562/0001-04,31/05/2024,Fundos de Investimentos Imobiliário,BR0B4QCTF006,XP INVESTIMENTOS CCTVM S.A.,TG CORE ASSET LTDA,1362619998.98,9.5230074,Renda Fixa | Definitiva,22G0893940,VIRGO COMPANHIA DE SECURITIZAÇÃO,23/06/2027,1962.0,2105197.209838788,0.1544962800644824,2024-05-31,44.625.562/0001-04,FUNDO DE INVESTIMENTO IMOBILIARIO TG REAL ESTATE,FUNDO DE INVESTIMENTO IMOBILIARIO TG REAL ESTATE,FII,FECHADO,QUALIFICADO,TG CORE ASSET LTDA,13.194.316/0001-03,OLIVEIRA TRUST DTVM S.A.,36.113.876/0001-91,2024-12-31
156,32781 - TG REAL ESTATE FII,44.625.562/0001-04,31/05/2024,Fundos de Investimentos Imobiliário,BR0B4QCTF006,XP INVESTIMENTOS CCTVM S.A.,TG CORE ASSET LTDA,1362619998.98,9.5230074,Renda Fixa | Definitiva,21D0503168,Forte Securitizadora SA,20/04/2028,2450.0,724586.1954957923,0.05317595485448526,2024-05-31,44.625.562/0001-04,FUNDO DE INVESTIMENTO IMOBILIARIO TG REAL ESTATE,FUNDO DE INVESTIMENTO IMOBILIARIO TG REAL ESTATE,FII,FECHADO,QUALIFICADO,TG CORE ASSET LTDA,13.194.316/0001-03,OLIVEIRA TRUST DTVM S.A.,36.113.876/0001-91,2024-12-31
157,32781 - TG REAL ESTATE FII,44.625.562/0001-04,31/05/2024,Fundos de Investimentos Imobiliário,BR0B4QCTF006,XP INVESTIMENTOS CCTVM S.A.,TG CORE ASSET LTDA,1362619998.98,9.5230074,Renda Fixa | Definitiva,23E1206892,HABITASEC SECURITIZADORA,24/04/2028,600.0,599988.8970134028,0.04403200433448278,2024-05-31,44.625.562/0001-04,FUNDO DE INVESTIMENTO IMOBILIARIO TG REAL ESTATE,FUNDO DE INVESTIMENTO IMOBILIARIO TG REAL ESTATE,FII,FECHADO,QUALIFICADO,TG CORE ASSET LTDA,13.194.316/0001-03,OLIVEIRA TRUST DTVM S.A.,36.113.876/0001-91,2024-12-31
158,32781 - TG REAL ESTATE FII,44.625.562/0001-04,31/05/2024,Fundos de Investimentos Imobiliário,BR0B4QCTF006,XP INVESTIMENTOS CCTVM S.A.,TG CORE ASSET LTDA,1362619998.98,9.5230074,Renda Fixa | Definitiva,22I0351653,VIRGO COMPANHIA DE SECURITIZAÇÃO,21/01/2026,110.0,114127.2950764837,0.008375577575693488,2024-05-31,44.625.562/0001-04,FUNDO DE INVESTIMENTO IMOBILIARIO TG REAL ESTATE,FUNDO DE INVESTIMENTO IMOBILIARIO TG REAL ESTATE,FII,FECHADO,QUALIFICADO,TG CORE ASSET LTDA,13.194.316/0001-03,OLIVEIRA TRUST DTVM S.A.,36.113.876/0001-91,2024-12-31
159,32781 - TG REAL ESTATE FII,44.625.562/0001-04,31/05/2024,Fundos de Investimentos Imobiliário,BR0B4QCTF006,XP INVESTIMENTOS CCTVM S.A.,TG CORE ASSET LTDA,1362619998.98,9.5230074,Renda Fixa | Definitiva,22I0351747,VIRGO COMPANHIA DE SECURITIZAÇÃO,21/01/2026,460.0,462905.0664450798,0.0339716917990042,2024-05-31,44.625.562/0001-04,FUNDO DE INVESTIMENTO IMOBILIARIO TG REAL ESTATE,FUNDO DE INVESTIMENTO IMOBILIARIO TG REAL ESTATE,FII,FECHADO,QUALIFICADO,TG CORE ASSET LTDA,13.194.316/0001-03,OLIVEIRA TRUST DTVM S.A.,36.113.876/0001-91,2024-12-31
160,32781 - TG REAL ESTATE FII,44.625.562/0001-04,31/05/2024,Fundos de Investimentos Imobiliário,BR0B4QCTF006,XP INVESTIMENTOS CCTVM S.A.,TG CORE ASSET LTDA,1362619998.98,9.5230074,Renda Fixa | Definitiva,21L0967448,HABITASEC SECURITIZADORA,24/12/2024,6500.0,7048024.854965315,0.5172406731327274,2024-05-31,44.625.562/0001-04,FUNDO DE INVESTIMENTO IMOBILIARIO TG REAL ESTATE,FUNDO DE INVESTIMENTO IMOBILIARIO TG REAL ESTATE,FII,FECHADO,QUALIFICADO,TG CORE ASSET LTDA,13.194.316/0001-03,OLIVEIRA TRUST DTVM S.A.,36.113.876/0001-91,2024-12-31
161,32781 - TG REAL ESTATE FII,44.625.562/0001-04,31/05/2024,Fundos de Investimentos Imobiliário,BR0B4QCTF006,XP INVESTIMENTOS CCTVM S.A.,TG CORE ASSET LTDA,1362619998.98,9.5230074,Renda Fixa | Definitiva,22I0050260,VIRGO COMPANHIA DE SECURITIZAÇÃO,20/07/2032,7200.0,6577623.973769746,0.48271887824143767,2024-05-31,44.625.562/0001-04,FUNDO DE INVESTIMENTO IMOBILIARIO TG REAL ESTATE,FUNDO DE INVESTIMENTO IMOBILIARIO TG REAL ESTATE,FII,FECHADO,QUALIFICADO,TG CORE ASSET LTDA,13.194.316/0001-03,OLIVEIRA TRUST DTVM S.A.,36.113.876/0001-91,2024-12-31
162,32781 - TG REAL ESTATE FII,44.625.562/0001-04,31/05/2024,Fundos de Investimentos Imobiliário,BR0B4QCTF006,XP INVESTIMENTOS CCTVM S.A.,TG CORE ASSET LTDA,1362619998.98,9.5230074,Renda Fixa | Definitiva,22G0893940,VIRGO COMPANHIA DE SECURITIZAÇÃO,23/06/2027,1800.0,1931373.587008062,0.14173970648117648,2024-05-31,44.625.562/0001-04,FUNDO DE INVESTIMENTO IMOBILIARIO TG REAL ESTATE,FUNDO DE INVESTIMENTO IMOBILIARIO TG REAL ESTATE,FII,FECHADO,QUALIFICADO,TG CORE ASSET LTDA,13.194.316/0001-03,OLIVEIRA TRUST DTVM S.A.,36.113.876/0001-91,2024-12-31
163,32781 - TG REAL ESTATE FII,44.625.562/0001-04,31/05/2024,Fundos de Investimentos Imobiliário,BR0B4QCTF006,XP INVESTIMENTOS CCTVM S.A.,TG CORE ASSET LTDA,1362619998.98,9.5230074,Renda Fixa | Definitiva,23G1149789,RBCAPITALRES,26/06/2029,21545.0,20680127.11752213,1.5176738293142915,2024-05-31,44.625.562/0001-04,FUNDO DE INVESTIMENTO IMOBILIARIO TG REAL ESTATE,FUNDO DE INVESTIMENTO IMOBILIARIO TG REAL ESTATE,FII,FECHADO,QUALIFICADO,TG CORE ASSET LTDA,13.194.316/0001-03,OLIVEIRA TRUST DTVM S.A.,36.113.876/0001-91,2024-12-31
164,32781 - TG REAL ESTATE FII,44.625.562/0001-04,31/05/2024,Fundos de Investimentos Imobiliário,BR0B4QCTF006,XP INVESTIMENTOS CCTVM S.A.,TG CORE ASSET LTDA,1362619998.98,9.5230074,Renda Fixa | Definitiva,24D0770386,VERT COMPANHIA SECURITIZADORA,15/03/2034,20446.0,20482941.05095927,1.5032027319642995,2024-05-31,44.625.562/0001-04,FUNDO DE INVESTIMENTO IMOBILIARIO TG REAL ESTATE,FUNDO DE INVESTIMENTO IMOBILIARIO TG REAL ESTATE,FII,FECHADO,QUALIFICADO,TG CORE ASSET LTDA,13.194.316/0001-03,OLIVEIRA TRUST DTVM S.A.,36.113.876/0001-91,2024-12-31
165,32781 - TG REAL ESTATE FII,44.625.562/0001-04,31/05/2024,Fundos de Investimentos Imobiliário,BR0B4QCTF006,XP INVESTIMENTOS CCTVM S.A.,TG CORE ASSET LTDA,1362619998.98,9.5230074,Renda Fixa | Definitiva,21L0967496,HABITASEC SECURITIZADORA,24/12/2024,1407.0,1483838.559968126,0.10889599162487452,2024-05-31,44.625.562/0001-04,FUNDO DE INVESTIMENTO IMOBILIARIO TG REAL ESTATE,FUNDO DE INVESTIMENTO IMOBILIARIO TG REAL ESTATE,FII,FECHADO,QUALIFICADO,TG CORE ASSET LTDA,13.194.316/0001-03,OLIVEIRA TRUST DTVM S.A.,36.113.876/0001-91,2024-12-31
166,32781 - TG REAL ESTATE FII,44.625.562/0001-04,31/05/2024,Fundos de Investimentos Imobiliário,BR0B4QCTF006,XP INVESTIMENTOS CCTVM S.A.,TG CORE ASSET LTDA,1362619998.98,9.5230074,Renda Fixa | Definitiva,22I0248848,VIRGO COMPANHIA DE SECURITIZAÇÃO,20/07/2032,3353.0,3411192.180444976,0.250340680673882,2024-05-31,44.625.562/0001-04,FUNDO DE INVESTIMENTO IMOBILIARIO TG REAL ESTATE,FUNDO DE INVESTIMENTO IMOBILIARIO TG REAL ESTATE,FII,FECHADO,QUALIFICADO,TG CORE ASSET LTDA,13.194.316/0001-03,OLIVEIRA TRUST DTVM S.A.,36.113.876/0001-91,2024-12-31
167,32781 - TG REAL ESTATE FII,44.625.562/0001-04,31/05/2024,Fundos de Investimentos Imobiliário,BR0B4QCTF006,XP INVESTIMENTOS CCTVM S.A.,TG CORE ASSET LTDA,1362619998.98,9.5230074,Renda Fixa | Definitiva,24D0770386,VERT COMPANHIA SECURITIZADORA,15/03/2034,9821.0,9838744.207251836,0.7220460740791054,2024-05-31,44.625.562/0001-04,FUNDO DE INVESTIMENTO IMOBILIARIO TG REAL ESTATE,FUNDO DE INVESTIMENTO IMOBILIARIO TG REAL ESTATE,FII,FECHADO,QUALIFICADO,TG CORE ASSET LTDA,13.194.316/0001-03,OLIVEIRA TRUST DTVM S.A.,36.113.876/0001-91,2024-12-31
1007,22691 - XP SELECTION FII,30.983.020/0001-90,31/05/2024,Fundos de Investimentos Imobiliário,-,XP INVESTIMENTOS CCTVM S.A.,XP VISTA ASSET MANAGEMENT LTDA.,365918672.24,8.45036001,Cotas de fundos,OT SOBERANO FIRF REF DI LP,OLIVEIRA TRUST,2099-12-01 00:00:00,9780.1439902,25656120.05,7.0114268542088976,2024-05-31,30.983.020/0001-90,XP SELECTION FUNDO DE FUNDOS DE INVESTIMENTO IMOBILIÁRIO - FII,XP SELECTION FUNDO DE FUNDOS DE INVESTIMENTO IMOBILIÁRIO - FII,FII,FECHADO,GERAL,XP VISTA ASSET MANAGMENT LTDA.,16.789.525/0001-98,OLIVEIRA TRUST DTVM S.A.,36.113.876/0001-91,2024-12-31
1044,32781 - TG REAL ESTATE FII,44.625.562/0001-04,31/05/2024,Fundos de Investimentos Imobiliário,BR0B4QCTF006,XP INVESTIMENTOS CCTVM S.A.,TG CORE ASSET LTDA,1362619998.98,9.5230074,Cotas de fundos,BLUE FII,XP - 02220030-7,2099-12-01 00:00:00,200000.0,19839131.71,1.455954831490125,2024-05-31,44.625.562/0001-04,FUNDO DE INVESTIMENTO IMOBILIARIO TG REAL ESTATE,FUNDO DE INVESTIMENTO IMOBILIARIO TG REAL ESTATE,FII,FECHADO,QUALIFICADO,TG CORE ASSET LTDA,13.194.316/0001-03,OLIVEIRA TRUST DTVM S.A.,36.113.876/0001-91,2024-12-31
1045,32781 - TG REAL ESTATE FII,44.625.562/0001-04,31/05/2024,Fundos de Investimentos Imobiliário,BR0B4QCTF006,XP INVESTIMENTOS CCTVM S.A.,TG CORE ASSET LTDA,1362619998.98,9.5230074,Cotas de fundos,TREND PE XXII FIC RF,XP - 02220030-7,2099-12-01 00:00:00,304471.45381054,321185.04,0.02357113797246669,2024-05-31,44.625.562/0001-04,FUNDO DE INVESTIMENTO IMOBILIARIO TG REAL ESTATE,FUNDO DE INVESTIMENTO IMOBILIARIO TG REAL ESTATE,FII,FECHADO,QUALIFICADO,TG CORE ASSET LTDA,13.194.316/0001-03,OLIVEIRA TRUST DTVM S.A.,36.113.876/0001-91,2024-12-31
1046,32781 - TG REAL ESTATE FII,44.625.562/0001-04,31/05/2024,Fundos de Investimentos Imobiliário,BR0B4QCTF006,XP INVESTIMENTOS CCTVM S.A.,TG CORE ASSET LTDA,1362619998.98,9.5230074,Cotas de fundos,FUNDO DE INVESTIMENTO IMOBILIÁRIO XP GRUPO CARNAÚBA,XP - 02220030-7,2099-12-01 00:00:00,4655.0,4364021.36,0.32026693893137653,2024-05-31,44.625.562/0001-04,FUNDO DE INVESTIMENTO IMOBILIARIO TG REAL ESTATE,FUNDO DE INVESTIMENTO IMOBILIARIO TG REAL ESTATE,FII,FECHADO,QUALIFICADO,TG CORE ASSET LTDA,13.194.316/0001-03,OLIVEIRA TRUST DTVM S.A.,36.113.876/0001-91,2024-12-31
1047,32781 - TG REAL ESTATE FII,44.625.562/0001-04,31/05/2024,Fundos de Investimentos Imobiliário,BR0B4QCTF006,XP INVESTIMENTOS CCTVM S.A.,TG CORE ASSET LTDA,1362619998.98,9.5230074,Cotas de fundos,SAFRA CAPITAL MARKET PREMIUM FIC FI RF REFERENCIADO DI CP,OLIVEIRA TRUST,2099-12-01 00:00:00,837538.81763265,233000000.0,17.099411440784223,2024-05-31,44.625.562/0001-04,FUNDO DE INVESTIMENTO IMOBILIARIO TG REAL ESTATE,FUNDO DE INVESTIMENTO IMOBILIARIO TG REAL ESTATE,FII,FECHADO,QUALIFICADO,TG CORE ASSET LTDA,13.194.316/0001-03,OLIVEIRA TRUST DTVM S.A.,36.113.876/0001-91,2024-12-31
1048,32781 - TG REAL ESTATE FII,44.625.562/0001-04,31/05/2024,Fundos de Investimentos Imobiliário,BR0B4QCTF006,XP INVESTIMENTOS CCTVM S.A.,TG CORE ASSET LTDA,1362619998.98,9.5230074,Cotas de fundos,OT SOBERANO FIRF REF DI LP,OLIVEIRA TRUST,2099-12-01 00:00:00,30349.57457967,79615630.37,5.842834424094532,2024-05-31,44.625.562/0001-04,FUNDO DE INVESTIMENTO IMOBILIARIO TG REAL ESTATE,FUNDO DE INVESTIMENTO IMOBILIARIO TG REAL ESTATE,FII,FECHADO,QUALIFICADO,TG CORE ASSET LTDA,13.194.316/0001-03,OLIVEIRA TRUST DTVM S.A.,36.113.876/0001-91,2024-12-31
1642,22691 - XP SELECTION FII,30.983.020/0001-90,31/05/2024,Fundos de Investimentos Imobiliário,-,XP INVESTIMENTOS CCTVM S.A.,XP VISTA ASSET MANAGEMENT LTDA.,365918672.24,8.45036001,Renda Variável,VINO11,FII VINCI OFCI,2099-12-01 00:00:00,1010325.0,7941154.5,2.1701965771212484,2024-05-31,30.983.020/0001-90,XP SELECTION FUNDO DE FUNDOS DE INVESTIMENTO IMOBILIÁRIO - FII,XP SELECTION FUNDO DE FUNDOS DE INVESTIMENTO IMOBILIÁRIO - FII,FII,FECHADO,GERAL,XP VISTA ASSET MANAGMENT LTDA.,16.789.525/0001-98,OLIVEIRA TRUST DTVM S.A.,36.113.876/0001-91,2024-12-31
1643,22691 - XP SELECTION FII,30.983.020/0001-90,31/05/2024,Fundos de Investimentos Imobiliário,-,XP INVESTIMENTOS CCTVM S.A.,XP VISTA ASSET MANAGEMENT LTDA.,365918672.24,8.45036001,Renda Variável,VILG11,FII VINCI LGCI,2099-12-01 00:00:00,97580.0,8645588.0,2.362707523799032,2024-05-31,30.983.020/0001-90,XP SELECTION FUNDO DE FUNDOS DE INVESTIMENTO IMOBILIÁRIO - FII,XP SELECTION FUNDO DE FUNDOS DE INVESTIMENTO IMOBILIÁRIO - FII,FII,FECHADO,GERAL,XP VISTA ASSET MANAGMENT LTDA.,16.789.525/0001-98,OLIVEIRA TRUST DTVM S.A.,36.113.876/0001-91,2024-12-31
1644,22691 - XP SELECTION FII,30.983.020/0001-90,31/05/2024,Fundos de Investimentos Imobiliário,-,XP INVESTIMENTOS CCTVM S.A.,XP VISTA ASSET MANAGEMENT LTDA.,365918672.24,8.45036001,Renda Variável,TGAR11,FII TG ATIVOCI,2099-12-01 00:00:00,171020.0,21519446.6,5.880937003915928,2024-05-31,30.983.020/0001-90,XP SELECTION FUNDO DE FUNDOS DE INVESTIMENTO IMOBILIÁRIO - FII,XP SELECTION FUNDO DE FUNDOS DE INVESTIMENTO IMOBILIÁRIO - FII,FII,FECHADO,GERAL,XP VISTA ASSET MANAGMENT LTDA.,16.789.525/0001-98,OLIVEIRA TRUST DTVM S.A.,36.113.876/0001-91,2024-12-31
1645,22691 - XP SELECTION FII,30.983.020/0001-90,31/05/2024,Fundos de Investimentos Imobiliário,-,XP INVESTIMENTOS CCTVM S.A.,XP VISTA ASSET MANAGEMENT LTDA.,365918672.24,8.45036001,Renda Variável,JSRE11,FII JS REAL CI,2099-12-01 00:00:00,15718.0,1093501.26,0.2988372397904829,2024-05-31,30.983.020/0001-90,XP SELECTION FUNDO DE FUNDOS DE INVESTIMENTO IMOBILIÁRIO - FII,XP SELECTION FUNDO DE FUNDOS DE INVESTIMENTO IMOBILIÁRIO - FII,FII,FECHADO,GERAL,XP VISTA ASSET MANAGMENT LTDA.,16.789.525/0001-98,OLIVEIRA TRUST DTVM S.A.,36.113.876/0001-91,2024-12-31
1646,22691 - XP SELECTION FII,30.983.020/0001-90,31/05/2024,Fundos de Investimentos Imobiliário,-,XP INVESTIMENTOS CCTVM S.A.,XP VISTA ASSET MANAGEMENT LTDA.,365918672.24,8.45036001,Renda Variável,HGRE11,FII HG REAL CI,2099-12-01 00:00:00,36062.0,4258922.2,1.163898571758766,2024-05-31,30.983.020/0001-90,XP SELECTION FUNDO DE FUNDOS DE INVESTIMENTO IMOBILIÁRIO - FII,XP SELECTION FUNDO DE FUNDOS DE INVESTIMENTO IMOBILIÁRIO - FII,FII,FECHADO,GERAL,XP VISTA ASSET MANAGMENT LTDA.,16.789.525/0001-98,OLIVEIRA TRUST DTVM S.A.,36.113.876/0001-91,2024-12-31
1647,22691 - XP SELECTION FII,30.983.020/0001-90,31/05/2024,Fundos de Investimentos Imobiliário,-,XP INVESTIMENTOS CCTVM S.A.,XP VISTA ASSET MANAGEMENT LTDA.,365918672.24,8.45036001,Renda Variável,LPLP11,FII LAGO PDRCI,2099-12-01 00:00:00,11300.0,4945332.0,1.351483915736456,2024-05-31,30.983.020/0001-90,XP SELECTION FUNDO DE FUNDOS DE INVESTIMENTO IMOBILIÁRIO - FII,XP SELECTION FUNDO DE FUNDOS DE INVESTIMENTO IMOBILIÁRIO - FII,FII,FECHADO,GERAL,XP VISTA ASSET MANAGMENT LTDA.,16.789.525/0001-98,OLIVEIRA TRUST DTVM S.A.,36.113.876/0001-91,2024-12-31
1648,22691 - XP SELECTION FII,30.983.020/0001-90,31/05/2024,Fundos de Investimentos Imobiliário,-,XP INVESTIMENTOS CCTVM S.A.,XP VISTA ASSET MANAGEMENT LTDA.,365918672.24,8.45036001,Renda Variável,HSML11,FII HSI MALLCI,2099-12-01 00:00:00,134156.0,12979593.0,3.547125081249448,2024-05-31,30.983.020/0001-90,XP SELECTION FUNDO DE FUNDOS DE INVESTIMENTO IMOBILIÁRIO - FII,XP SELECTION FUNDO DE FUNDOS DE INVESTIMENTO IMOBILIÁRIO - FII,FII,FECHADO,GERAL,XP VISTA ASSET MANAGMENT LTDA.,16.789.525/0001-98,OLIVEIRA TRUST DTVM S.A.,36.113.876/0001-91,2024-12-31
1649,22691 - XP SELECTION FII,30.983.020/0001-90,31/05/2024,Fundos de Investimentos Imobiliário,-,XP INVESTIMENTOS CCTVM S.A.,XP VISTA ASSET MANAGEMENT LTDA.,365918672.24,8.45036001,Renda Variável,PATL11,FII PATR LOGCI,2099-12-01 00:00:00,43014.0,2688375.0,0.7346919422129787,2024-05-31,30.983.020/0001-90,XP SELECTION FUNDO DE FUNDOS DE INVESTIMENTO IMOBILIÁRIO - FII,XP SELECTION FUNDO DE FUNDOS DE INVESTIMENTO IMOBILIÁRIO - FII,FII,FECHADO,GERAL,XP VISTA ASSET MANAGMENT LTDA.,16.789.525/0001-98,OLIVEIRA TRUST DTVM S.A.,36.113.876/0001-91,2024-12-31
1650,22691 - XP SELECTION FII,30.983.020/0001-90,31/05/2024,Fundos de Investimentos Imobiliário,-,XP INVESTIMENTOS CCTVM S.A.,XP VISTA ASSET MANAGEMENT LTDA.,365918672.24,8.45036001,Renda Variável,ALZR11,FII ALIANZA CI  ER,2099-12-01 00:00:00,1670.0,183683.3,0.05019784830207439,2024-05-31,30.983.020/0001-90,XP SELECTION FUNDO DE FUNDOS DE INVESTIMENTO IMOBILIÁRIO - FII,XP SELECTION FUNDO DE FUNDOS DE INVESTIMENTO IMOBILIÁRIO - FII,FII,FECHADO,GERAL,XP VISTA ASSET MANAGMENT LTDA.,16.789.525/0001-98,OLIVEIRA TRUST DTVM S.A.,36.113.876/0001-91,2024-12-31
1651,22691 - XP SELECTION FII,30.983.020/0001-90,31/05/2024,Fundos de Investimentos Imobiliário,-,XP INVESTIMENTOS CCTVM S.A.,XP VISTA ASSET MANAGEMENT LTDA.,365918672.24,8.45036001,Renda Variável,BTLG11,FII BTLG    CI  ER,2099-12-01 00:00:00,161458.0,16291112.2,4.452112842526639,2024-05-31,30.983.020/0001-90,XP SELECTION FUNDO DE FUNDOS DE INVESTIMENTO IMOBILIÁRIO - FII,XP SELECTION FUNDO DE FUNDOS DE INVESTIMENTO IMOBILIÁRIO - FII,FII,FECHADO,GERAL,XP VISTA ASSET MANAGMENT LTDA.,16.789.525/0001-98,OLIVEIRA TRUST DTVM S.A.,36.113.876/0001-91,2024-12-31
1652,22691 - XP SELECTION FII,30.983.020/0001-90,31/05/2024,Fundos de Investimentos Imobiliário,-,XP INVESTIMENTOS CCTVM S.A.,XP VISTA ASSET MANAGEMENT LTDA.,365918672.24,8.45036001,Renda Variável,VVMR11,FII MULT RENCI,2099-12-01 00:00:00,207115.0,18640350.0,5.094123753207681,2024-05-31,30.983.020/0001-90,XP SELECTION FUNDO DE FUNDOS DE INVESTIMENTO IMOBILIÁRIO - FII,XP SELECTION FUNDO DE FUNDOS DE INVESTIMENTO IMOBILIÁRIO - FII,FII,FECHADO,GERAL,XP VISTA ASSET MANAGMENT LTDA.,16.789.525/0001-98,OLIVEIRA TRUST DTVM S.A.,36.113.876/0001-91,2024-12-31
1653,22691 - XP SELECTION FII,30.983.020/0001-90,31/05/2024,Fundos de Investimentos Imobiliário,-,XP INVESTIMENTOS CCTVM S.A.,XP VISTA ASSET MANAGEMENT LTDA.,365918672.24,8.45036001,Renda Variável,RBED11,FII RIOB ED CI,2099-12-01 00:00:00,61152.0,8637720.0,2.3605573192325813,2024-05-31,30.983.020/0001-90,XP SELECTION FUNDO DE FUNDOS DE INVESTIMENTO IMOBILIÁRIO - FII,XP SELECTION FUNDO DE FUNDOS DE INVESTIMENTO IMOBILIÁRIO - FII,FII,FECHADO,GERAL,XP VISTA ASSET MANAGMENT LTDA.,16.789.525/0001-98,OLIVEIRA TRUST DTVM S.A.,36.113.876/0001-91,2024-12-31
1654,22691 - XP SELECTION FII,30.983.020/0001-90,31/05/2024,Fundos de Investimentos Imobiliário,-,XP INVESTIMENTOS CCTVM S.A.,XP VISTA ASSET MANAGEMENT LTDA.,365918672.24,8.45036001,Renda Variável,CPTS11,FII CAPI SECCI,2099-12-01 00:00:00,2768150.0,23224778.5,6.3469782391337635,2024-05-31,30.983.020/0001-90,XP SELECTION FUNDO DE FUNDOS DE INVESTIMENTO IMOBILIÁRIO - FII,XP SELECTION FUNDO DE FUNDOS DE INVESTIMENTO IMOBILIÁRIO - FII,FII,FECHADO,GERAL,XP VISTA ASSET MANAGMENT LTDA.,16.789.525/0001-98,OLIVEIRA TRUST DTVM S.A.,36.113.876/0001-91,2024-12-31
1655,22691 - XP SELECTION FII,30.983.020/0001-90,31/05/2024,Fundos de Investimentos Imobiliário,-,XP INVESTIMENTOS CCTVM S.A.,XP VISTA ASSET MANAGEMENT LTDA.,365918672.24,8.45036001,Renda Variável,AIEC11,FII AUTONOMYCI,2099-12-01 00:00:00,78696.0,4347954.0,1.1882296067002147,2024-05-31,30.983.020/0001-90,XP SELECTION FUNDO DE FUNDOS DE INVESTIMENTO IMOBILIÁRIO - FII,XP SELECTION FUNDO DE FUNDOS DE INVESTIMENTO IMOBILIÁRIO - FII,FII,FECHADO,GERAL,XP VISTA ASSET MANAGMENT LTDA.,16.789.525/0001-98,OLIVEIRA TRUST DTVM S.A.,36.113.876/0001-91,2024-12-31
1656,22691 - XP SELECTION FII,30.983.020/0001-90,31/05/2024,Fundos de Investimentos Imobiliário,-,XP INVESTIMENTOS CCTVM S.A.,XP VISTA ASSET MANAGEMENT LTDA.,365918672.24,8.45036001,Renda Variável,HGBS11,FII HEDGEBS CI,2099-12-01 00:00:00,33929.0,7413486.5,2.0259929493670703,2024-05-31,30.983.020/0001-90,XP SELECTION FUNDO DE FUNDOS DE INVESTIMENTO IMOBILIÁRIO - FII,XP SELECTION FUNDO DE FUNDOS DE INVESTIMENTO IMOBILIÁRIO - FII,FII,FECHADO,GERAL,XP VISTA ASSET MANAGMENT LTDA.,16.789.525/0001-98,OLIVEIRA TRUST DTVM S.A.,36.113.876/0001-91,2024-12-31
1657,22691 - XP SELECTION FII,30.983.020/0001-90,31/05/2024,Fundos de Investimentos Imobiliário,-,XP INVESTIMENTOS CCTVM S.A.,XP VISTA ASSET MANAGEMENT LTDA.,365918672.24,8.45036001,Renda Variável,XPCI11,FII XP CRED CI,2099-12-01 00:00:00,101406.0,9044401.14,2.471697080838752,2024-05-31,30.983.020/0001-90,XP SELECTION FUNDO DE FUNDOS DE INVESTIMENTO IMOBILIÁRIO - FII,XP SELECTION FUNDO DE FUNDOS DE INVESTIMENTO IMOBILIÁRIO - FII,FII,FECHADO,GERAL,XP VISTA ASSET MANAGMENT LTDA.,16.789.525/0001-98,OLIVEIRA TRUST DTVM S.A.,36.113.876/0001-91,2024-12-31
1658,22691 - XP SELECTION FII,30.983.020/0001-90,31/05/2024,Fundos de Investimentos Imobiliário,-,XP INVESTIMENTOS CCTVM S.A.,XP VISTA ASSET MANAGEMENT LTDA.,365918672.24,8.45036001,Renda Variável,BRCO11,FII BRESCO  CI,2099-12-01 00:00:00,14979.0,1742806.65,0.4762825136337732,2024-05-31,30.983.020/0001-90,XP SELECTION FUNDO DE FUNDOS DE INVESTIMENTO IMOBILIÁRIO - FII,XP SELECTION FUNDO DE FUNDOS DE INVESTIMENTO IMOBILIÁRIO - FII,FII,FECHADO,GERAL,XP VISTA ASSET MANAGMENT LTDA.,16.789.525/0001-98,OLIVEIRA TRUST DTVM S.A.,36.113.876/0001-91,2024-12-31
1659,22691 - XP SELECTION FII,30.983.020/0001-90,31/05/2024,Fundos de Investimentos Imobiliário,-,XP INVESTIMENTOS CCTVM S.A.,XP VISTA ASSET MANAGEMENT LTDA.,365918672.24,8.45036001,Renda Variável,RBRP11,FII RBR PROPCI,2099-12-01 00:00:00,141429.0,8723340.72,2.3839561579624737,2024-05-31,30.983.020/0001-90,XP SELECTION FUNDO DE FUNDOS DE INVESTIMENTO IMOBILIÁRIO - FII,XP SELECTION FUNDO DE FUNDOS DE INVESTIMENTO IMOBILIÁRIO - FII,FII,FECHADO,GERAL,XP VISTA ASSET MANAGMENT LTDA.,16.789.525/0001-98,OLIVEIRA TRUST DTVM S.A.,36.113.876/0001-91,2024-12-31
1660,22691 - XP SELECTION FII,30.983.020/0001-90,31/05/2024,Fundos de Investimentos Imobiliário,-,XP INVESTIMENTOS CCTVM S.A.,XP VISTA ASSET MANAGEMENT LTDA.,365918672.24,8.45036001,Renda Variável,XPML11,FII XP MALLSCI  ER,2099-12-01 00:00:00,149023.0,16969249.01,4.637437304339078,2024-05-31,30.983.020/0001-90,XP SELECTION FUNDO DE FUNDOS DE INVESTIMENTO IMOBILIÁRIO - FII,XP SELECTION FUNDO DE FUNDOS DE INVESTIMENTO IMOBILIÁRIO - FII,FII,FECHADO,GERAL,XP VISTA ASSET MANAGMENT LTDA.,16.789.525/0001-98,OLIVEIRA TRUST DTVM S.A.,36.113.876/0001-91,2024-12-31
1661,22691 - XP SELECTION FII,30.983.020/0001-90,31/05/2024,Fundos de Investimentos Imobiliário,-,XP INVESTIMENTOS CCTVM S.A.,XP VISTA ASSET MANAGEMENT LTDA.,365918672.24,8.45036001,Renda Variável,PVBI11,FII VBI PRI CI,2099-12-01 00:00:00,81841.0,7828910.06,2.1395218812078403,2024-05-31,30.983.020/0001-90,XP SELECTION FUNDO DE FUNDOS DE INVESTIMENTO IMOBILIÁRIO - FII,XP SELECTION FUNDO DE FUNDOS DE INVESTIMENTO IMOBILIÁRIO - FII,FII,FECHADO,GERAL,XP VISTA ASSET MANAGMENT LTDA.,16.789.525/0001-98,OLIVEIRA TRUST DTVM S.A.,36.113.876/0001-91,2024-12-31
1662,22691 - XP SELECTION FII,30.983.020/0001-90,31/05/2024,Fundos de Investimentos Imobiliário,-,XP INVESTIMENTOS CCTVM S.A.,XP VISTA ASSET MANAGEMENT LTDA.,365918672.24,8.45036001,Renda Variável,CBOP11,FII C BRANCOCI,2099-12-01 00:00:00,59750.0,1690327.5,0.461940761222303,2024-05-31,30.983.020/0001-90,XP SELECTION FUNDO DE FUNDOS DE INVESTIMENTO IMOBILIÁRIO - FII,XP SELECTION FUNDO DE FUNDOS DE INVESTIMENTO IMOBILIÁRIO - FII,FII,FECHADO,GERAL,XP VISTA ASSET MANAGMENT LTDA.,16.789.525/0001-98,OLIVEIRA TRUST DTVM S.A.,36.113.876/0001-91,2024-12-31
1663,22691 - XP SELECTION FII,30.983.020/0001-90,31/05/2024,Fundos de Investimentos Imobiliário,-,XP INVESTIMENTOS CCTVM S.A.,XP VISTA ASSET MANAGEMENT LTDA.,365918672.24,8.45036001,Renda Variável,XPIN11,FII XP INDL CI,2099-12-01 00:00:00,7005.0,539385.0,0.1474057053984461,2024-05-31,30.983.020/0001-90,XP SELECTION FUNDO DE FUNDOS DE INVESTIMENTO IMOBILIÁRIO - FII,XP SELECTION FUNDO DE FUNDOS DE INVESTIMENTO IMOBILIÁRIO - FII,FII,FECHADO,GERAL,XP VISTA ASSET MANAGMENT LTDA.,16.789.525/0001-98,OLIVEIRA TRUST DTVM S.A.,36.113.876/0001-91,2024-12-31
1664,22691 - XP SELECTION FII,30.983.020/0001-90,31/05/2024,Fundos de Investimentos Imobiliário,-,XP INVESTIMENTOS CCTVM S.A.,XP VISTA ASSET MANAGEMENT LTDA.,365918672.24,8.45036001,Renda Variável,XPPR11,FII XP PROP CI,2099-12-01 00:00:00,109593.0,2093226.3,0.5720468669133909,2024-05-31,30.983.020/0001-90,XP SELECTION FUNDO DE FUNDOS DE INVESTIMENTO IMOBILIÁRIO - FII,XP SELECTION FUNDO DE FUNDOS DE INVESTIMENTO IMOBILIÁRIO - FII,FII,FECHADO,GERAL,XP VISTA ASSET MANAGMENT LTDA.,16.789.525/0001-98,OLIVEIRA TRUST DTVM S.A.,36.113.876/0001-91,2024-12-31
1665,22691 - XP SELECTION FII,30.983.020/0001-90,31/05/2024,Fundos de Investimentos Imobiliário,-,XP INVESTIMENTOS CCTVM S.A.,XP VISTA ASSET MANAGEMENT LTDA.,365918672.24,8.45036001,Renda Variável,XPLG11,FII XP LOG  CI,2099-12-01 00:00:00,148215.0,15540342.75,4.246938986433397,2024-05-31,30.983.020/0001-90,XP SELECTION FUNDO DE FUNDOS DE INVESTIMENTO IMOBILIÁRIO - FII,XP SELECTION FUNDO DE FUNDOS DE INVESTIMENTO IMOBILIÁRIO - FII,FII,FECHADO,GERAL,XP VISTA ASSET MANAGMENT LTDA.,16.789.525/0001-98,OLIVEIRA TRUST DTVM S.A.,36.113.876/0001-91,2024-12-31
1666,22691 - XP SELECTION FII,30.983.020/0001-90,31/05/2024,Fundos de Investimentos Imobiliário,-,XP INVESTIMENTOS CCTVM S.A.,XP VISTA ASSET MANAGEMENT LTDA.,365918672.24,8.45036001,Renda Variável,HSAF11,FII HSI CRI CI,2099-12-01 00:00:00,11677.0,1002703.99,0.27402372878701936,2024-05-31,30.983.020/0001-90,XP SELECTION FUNDO DE FUNDOS DE INVESTIMENTO IMOBILIÁRIO - FII,XP SELECTION FUNDO DE FUNDOS DE INVESTIMENTO IMOBILIÁRIO - FII,FII,FECHADO,GERAL,XP VISTA ASSET MANAGMENT LTDA.,16.789.525/0001-98,OLIVEIRA TRUST DTVM S.A.,36.113.876/0001-91,2024-12-31
1667,22691 - XP SELECTION FII,30.983.020/0001-90,31/05/2024,Fundos de Investimentos Imobiliário,-,XP INVESTIMENTOS CCTVM S.A.,XP VISTA ASSET MANAGEMENT LTDA.,365918672.24,8.45036001,Renda Variável,KNRI11,FII KINEA   CI,2099-12-01 00:00:00,9229.0,1477101.45,0.40366932929599,2024-05-31,30.983.020/0001-90,XP SELECTION FUNDO DE FUNDOS DE INVESTIMENTO IMOBILIÁRIO - FII,XP SELECTION FUNDO DE FUNDOS DE INVESTIMENTO IMOBILIÁRIO - FII,FII,FECHADO,GERAL,XP VISTA ASSET MANAGMENT LTDA.,16.789.525/0001-98,OLIVEIRA TRUST DTVM S.A.,36.113.876/0001-91,2024-12-31
1668,22691 - XP SELECTION FII,30.983.020/0001-90,31/05/2024,Fundos de Investimentos Imobiliário,-,XP INVESTIMENTOS CCTVM S.A.,XP VISTA ASSET MANAGEMENT LTDA.,365918672.24,8.45036001,Renda Variável,JFLL11,FII JFL LIV CI,2099-12-01 00:00:00,19741.0,1472876.01,0.40251458089954073,2024-05-31,30.983.020/0001-90,XP SELECTION FUNDO DE FUNDOS DE INVESTIMENTO IMOBILIÁRIO - FII,XP SELECTION FUNDO DE FUNDOS DE INVESTIMENTO IMOBILIÁRIO - FII,FII,FECHADO,GERAL,XP VISTA ASSET MANAGMENT LTDA.,16.789.525/0001-98,OLIVEIRA TRUST DTVM S.A.,36.113.876/0001-91,2024-12-31
1669,22691 - XP SELECTION FII,30.983.020/0001-90,31/05/2024,Fundos de Investimentos Imobiliário,-,XP INVESTIMENTOS CCTVM S.A.,XP VISTA ASSET MANAGEMENT LTDA.,365918672.24,8.45036001,Renda Variável,RBRR11,FII RBRHGRADCI,2099-12-01 00:00:00,199812.0,17989074.36,4.916140040047277,2024-05-31,30.983.020/0001-90,XP SELECTION FUNDO DE FUNDOS DE INVESTIMENTO IMOBILIÁRIO - FII,XP SELECTION FUNDO DE FUNDOS DE INVESTIMENTO IMOBILIÁRIO - FII,FII,FECHADO,GERAL,XP VISTA ASSET MANAGMENT LTDA.,16.789.525/0001-98,OLIVEIRA TRUST DTVM S.A.,36.113.876/0001-91,2024-12-31
1670,22691 - XP SELECTION FII,30.983.020/0001-90,31/05/2024,Fundos de Investimentos Imobiliário,-,XP INVESTIMENTOS CCTVM S.A.,XP VISTA ASSET MANAGEMENT LTDA.,365918672.24,8.45036001,Renda Variável,KNIP11,FII KINEA IPCI,2099-12-01 00:00:00,148380.0,14378022.0,3.9292944281809414,2024-05-31,30.983.020/0001-90,XP SELECTION FUNDO DE FUNDOS DE INVESTIMENTO IMOBILIÁRIO - FII,XP SELECTION FUNDO DE FUNDOS DE INVESTIMENTO IMOBILIÁRIO - FII,FII,FECHADO,GERAL,XP VISTA ASSET MANAGMENT LTDA.,16.789.525/0001-98,OLIVEIRA TRUST DTVM S.A.,36.113.876/0001-91,2024-12-31
1671,22691 - XP SELECTION FII,30.983.020/0001-90,31/05/2024,Fundos de Investimentos Imobiliário,-,XP INVESTIMENTOS CCTVM S.A.,XP VISTA ASSET MANAGEMENT LTDA.,365918672.24,8.45036001,Renda Variável,BARI11,FII BARIGUI CI,2099-12-01 00:00:00,195279.0,15839079.69,4.328579242223367,2024-05-31,30.983.020/0001-90,XP SELECTION FUNDO DE FUNDOS DE INVESTIMENTO IMOBILIÁRIO - FII,XP SELECTION FUNDO DE FUNDOS DE INVESTIMENTO IMOBILIÁRIO - FII,FII,FECHADO,GERAL,XP VISTA ASSET MANAGMENT LTDA.,16.789.525/0001-98,OLIVEIRA TRUST DTVM S.A.,36.113.876/0001-91,2024-12-31
1672,22691 - XP SELECTION FII,30.983.020/0001-90,31/05/2024,Fundos de Investimentos Imobiliário,-,XP INVESTIMENTOS CCTVM S.A.,XP VISTA ASSET MANAGEMENT LTDA.,365918672.24,8.45036001,Renda Variável,RVBI11,FII VBI REITCI,2099-12-01 00:00:00,9139.0,694564.0,0.1898137626451724,2024-05-31,30.983.020/0001-90,XP SELECTION FUNDO DE FUNDOS DE INVESTIMENTO IMOBILIÁRIO - FII,XP SELECTION FUNDO DE FUNDOS DE INVESTIMENTO IMOBILIÁRIO - FII,FII,FECHADO,GERAL,XP VISTA ASSET MANAGMENT LTDA.,16.789.525/0001-98,OLIVEIRA TRUST DTVM S.A.,36.113.876/0001-91,2024-12-31
1673,22691 - XP SELECTION FII,30.983.020/0001-90,31/05/2024,Fundos de Investimentos Imobiliário,-,XP INVESTIMENTOS CCTVM S.A.,XP VISTA ASSET MANAGEMENT LTDA.,365918672.24,8.45036001,Renda Variável,MXRF11,FII MAXI RENCI,2099-12-01 00:00:00,499394.0,5153746.08,1.408440309550463,2024-05-31,30.983.020/0001-90,XP SELECTION FUNDO DE FUNDOS DE INVESTIMENTO IMOBILIÁRIO - FII,XP SELECTION FUNDO DE FUNDOS DE INVESTIMENTO IMOBILIÁRIO - FII,FII,FECHADO,GERAL,XP VISTA ASSET MANAGMENT LTDA.,16.789.525/0001-98,OLIVEIRA TRUST DTVM S.A.,36.113.876/0001-91,2024-12-31
1674,22691 - XP SELECTION FII,30.983.020/0001-90,31/05/2024,Fundos de Investimentos Imobiliário,-,XP INVESTIMENTOS CCTVM S.A.,XP VISTA ASSET MANAGEMENT LTDA.,365918672.24,8.45036001,Renda Variável,GTWR11,FII G TOWERSCI,2099-12-01 00:00:00,58419.0,4907196.0,1.3410619277666844,2024-05-31,30.983.020/0001-90,XP SELECTION FUNDO DE FUNDOS DE INVESTIMENTO IMOBILIÁRIO - FII,XP SELECTION FUNDO DE FUNDOS DE INVESTIMENTO IMOBILIÁRIO - FII,FII,FECHADO,GERAL,XP VISTA ASSET MANAGMENT LTDA.,16.789.525/0001-98,OLIVEIRA TRUST DTVM S.A.,36.113.876/0001-91,2024-12-31
1675,22691 - XP SELECTION FII,30.983.020/0001-90,31/05/2024,Fundos de Investimentos Imobiliário,-,XP INVESTIMENTOS CCTVM S.A.,XP VISTA ASSET MANAGEMENT LTDA.,365918672.24,8.45036001,Renda Variável,HGRU11,FII CSHG URBCI,2099-12-01 00:00:00,500.0,64925.0,0.017743013659990755,2024-05-31,30.983.020/0001-90,XP SELECTION FUNDO DE FUNDOS DE INVESTIMENTO IMOBILIÁRIO - FII,XP SELECTION FUNDO DE FUNDOS DE INVESTIMENTO IMOBILIÁRIO - FII,FII,FECHADO,GERAL,XP VISTA ASSET MANAGMENT LTDA.,16.789.525/0001-98,OLIVEIRA TRUST DTVM S.A.,36.113.876/0001-91,2024-12-31
1676,22691 - XP SELECTION FII,30.983.020/0001-90,31/05/2024,Fundos de Investimentos Imobiliário,-,XP INVESTIMENTOS CCTVM S.A.,XP VISTA ASSET MANAGEMENT LTDA.,365918672.24,8.45036001,Renda Variável,MCCI11,FII MAUA    CI,2099-12-01 00:00:00,204584.0,18590548.08,5.080513646979667,2024-05-31,30.983.020/0001-90,XP SELECTION FUNDO DE FUNDOS DE INVESTIMENTO IMOBILIÁRIO - FII,XP SELECTION FUNDO DE FUNDOS DE INVESTIMENTO IMOBILIÁRIO - FII,FII,FECHADO,GERAL,XP VISTA ASSET MANAGMENT LTDA.,16.789.525/0001-98,OLIVEIRA TRUST DTVM S.A.,36.113.876/0001-91,2024-12-31
1677,22691 - XP SELECTION FII,30.983.020/0001-90,31/05/2024,Fundos de Investimentos Imobiliário,-,XP INVESTIMENTOS CCTVM S.A.,XP VISTA ASSET MANAGEMENT LTDA.,365918672.24,8.45036001,Renda Variável,RBRY11,FII RBR PCRICI,2099-12-01 00:00:00,33981.0,3334215.72,0.9111903745139148,2024-05-31,30.983.020/0001-90,XP SELECTION FUNDO DE FUNDOS DE INVESTIMENTO IMOBILIÁRIO - FII,XP SELECTION FUNDO DE FUNDOS DE INVESTIMENTO IMOBILIÁRIO - FII,FII,FECHADO,GERAL,XP VISTA ASSET MANAGMENT LTDA.,16.789.525/0001-98,OLIVEIRA TRUST DTVM S.A.,36.113.876/0001-91,2024-12-31
1678,22691 - XP SELECTION FII,30.983.020/0001-90,31/05/2024,Fundos de Investimentos Imobiliário,-,XP INVESTIMENTOS CCTVM S.A.,XP VISTA ASSET MANAGEMENT LTDA.,365918672.24,8.45036001,Renda Variável,TEPP11,FII TEL PROPCI,2099-12-01 00:00:00,38137.0,3641320.76,0.9951175045835644,2024-05-31,30.983.020/0001-90,XP SELECTION FUNDO DE FUNDOS DE INVESTIMENTO IMOBILIÁRIO - FII,XP SELECTION FUNDO DE FUNDOS DE INVESTIMENTO IMOBILIÁRIO - FII,FII,FECHADO,GERAL,XP VISTA ASSET MANAGMENT LTDA.,16.789.525/0001-98,OLIVEIRA TRUST DTVM S.A.,36.113.876/0001-91,2024-12-31
1679,22691 - XP SELECTION FII,30.983.020/0001-90,31/05/2024,Fundos de Investimentos Imobiliário,-,XP INVESTIMENTOS CCTVM S.A.,XP VISTA ASSET MANAGEMENT LTDA.,365918672.24,8.45036001,Renda Variável,BROF11,FII BROF    CI,2099-12-01 00:00:00,63184.0,3636239.2,0.9937287916302482,2024-05-31,30.983.020/0001-90,XP SELECTION FUNDO DE FUNDOS DE INVESTIMENTO IMOBILIÁRIO - FII,XP SELECTION FUNDO DE FUNDOS DE INVESTIMENTO IMOBILIÁRIO - FII,FII,FECHADO,GERAL,XP VISTA ASSET MANAGMENT LTDA.,16.789.525/0001-98,OLIVEIRA TRUST DTVM S.A.,36.113.876/0001-91,2024-12-31
1680,22691 - XP SELECTION FII,30.983.020/0001-90,31/05/2024,Fundos de Investimentos Imobiliário,-,XP INVESTIMENTOS CCTVM S.A.,XP VISTA ASSET MANAGEMENT LTDA.,365918672.24,8.45036001,Renda Variável,HSML12,FII HSI MALLCI,2099-12-01 00:00:00,13613.0,0.0,0.0,2024-05-31,30.983.020/0001-90,XP SELECTION FUNDO DE FUNDOS DE INVESTIMENTO IMOBILIÁRIO - FII,XP SELECTION FUNDO DE FUNDOS DE INVESTIMENTO IMOBILIÁRIO - FII,FII,FECHADO,GERAL,XP VISTA ASSET MANAGMENT LTDA.,16.789.525/0001-98,OLIVEIRA TRUST DTVM S.A.,36.113.876/0001-91,2024-12-31
1681,22691 - XP SELECTION FII,30.983.020/0001-90,31/05/2024,Fundos de Investimentos Imobiliário,-,XP INVESTIMENTOS CCTVM S.A.,XP VISTA ASSET MANAGEMENT LTDA.,365918672.24,8.45036001,Renda Variável,IRDM11,FII IRIDIUM CI,2099-12-01 00:00:00,17778.0,1347572.4,0.3682710127227805,2024-05-31,30.983.020/0001-90,XP SELECTION FUNDO DE FUNDOS DE INVESTIMENTO IMOBILIÁRIO - FII,XP SELECTION FUNDO DE FUNDOS DE INVESTIMENTO IMOBILIÁRIO - FII,FII,FECHADO,GERAL,XP VISTA ASSET MANAGMENT LTDA.,16.789.525/0001-98,OLIVEIRA TRUST DTVM S.A.,36.113.876/0001-91,2024-12-31
1682,22691 - XP SELECTION FII,30.983.020/0001-90,31/05/2024,Fundos de Investimentos Imobiliário,-,XP INVESTIMENTOS CCTVM S.A.,XP VISTA ASSET MANAGEMENT LTDA.,365918672.24,8.45036001,Renda Variável,ALZR13,FII ALIANZA CI ER,2099-12-01 00:00:00,592.0,65114.08,0.017794686344208405,2024-05-31,30.983.020/0001-90,XP SELECTION FUNDO DE FUNDOS DE INVESTIMENTO IMOBILIÁRIO - FII,XP SELECTION FUNDO DE FUNDOS DE INVESTIMENTO IMOBILIÁRIO - FII,FII,FECHADO,GERAL,XP VISTA ASSET MANAGMENT LTDA.,16.789.525/0001-98,OLIVEIRA TRUST DTVM S.A.,36.113.876/0001-91,2024-12-31
1683,22691 - XP SELECTION FII,30.983.020/0001-90,31/05/2024,Fundos de Investimentos Imobiliário,-,XP INVESTIMENTOS CCTVM S.A.,XP VISTA ASSET MANAGEMENT LTDA.,365918672.24,8.45036001,Renda Variável,CVBI11,FII VBI CRI CI,2099-12-01 00:00:00,1345.0,128003.65,0.0349814479858094,2024-05-31,30.983.020/0001-90,XP SELECTION FUNDO DE FUNDOS DE INVESTIMENTO IMOBILIÁRIO - FII,XP SELECTION FUNDO DE FUNDOS DE INVESTIMENTO IMOBILIÁRIO - FII,FII,FECHADO,GERAL,XP VISTA ASSET MANAGMENT LTDA.,16.789.525/0001-98,OLIVEIRA TRUST DTVM S.A.,36.113.876/0001-91,2024-12-31
1684,22691 - XP SELECTION FII,30.983.020/0001-90,31/05/2024,Fundos de Investimentos Imobiliário,-,XP INVESTIMENTOS CCTVM S.A.,XP VISTA ASSET MANAGEMENT LTDA.,365918672.24,8.45036001,Renda Variável,TRXF11,FII TRX REALCI,2099-12-01 00:00:00,31319.0,3410639.1,0.9320757203018648,2024-05-31,30.983.020/0001-90,XP SELECTION FUNDO DE FUNDOS DE INVESTIMENTO IMOBILIÁRIO - FII,XP SELECTION FUNDO DE FUNDOS DE INVESTIMENTO IMOBILIÁRIO - FII,FII,FECHADO,GERAL,XP VISTA ASSET MANAGMENT LTDA.,16.789.525/0001-98,OLIVEIRA TRUST DTVM S.A.,36.113.876/0001-91,2024-12-31
1685,22691 - XP SELECTION FII,30.983.020/0001-90,31/05/2024,Fundos de Investimentos Imobiliário,-,XP INVESTIMENTOS CCTVM S.A.,XP VISTA ASSET MANAGEMENT LTDA.,365918672.24,8.45036001,Renda Variável,RBRL11,FII RBR LOG CI,2099-12-01 00:00:00,225968.0,18687553.6,5.1070237781533985,2024-05-31,30.983.020/0001-90,XP SELECTION FUNDO DE FUNDOS DE INVESTIMENTO IMOBILIÁRIO - FII,XP SELECTION FUNDO DE FUNDOS DE INVESTIMENTO IMOBILIÁRIO - FII,FII,FECHADO,GERAL,XP VISTA ASSET MANAGMENT LTDA.,16.789.525/0001-98,OLIVEIRA TRUST DTVM S.A.,36.113.876/0001-91,2024-12-31
1686,22691 - XP SELECTION FII,30.983.020/0001-90,31/05/2024,Fundos de Investimentos Imobiliário,-,XP INVESTIMENTOS CCTVM S.A.,XP VISTA ASSET MANAGEMENT LTDA.,365918672.24,8.45036001,Renda Variável,SPVJ11,FII S VAREJOCI  ERS,2099-12-01 00:00:00,75117.0,8366250.37,2.286368803970931,2024-05-31,30.983.020/0001-90,XP SELECTION FUNDO DE FUNDOS DE INVESTIMENTO IMOBILIÁRIO - FII,XP SELECTION FUNDO DE FUNDOS DE INVESTIMENTO IMOBILIÁRIO - FII,FII,FECHADO,GERAL,XP VISTA ASSET MANAGMENT LTDA.,16.789.525/0001-98,OLIVEIRA TRUST DTVM S.A.,36.113.876/0001-91,2024-12-31
1708,32781 - TG REAL ESTATE FII,44.625.562/0001-04,31/05/2024,Fundos de Investimentos Imobiliário,BR0B4QCTF006,XP INVESTIMENTOS CCTVM S.A.,TG CORE ASSET LTDA,1362619998.98,9.5230074,Renda Variável,SNME11,FII SNME    CI,2099-12-01 00:00:00,743929.0,7193793.43,0.5279383419724479,2024-05-31,44.625.562/0001-04,FUNDO DE INVESTIMENTO IMOBILIARIO TG REAL ESTATE,FUNDO DE INVESTIMENTO IMOBILIARIO TG REAL ESTATE,FII,FECHADO,QUALIFICADO,TG CORE ASSET LTDA,13.194.316/0001-03,OLIVEIRA TRUST DTVM S.A.,36.113.876/0001-91,2024-12-31
1709,32781 - TG REAL ESTATE FII,44.625.562/0001-04,31/05/2024,Fundos de Investimentos Imobiliário,BR0B4QCTF006,XP INVESTIMENTOS CCTVM S.A.,TG CORE ASSET LTDA,1362619998.98,9.5230074,Renda Variável,MANA11,FII MANATI  CI,2099-12-01 00:00:00,615635.0,6125568.25,0.44954339834916135,2024-05-31,44.625.562/0001-04,FUNDO DE INVESTIMENTO IMOBILIARIO TG REAL ESTATE,FUNDO DE INVESTIMENTO IMOBILIARIO TG REAL ESTATE,FII,FECHADO,QUALIFICADO,TG CORE ASSET LTDA,13.194.316/0001-03,OLIVEIRA TRUST DTVM S.A.,36.113.876/0001-91,2024-12-31
1710,32781 - TG REAL ESTATE FII,44.625.562/0001-04,31/05/2024,Fundos de Investimentos Imobiliário,BR0B4QCTF006,XP INVESTIMENTOS CCTVM S.A.,TG CORE ASSET LTDA,1362619998.98,9.5230074,Renda Variável,EQIR11,FII EQI RECECI  ER,2099-12-01 00:00:00,494149.0,4472048.45,0.32819483446210884,2024-05-31,44.625.562/0001-04,FUNDO DE INVESTIMENTO IMOBILIARIO TG REAL ESTATE,FUNDO DE INVESTIMENTO IMOBILIARIO TG REAL ESTATE,FII,FECHADO,QUALIFICADO,TG CORE ASSET LTDA,13.194.316/0001-03,OLIVEIRA TRUST DTVM S.A.,36.113.876/0001-91,2024-12-31
1711,32781 - TG REAL ESTATE FII,44.625.562/0001-04,31/05/2024,Fundos de Investimentos Imobiliário,BR0B4QCTF006,XP INVESTIMENTOS CCTVM S.A.,TG CORE ASSET LTDA,1362619998.98,9.5230074,Renda Variável,RZTR11,FII RIZA TX CI,2099-12-01 00:00:00,39983.0,3922332.3,0.28785224809089055,2024-05-31,44.625.562/0001-04,FUNDO DE INVESTIMENTO IMOBILIARIO TG REAL ESTATE,FUNDO DE INVESTIMENTO IMOBILIARIO TG REAL ESTATE,FII,FECHADO,QUALIFICADO,TG CORE ASSET LTDA,13.194.316/0001-03,OLIVEIRA TRUST DTVM S.A.,36.113.876/0001-91,2024-12-31
1712,32781 - TG REAL ESTATE FII,44.625.562/0001-04,31/05/2024,Fundos de Investimentos Imobiliário,BR0B4QCTF006,XP INVESTIMENTOS CCTVM S.A.,TG CORE ASSET LTDA,1362619998.98,9.5230074,Renda Variável,KIVO11,FII KIVO    CI,2099-12-01 00:00:00,29715.0,2612542.8,0.1917293744371607,2024-05-31,44.625.562/0001-04,FUNDO DE INVESTIMENTO IMOBILIARIO TG REAL ESTATE,FUNDO DE INVESTIMENTO IMOBILIARIO TG REAL ESTATE,FII,FECHADO,QUALIFICADO,TG CORE ASSET LTDA,13.194.316/0001-03,OLIVEIRA TRUST DTVM S.A.,36.113.876/0001-91,2024-12-31
1713,32781 - TG REAL ESTATE FII,44.625.562/0001-04,31/05/2024,Fundos de Investimentos Imobiliário,BR0B4QCTF006,XP INVESTIMENTOS CCTVM S.A.,TG CORE ASSET LTDA,1362619998.98,9.5230074,Renda Variável,RBRX11,FII RBR MULTCI,2099-12-01 00:00:00,5047.0,47340.86,0.0034742525454959836,2024-05-31,44.625.562/0001-04,FUNDO DE INVESTIMENTO IMOBILIARIO TG REAL ESTATE,FUNDO DE INVESTIMENTO IMOBILIARIO TG REAL ESTATE,FII,FECHADO,QUALIFICADO,TG CORE ASSET LTDA,13.194.316/0001-03,OLIVEIRA TRUST DTVM S.A.,36.113.876/0001-91,2024-12-31
1714,32781 - TG REAL ESTATE FII,44.625.562/0001-04,31/05/2024,Fundos de Investimentos Imobiliário,BR0B4QCTF006,XP INVESTIMENTOS CCTVM S.A.,TG CORE ASSET LTDA,1362619998.98,9.5230074,Renda Variável,LSPA11,FII LESTE PACI  ER,2099-12-01 00:00:00,39618.0,3997456.2,0.2933654432631495,2024-05-31,44.625.562/0001-04,FUNDO DE INVESTIMENTO IMOBILIARIO TG REAL ESTATE,FUNDO DE INVESTIMENTO IMOBILIARIO TG REAL ESTATE,FII,FECHADO,QUALIFICADO,TG CORE ASSET LTDA,13.194.316/0001-03,OLIVEIRA TRUST DTVM S.A.,36.113.876/0001-91,2024-12-31
1715,32781 - TG REAL ESTATE FII,44.625.562/0001-04,31/05/2024,Fundos de Investimentos Imobiliário,BR0B4QCTF006,XP INVESTIMENTOS CCTVM S.A.,TG CORE ASSET LTDA,1362619998.98,9.5230074,Renda Variável,RBHG15,RBHG15,2099-12-01 00:00:00,22054.0,1944501.18,0.14270311469489452,2024-05-31,44.625.562/0001-04,FUNDO DE INVESTIMENTO IMOBILIARIO TG REAL ESTATE,FUNDO DE INVESTIMENTO IMOBILIARIO TG REAL ESTATE,FII,FECHADO,QUALIFICADO,TG CORE ASSET LTDA,13.194.316/0001-03,OLIVEIRA TRUST DTVM S.A.,36.113.876/0001-91,2024-12-31
1716,32781 - TG REAL ESTATE FII,44.625.562/0001-04,31/05/2024,Fundos de Investimentos Imobiliário,BR0B4QCTF006,XP INVESTIMENTOS CCTVM S.A.,TG CORE ASSET LTDA,1362619998.98,9.5230074,Renda Variável,HGIC11,FII HGI CRI CI,2099-12-01 00:00:00,354842.0,34419674.0,2.525992134693834,2024-05-31,44.625.562/0001-04,FUNDO DE INVESTIMENTO IMOBILIARIO TG REAL ESTATE,FUNDO DE INVESTIMENTO IMOBILIARIO TG REAL ESTATE,FII,FECHADO,QUALIFICADO,TG CORE ASSET LTDA,13.194.316/0001-03,OLIVEIRA TRUST DTVM S.A.,36.113.876/0001-91,2024-12-31
1717,32781 - TG REAL ESTATE FII,44.625.562/0001-04,31/05/2024,Fundos de Investimentos Imobiliário,BR0B4QCTF006,XP INVESTIMENTOS CCTVM S.A.,TG CORE ASSET LTDA,1362619998.98,9.5230074,Renda Variável,ARXD11,FII ARXD R  CI,2099-12-01 00:00:00,59563.0,5551271.6,0.4073968974589723,2024-05-31,44.625.562/0001-04,FUNDO DE INVESTIMENTO IMOBILIARIO TG REAL ESTATE,FUNDO DE INVESTIMENTO IMOBILIARIO TG REAL ESTATE,FII,FECHADO,QUALIFICADO,TG CORE ASSET LTDA,13.194.316/0001-03,OLIVEIRA TRUST DTVM S.A.,36.113.876/0001-91,2024-12-31
1718,32781 - TG REAL ESTATE FII,44.625.562/0001-04,31/05/2024,Fundos de Investimentos Imobiliário,BR0B4QCTF006,XP INVESTIMENTOS CCTVM S.A.,TG CORE ASSET LTDA,1362619998.98,9.5230074,Renda Variável,RBRY11,FII RBR PCRICI,2099-12-01 00:00:00,52548.0,5156009.76,0.37838940892248546,2024-05-31,44.625.562/0001-04,FUNDO DE INVESTIMENTO IMOBILIARIO TG REAL ESTATE,FUNDO DE INVESTIMENTO IMOBILIARIO TG REAL ESTATE,FII,FECHADO,QUALIFICADO,TG CORE ASSET LTDA,13.194.316/0001-03,OLIVEIRA TRUST DTVM S.A.,36.113.876/0001-91,2024-12-31
1719,32781 - TG REAL ESTATE FII,44.625.562/0001-04,31/05/2024,Fundos de Investimentos Imobiliário,BR0B4QCTF006,XP INVESTIMENTOS CCTVM S.A.,TG CORE ASSET LTDA,1362619998.98,9.5230074,Renda Variável,TGRE MALL,TGLT,2099-12-01 00:00:00,49139225.0,46107055.31,3.383706047505086,2024-05-31,44.625.562/0001-04,FUNDO DE INVESTIMENTO IMOBILIARIO TG REAL ESTATE,FUNDO DE INVESTIMENTO IMOBILIARIO TG REAL ESTATE,FII,FECHADO,QUALIFICADO,TG CORE ASSET LTDA,13.194.316/0001-03,OLIVEIRA TRUST DTVM S.A.,36.113.876/0001-91,2024-12-31
1720,32781 - TG REAL ESTATE FII,44.625.562/0001-04,31/05/2024,Fundos de Investimentos Imobiliário,BR0B4QCTF006,XP INVESTIMENTOS CCTVM S.A.,TG CORE ASSET LTDA,1362619998.98,9.5230074,Renda Variável,TGRE LOTEAMENTOS,TGLT,2099-12-01 00:00:00,620000000.0,611400968.76,44.869513820263094,2024-05-31,44.625.562/0001-04,FUNDO DE INVESTIMENTO IMOBILIARIO TG REAL ESTATE,FUNDO DE INVESTIMENTO IMOBILIARIO TG REAL ESTATE,FII,FECHADO,QUALIFICADO,TG CORE ASSET LTDA,13.194.316/0001-03,OLIVEIRA TRUST DTVM S.A.,36.113.876/0001-91,2024-12-31
1721,32781 - TG REAL ESTATE FII,44.625.562/0001-04,31/05/2024,Fundos de Investimentos Imobiliário,BR0B4QCTF006,XP INVESTIMENTOS CCTVM S.A.,TG CORE ASSET LTDA,1362619998.98,9.5230074,Renda Variável,TGRE LAND,TGLT,2099-12-01 00:00:00,50000000.0,41987358.7,3.0813696211291464,2024-05-31,44.625.562/0001-04,FUNDO DE INVESTIMENTO IMOBILIARIO TG REAL ESTATE,FUNDO DE INVESTIMENTO IMOBILIARIO TG REAL ESTATE,FII,FECHADO,QUALIFICADO,TG CORE ASSET LTDA,13.194.316/0001-03,OLIVEIRA TRUST DTVM S.A.,36.113.876/0001-91,2024-12-31
1722,32781 - TG REAL ESTATE FII,44.625.562/0001-04,31/05/2024,Fundos de Investimentos Imobiliário,BR0B4QCTF006,XP INVESTIMENTOS CCTVM S.A.,TG CORE ASSET LTDA,1362619998.98,9.5230074,Renda Variável,TGRE SHARE,TGLT,2099-12-01 00:00:00,100000000.0,98850512.65,7.254444579119296,2024-05-31,44.625.562/0001-04,FUNDO DE INVESTIMENTO IMOBILIARIO TG REAL ESTATE,FUNDO DE INVESTIMENTO IMOBILIARIO TG REAL ESTATE,FII,FECHADO,QUALIFICADO,TG CORE ASSET LTDA,13.194.316/0001-03,OLIVEIRA TRUST DTVM S.A.,36.113.876/0001-91,2024-12-31
1723,32781 - TG REAL ESTATE FII,44.625.562/0001-04,31/05/2024,Fundos de Investimentos Imobiliário,BR0B4QCTF006,XP INVESTIMENTOS CCTVM S.A.,TG CORE ASSET LTDA,1362619998.98,9.5230074,Renda Variável,TGRE INCORPORACOES,TGLT,2099-12-01 00:00:00,260000000.0,254708240.8,18.6925365098607,2024-05-31,44.625.562/0001-04,FUNDO DE INVESTIMENTO IMOBILIARIO TG REAL ESTATE,FUNDO DE INVESTIMENTO IMOBILIARIO TG REAL ESTATE,FII,FECHADO,QUALIFICADO,TG CORE ASSET LTDA,13.194.316/0001-03,OLIVEIRA TRUST DTVM S.A.,36.113.876/0001-91,2024-12-31
1886,22691 - XP SELECTION FII,30.983.020/0001-90,31/05/2024,Fundos de Investimentos Imobiliário,-,XP INVESTIMENTOS CCTVM S.A.,XP VISTA ASSET MANAGEMENT LTDA.,365918672.24,8.45036001,Dinheiro,Caixa,n/a,2099-12-01 00:00:00,1.0,64.18,1.7539416506710922e-05,2024-05-31,30.983.020/0001-90,XP SELECTION FUNDO DE FUNDOS DE INVESTIMENTO IMOBILIÁRIO - FII,XP SELECTION FUNDO DE FUNDOS DE INVESTIMENTO IMOBILIÁRIO - FII,FII,FECHADO,GERAL,XP VISTA ASSET MANAGMENT LTDA.,16.789.525/0001-98,OLIVEIRA TRUST DTVM S.A.,36.113.876/0001-91,2024-12-31
1899,32781 - TG REAL ESTATE FII,44.625.562/0001-04,31/05/2024,Fundos de Investimentos Imobiliário,BR0B4QCTF006,XP INVESTIMENTOS CCTVM S.A.,TG CORE ASSET LTDA,1362619998.98,9.5230074,Dinheiro,Caixa,n/a,2099-12-01 00:00:00,1.0,374.5,2.7483817959543743e-05,2024-05-31,44.625.562/0001-04,FUNDO DE INVESTIMENTO IMOBILIARIO TG REAL ESTATE,FUNDO DE INVESTIMENTO IMOBILIARIO TG REAL ESTATE,FII,FECHADO,QUALIFICADO,TG CORE ASSET LTDA,13.194.316/0001-03,OLIVEIRA TRUST DTVM S.A.,36.113.876/0001-91,2024-12-31
1980,22691 - XP SELECTION FII,30.983.020/0001-90,30/04/2024,Fundos de Investimentos Imobiliário,-,XP INVESTIMENTOS CCTVM S.A.,XP VISTA ASSET MANAGEMENT LTDA.,368927401.25,8.51984223,Renda Fixa | Definitiva,21K0938631,BARIGUI SECURITIZADORA S.A.,20/11/2024,2970.0,1275616.808000627,0.3457636390462138,2024-04-30,30.983.020/0001-90,XP SELECTION FUNDO DE FUNDOS DE INVESTIMENTO IMOBILIÁRIO - FII,XP SELECTION FUNDO DE FUNDOS DE INVESTIMENTO IMOBILIÁRIO - FII,FII,FECHADO,GERAL,XP VISTA ASSET MANAGMENT LTDA.,16.789.525/0001-98,OLIVEIRA TRUST DTVM S.A.,36.113.876/0001-91,2024-12-31
1981,22691 - XP SELECTION FII,30.983.020/0001-90,30/04/2024,Fundos de Investimentos Imobiliário,-,XP INVESTIMENTOS CCTVM S.A.,XP VISTA ASSET MANAGEMENT LTDA.,368927401.25,8.51984223,Renda Fixa | Definitiva,20D1006203,TRUE SECURITIZADORA S.A.,03/05/2032,9196.0,8850397.785847217,2.3989537659334315,2024-04-30,30.983.020/0001-90,XP SELECTION FUNDO DE FUNDOS DE INVESTIMENTO IMOBILIÁRIO - FII,XP SELECTION FUNDO DE FUNDOS DE INVESTIMENTO IMOBILIÁRIO - FII,FII,FECHADO,GERAL,XP VISTA ASSET MANAGMENT LTDA.,16.789.525/0001-98,OLIVEIRA TRUST DTVM S.A.,36.113.876/0001-91,2024-12-31
1982,22691 - XP SELECTION FII,30.983.020/0001-90,30/04/2024,Fundos de Investimentos Imobiliário,-,XP INVESTIMENTOS CCTVM S.A.,XP VISTA ASSET MANAGEMENT LTDA.,368927401.25,8.51984223,Renda Fixa | Definitiva,20D1006203,TRUE SECURITIZADORA S.A.,03/05/2032,1023.0,984553.8206743912,0.2668692586504894,2024-04-30,30.983.020/0001-90,XP SELECTION FUNDO DE FUNDOS DE INVESTIMENTO IMOBILIÁRIO - FII,XP SELECTION FUNDO DE FUNDOS DE INVESTIMENTO IMOBILIÁRIO - FII,FII,FECHADO,GERAL,XP VISTA ASSET MANAGMENT LTDA.,16.789.525/0001-98,OLIVEIRA TRUST DTVM S.A.,36.113.876/0001-91,2024-12-31
1983,22691 - XP SELECTION FII,30.983.020/0001-90,30/04/2024,Fundos de Investimentos Imobiliário,-,XP INVESTIMENTOS CCTVM S.A.,XP VISTA ASSET MANAGEMENT LTDA.,368927401.25,8.51984223,Renda Fixa | Definitiva,21K0938631,BARIGUI SECURITIZADORA S.A.,20/11/2024,10913.0,4687140.143336985,1.2704776407108864,2024-04-30,30.983.020/0001-90,XP SELECTION FUNDO DE FUNDOS DE INVESTIMENTO IMOBILIÁRIO - FII,XP SELECTION FUNDO DE FUNDOS DE INVESTIMENTO IMOBILIÁRIO - FII,FII,FECHADO,GERAL,XP VISTA ASSET MANAGMENT LTDA.,16.789.525/0001-98,OLIVEIRA TRUST DTVM S.A.,36.113.876/0001-91,2024-12-31
2041,32781 - TG REAL ESTATE FII,44.625.562/0001-04,30/04/2024,Fundos de Investimentos Imobiliário,BR0B4QCTF006,XP INVESTIMENTOS CCTVM S.A.,TG CORE ASSET LTDA,1374569162.6,9.60651709,Renda Fixa | Definitiva,21A0608480,VIRGO COMPANHIA DE SECURITIZAÇÃO,20/01/2026,3300.0,3578357.545389297,0.2603257546256041,2024-04-30,44.625.562/0001-04,FUNDO DE INVESTIMENTO IMOBILIARIO TG REAL ESTATE,FUNDO DE INVESTIMENTO IMOBILIARIO TG REAL ESTATE,FII,FECHADO,QUALIFICADO,TG CORE ASSET LTDA,13.194.316/0001-03,OLIVEIRA TRUST DTVM S.A.,36.113.876/0001-91,2024-12-31
2042,32781 - TG REAL ESTATE FII,44.625.562/0001-04,30/04/2024,Fundos de Investimentos Imobiliário,BR0B4QCTF006,XP INVESTIMENTOS CCTVM S.A.,TG CORE ASSET LTDA,1374569162.6,9.60651709,Renda Fixa | Definitiva,20D0995632,Forte Securitizadora SA,20/06/2029,3955.0,3171705.597661342,0.2307417977908114,2024-04-30,44.625.562/0001-04,FUNDO DE INVESTIMENTO IMOBILIARIO TG REAL ESTATE,FUNDO DE INVESTIMENTO IMOBILIARIO TG REAL ESTATE,FII,FECHADO,QUALIFICADO,TG CORE ASSET LTDA,13.194.316/0001-03,OLIVEIRA TRUST DTVM S.A.,36.113.876/0001-91,2024-12-31
2043,32781 - TG REAL ESTATE FII,44.625.562/0001-04,30/04/2024,Fundos de Investimentos Imobiliário,BR0B4QCTF006,XP INVESTIMENTOS CCTVM S.A.,TG CORE ASSET LTDA,1374569162.6,9.60651709,Renda Fixa | Definitiva,21C0528435,VIRGO COMPANHIA DE SECURITIZAÇÃO,20/01/2032,2571.0,1425006.359885805,0.10366930953044248,2024-04-30,44.625.562/0001-04,FUNDO DE INVESTIMENTO IMOBILIARIO TG REAL ESTATE,FUNDO DE INVESTIMENTO IMOBILIARIO TG REAL ESTATE,FII,FECHADO,QUALIFICADO,TG CORE ASSET LTDA,13.194.316/0001-03,OLIVEIRA TRUST DTVM S.A.,36.113.876/0001-91,2024-12-31
2044,32781 - TG REAL ESTATE FII,44.625.562/0001-04,30/04/2024,Fundos de Investimentos Imobiliário,BR0B4QCTF006,XP INVESTIMENTOS CCTVM S.A.,TG CORE ASSET LTDA,1374569162.6,9.60651709,Renda Fixa | Definitiva,21C0775913,VIRGO COMPANHIA DE SECURITIZAÇÃO,20/06/2024,2000.0,2412665.54625326,0.17552158246367897,2024-04-30,44.625.562/0001-04,FUNDO DE INVESTIMENTO IMOBILIARIO TG REAL ESTATE,FUNDO DE INVESTIMENTO IMOBILIARIO TG REAL ESTATE,FII,FECHADO,QUALIFICADO,TG CORE ASSET LTDA,13.194.316/0001-03,OLIVEIRA TRUST DTVM S.A.,36.113.876/0001-91,2024-12-31
2045,32781 - TG REAL ESTATE FII,44.625.562/0001-04,30/04/2024,Fundos de Investimentos Imobiliário,BR0B4QCTF006,XP INVESTIMENTOS CCTVM S.A.,TG CORE ASSET LTDA,1374569162.6,9.60651709,Renda Fixa | Definitiva,21C0775913,VIRGO COMPANHIA DE SECURITIZAÇÃO,20/06/2024,2200.0,2653932.100878586,0.19307374071004685,2024-04-30,44.625.562/0001-04,FUNDO DE INVESTIMENTO IMOBILIARIO TG REAL ESTATE,FUNDO DE INVESTIMENTO IMOBILIARIO TG REAL ESTATE,FII,FECHADO,QUALIFICADO,TG CORE ASSET LTDA,13.194.316/0001-03,OLIVEIRA TRUST DTVM S.A.,36.113.876/0001-91,2024-12-31
2046,32781 - TG REAL ESTATE FII,44.625.562/0001-04,30/04/2024,Fundos de Investimentos Imobiliário,BR0B4QCTF006,XP INVESTIMENTOS CCTVM S.A.,TG CORE ASSET LTDA,1374569162.6,9.60651709,Renda Fixa | Definitiva,21C0822819,VIRGO COMPANHIA DE SECURITIZAÇÃO,20/01/2032,2422.0,1707530.065688371,0.12422292832894452,2024-04-30,44.625.562/0001-04,FUNDO DE INVESTIMENTO IMOBILIARIO TG REAL ESTATE,FUNDO DE INVESTIMENTO IMOBILIARIO TG REAL ESTATE,FII,FECHADO,QUALIFICADO,TG CORE ASSET LTDA,13.194.316/0001-03,OLIVEIRA TRUST DTVM S.A.,36.113.876/0001-91,2024-12-31
2047,32781 - TG REAL ESTATE FII,44.625.562/0001-04,30/04/2024,Fundos de Investimentos Imobiliário,BR0B4QCTF006,XP INVESTIMENTOS CCTVM S.A.,TG CORE ASSET LTDA,1374569162.6,9.60651709,Renda Fixa | Definitiva,22G0893940,VIRGO COMPANHIA DE SECURITIZAÇÃO,23/06/2027,4300.0,4527163.760773662,0.32935147127922787,2024-04-30,44.625.562/0001-04,FUNDO DE INVESTIMENTO IMOBILIARIO TG REAL ESTATE,FUNDO DE INVESTIMENTO IMOBILIARIO TG REAL ESTATE,FII,FECHADO,QUALIFICADO,TG CORE ASSET LTDA,13.194.316/0001-03,OLIVEIRA TRUST DTVM S.A.,36.113.876/0001-91,2024-12-31
2048,32781 - TG REAL ESTATE FII,44.625.562/0001-04,30/04/2024,Fundos de Investimentos Imobiliário,BR0B4QCTF006,XP INVESTIMENTOS CCTVM S.A.,TG CORE ASSET LTDA,1374569162.6,9.60651709,Renda Fixa | Definitiva,22H1237592,VIRGO COMPANHIA DE SECURITIZAÇÃO,21/07/2027,5300.0,5030789.519225078,0.3659902794348544,2024-04-30,44.625.562/0001-04,FUNDO DE INVESTIMENTO IMOBILIARIO TG REAL ESTATE,FUNDO DE INVESTIMENTO IMOBILIARIO TG REAL ESTATE,FII,FECHADO,QUALIFICADO,TG CORE ASSET LTDA,13.194.316/0001-03,OLIVEIRA TRUST DTVM S.A.,36.113.876/0001-91,2024-12-31
2049,32781 - TG REAL ESTATE FII,44.625.562/0001-04,30/04/2024,Fundos de Investimentos Imobiliário,BR0B4QCTF006,XP INVESTIMENTOS CCTVM S.A.,TG CORE ASSET LTDA,1374569162.6,9.60651709,Renda Fixa | Definitiva,22I0351637,VIRGO COMPANHIA DE SECURITIZAÇÃO,21/01/2026,4500.0,4837020.506020125,0.3518935705549288,2024-04-30,44.625.562/0001-04,FUNDO DE INVESTIMENTO IMOBILIARIO TG REAL ESTATE,FUNDO DE INVESTIMENTO IMOBILIARIO TG REAL ESTATE,FII,FECHADO,QUALIFICADO,TG CORE ASSET LTDA,13.194.316/0001-03,OLIVEIRA TRUST DTVM S.A.,36.113.876/0001-91,2024-12-31
2050,32781 - TG REAL ESTATE FII,44.625.562/0001-04,30/04/2024,Fundos de Investimentos Imobiliário,BR0B4QCTF006,XP INVESTIMENTOS CCTVM S.A.,TG CORE ASSET LTDA,1374569162.6,9.60651709,Renda Fixa | Definitiva,22I1290978,VIRGO COMPANHIA DE SECURITIZAÇÃO,22/10/2025,4000.0,4153960.4774632,0.3022009070541039,2024-04-30,44.625.562/0001-04,FUNDO DE INVESTIMENTO IMOBILIARIO TG REAL ESTATE,FUNDO DE INVESTIMENTO IMOBILIARIO TG REAL ESTATE,FII,FECHADO,QUALIFICADO,TG CORE ASSET LTDA,13.194.316/0001-03,OLIVEIRA TRUST DTVM S.A.,36.113.876/0001-91,2024-12-31
2051,32781 - TG REAL ESTATE FII,44.625.562/0001-04,30/04/2024,Fundos de Investimentos Imobiliário,BR0B4QCTF006,XP INVESTIMENTOS CCTVM S.A.,TG CORE ASSET LTDA,1374569162.6,9.60651709,Renda Fixa | Definitiva,22J1206765,BARIGUI SECURITIZADORA S.A.,20/10/2031,1161.0,1122661.81670946,0.0816737234658999,2024-04-30,44.625.562/0001-04,FUNDO DE INVESTIMENTO IMOBILIARIO TG REAL ESTATE,FUNDO DE INVESTIMENTO IMOBILIARIO TG REAL ESTATE,FII,FECHADO,QUALIFICADO,TG CORE ASSET LTDA,13.194.316/0001-03,OLIVEIRA TRUST DTVM S.A.,36.113.876/0001-91,2024-12-31
2052,32781 - TG REAL ESTATE FII,44.625.562/0001-04,30/04/2024,Fundos de Investimentos Imobiliário,BR0B4QCTF006,XP INVESTIMENTOS CCTVM S.A.,TG CORE ASSET LTDA,1374569162.6,9.60651709,Renda Fixa | Definitiva,22L0344492,VIRGO COMPANHIA DE SECURITIZAÇÃO,20/12/2034,2500.0,2412568.461270982,0.17551451952461997,2024-04-30,44.625.562/0001-04,FUNDO DE INVESTIMENTO IMOBILIARIO TG REAL ESTATE,FUNDO DE INVESTIMENTO IMOBILIARIO TG REAL ESTATE,FII,FECHADO,QUALIFICADO,TG CORE ASSET LTDA,13.194.316/0001-03,OLIVEIRA TRUST DTVM S.A.,36.113.876/0001-91,2024-12-31
2053,32781 - TG REAL ESTATE FII,44.625.562/0001-04,30/04/2024,Fundos de Investimentos Imobiliário,BR0B4QCTF006,XP INVESTIMENTOS CCTVM S.A.,TG CORE ASSET LTDA,1374569162.6,9.60651709,Renda Fixa | Definitiva,20F0851404,Forte Securitizadora SA,20/08/2029,782.0,415877.1956105928,0.03025509424523684,2024-04-30,44.625.562/0001-04,FUNDO DE INVESTIMENTO IMOBILIARIO TG REAL ESTATE,FUNDO DE INVESTIMENTO IMOBILIARIO TG REAL ESTATE,FII,FECHADO,QUALIFICADO,TG CORE ASSET LTDA,13.194.316/0001-03,OLIVEIRA TRUST DTVM S.A.,36.113.876/0001-91,2024-12-31
2054,32781 - TG REAL ESTATE FII,44.625.562/0001-04,30/04/2024,Fundos de Investimentos Imobiliário,BR0B4QCTF006,XP INVESTIMENTOS CCTVM S.A.,TG CORE ASSET LTDA,1374569162.6,9.60651709,Renda Fixa | Definitiva,20F0851406,Forte Securitizadora SA,20/08/2029,2850.0,1521948.607065198,0.1107218646013002,2024-04-30,44.625.562/0001-04,FUNDO DE INVESTIMENTO IMOBILIARIO TG REAL ESTATE,FUNDO DE INVESTIMENTO IMOBILIARIO TG REAL ESTATE,FII,FECHADO,QUALIFICADO,TG CORE ASSET LTDA,13.194.316/0001-03,OLIVEIRA TRUST DTVM S.A.,36.113.876/0001-91,2024-12-31
2055,32781 - TG REAL ESTATE FII,44.625.562/0001-04,30/04/2024,Fundos de Investimentos Imobiliário,BR0B4QCTF006,XP INVESTIMENTOS CCTVM S.A.,TG CORE ASSET LTDA,1374569162.6,9.60651709,Renda Fixa | Definitiva,20F0851407,Forte Securitizadora SA,20/08/2029,1500.0,788591.375790711,0.057370076184387046,2024-04-30,44.625.562/0001-04,FUNDO DE INVESTIMENTO IMOBILIARIO TG REAL ESTATE,FUNDO DE INVESTIMENTO IMOBILIARIO TG REAL ESTATE,FII,FECHADO,QUALIFICADO,TG CORE ASSET LTDA,13.194.316/0001-03,OLIVEIRA TRUST DTVM S.A.,36.113.876/0001-91,2024-12-31
2056,32781 - TG REAL ESTATE FII,44.625.562/0001-04,30/04/2024,Fundos de Investimentos Imobiliário,BR0B4QCTF006,XP INVESTIMENTOS CCTVM S.A.,TG CORE ASSET LTDA,1374569162.6,9.60651709,Renda Fixa | Definitiva,20F0851408,Forte Securitizadora SA,20/08/2029,1500.0,791372.1091784581,0.057572374727334674,2024-04-30,44.625.562/0001-04,FUNDO DE INVESTIMENTO IMOBILIARIO TG REAL ESTATE,FUNDO DE INVESTIMENTO IMOBILIARIO TG REAL ESTATE,FII,FECHADO,QUALIFICADO,TG CORE ASSET LTDA,13.194.316/0001-03,OLIVEIRA TRUST DTVM S.A.,36.113.876/0001-91,2024-12-31
2057,32781 - TG REAL ESTATE FII,44.625.562/0001-04,30/04/2024,Fundos de Investimentos Imobiliário,BR0B4QCTF006,XP INVESTIMENTOS CCTVM S.A.,TG CORE ASSET LTDA,1374569162.6,9.60651709,Renda Fixa | Definitiva,20F0851409,Forte Securitizadora SA,20/08/2029,1800.0,938715.792939234,0.06829163773495774,2024-04-30,44.625.562/0001-04,FUNDO DE INVESTIMENTO IMOBILIARIO TG REAL ESTATE,FUNDO DE INVESTIMENTO IMOBILIARIO TG REAL ESTATE,FII,FECHADO,QUALIFICADO,TG CORE ASSET LTDA,13.194.316/0001-03,OLIVEIRA TRUST DTVM S.A.,36.113.876/0001-91,2024-12-31
2058,32781 - TG REAL ESTATE FII,44.625.562/0001-04,30/04/2024,Fundos de Investimentos Imobiliário,BR0B4QCTF006,XP INVESTIMENTOS CCTVM S.A.,TG CORE ASSET LTDA,1374569162.6,9.60651709,Renda Fixa | Definitiva,20K0713315,VIRGO COMPANHIA DE SECURITIZAÇÃO,24/11/2025,944.0,5393181.017510789,0.39235428556461854,2024-04-30,44.625.562/0001-04,FUNDO DE INVESTIMENTO IMOBILIARIO TG REAL ESTATE,FUNDO DE INVESTIMENTO IMOBILIARIO TG REAL ESTATE,FII,FECHADO,QUALIFICADO,TG CORE ASSET LTDA,13.194.316/0001-03,OLIVEIRA TRUST DTVM S.A.,36.113.876/0001-91,2024-12-31
2059,32781 - TG REAL ESTATE FII,44.625.562/0001-04,30/04/2024,Fundos de Investimentos Imobiliário,BR0B4QCTF006,XP INVESTIMENTOS CCTVM S.A.,TG CORE ASSET LTDA,1374569162.6,9.60651709,Renda Fixa | Definitiva,20K0713315,VIRGO COMPANHIA DE SECURITIZAÇÃO,24/11/2025,166.0,948377.1704521092,0.06899450360564267,2024-04-30,44.625.562/0001-04,FUNDO DE INVESTIMENTO IMOBILIARIO TG REAL ESTATE,FUNDO DE INVESTIMENTO IMOBILIARIO TG REAL ESTATE,FII,FECHADO,QUALIFICADO,TG CORE ASSET LTDA,13.194.316/0001-03,OLIVEIRA TRUST DTVM S.A.,36.113.876/0001-91,2024-12-31
2060,32781 - TG REAL ESTATE FII,44.625.562/0001-04,30/04/2024,Fundos de Investimentos Imobiliário,BR0B4QCTF006,XP INVESTIMENTOS CCTVM S.A.,TG CORE ASSET LTDA,1374569162.6,9.60651709,Renda Fixa | Definitiva,21A0607973,VIRGO COMPANHIA DE SECURITIZAÇÃO,20/01/2026,3300.0,3945584.1233259,0.28704151312858067,2024-04-30,44.625.562/0001-04,FUNDO DE INVESTIMENTO IMOBILIARIO TG REAL ESTATE,FUNDO DE INVESTIMENTO IMOBILIARIO TG REAL ESTATE,FII,FECHADO,QUALIFICADO,TG CORE ASSET LTDA,13.194.316/0001-03,OLIVEIRA TRUST DTVM S.A.,36.113.876/0001-91,2024-12-31
2061,32781 - TG REAL ESTATE FII,44.625.562/0001-04,30/04/2024,Fundos de Investimentos Imobiliário,BR0B4QCTF006,XP INVESTIMENTOS CCTVM S.A.,TG CORE ASSET LTDA,1374569162.6,9.60651709,Renda Fixa | Definitiva,21C0775913,VIRGO COMPANHIA DE SECURITIZAÇÃO,20/06/2024,6000.0,7237996.63875978,0.5265647473910369,2024-04-30,44.625.562/0001-04,FUNDO DE INVESTIMENTO IMOBILIARIO TG REAL ESTATE,FUNDO DE INVESTIMENTO IMOBILIARIO TG REAL ESTATE,FII,FECHADO,QUALIFICADO,TG CORE ASSET LTDA,13.194.316/0001-03,OLIVEIRA TRUST DTVM S.A.,36.113.876/0001-91,2024-12-31
2062,32781 - TG REAL ESTATE FII,44.625.562/0001-04,30/04/2024,Fundos de Investimentos Imobiliário,BR0B4QCTF006,XP INVESTIMENTOS CCTVM S.A.,TG CORE ASSET LTDA,1374569162.6,9.60651709,Renda Fixa | Definitiva,21D0503168,Forte Securitizadora SA,20/04/2028,2500.0,776152.8872805999,0.056465175299910374,2024-04-30,44.625.562/0001-04,FUNDO DE INVESTIMENTO IMOBILIARIO TG REAL ESTATE,FUNDO DE INVESTIMENTO IMOBILIARIO TG REAL ESTATE,FII,FECHADO,QUALIFICADO,TG CORE ASSET LTDA,13.194.316/0001-03,OLIVEIRA TRUST DTVM S.A.,36.113.876/0001-91,2024-12-31
2063,32781 - TG REAL ESTATE FII,44.625.562/0001-04,30/04/2024,Fundos de Investimentos Imobiliário,BR0B4QCTF006,XP INVESTIMENTOS CCTVM S.A.,TG CORE ASSET LTDA,1374569162.6,9.60651709,Renda Fixa | Definitiva,21F0930064,VIRGO COMPANHIA DE SECURITIZAÇÃO,20/06/2033,1000.0,754507.465898127,0.05489046942323184,2024-04-30,44.625.562/0001-04,FUNDO DE INVESTIMENTO IMOBILIARIO TG REAL ESTATE,FUNDO DE INVESTIMENTO IMOBILIARIO TG REAL ESTATE,FII,FECHADO,QUALIFICADO,TG CORE ASSET LTDA,13.194.316/0001-03,OLIVEIRA TRUST DTVM S.A.,36.113.876/0001-91,2024-12-31
2064,32781 - TG REAL ESTATE FII,44.625.562/0001-04,30/04/2024,Fundos de Investimentos Imobiliário,BR0B4QCTF006,XP INVESTIMENTOS CCTVM S.A.,TG CORE ASSET LTDA,1374569162.6,9.60651709,Renda Fixa | Definitiva,21I0142395,Forte Securitizadora SA,20/05/2028,4000.0,2683596.65850358,0.19523183929337917,2024-04-30,44.625.562/0001-04,FUNDO DE INVESTIMENTO IMOBILIARIO TG REAL ESTATE,FUNDO DE INVESTIMENTO IMOBILIARIO TG REAL ESTATE,FII,FECHADO,QUALIFICADO,TG CORE ASSET LTDA,13.194.316/0001-03,OLIVEIRA TRUST DTVM S.A.,36.113.876/0001-91,2024-12-31
2065,32781 - TG REAL ESTATE FII,44.625.562/0001-04,30/04/2024,Fundos de Investimentos Imobiliário,BR0B4QCTF006,XP INVESTIMENTOS CCTVM S.A.,TG CORE ASSET LTDA,1374569162.6,9.60651709,Renda Fixa | Definitiva,21I0566608,HABITASEC SECURITIZADORA,24/09/2025,3298.0,3682.993354433926,0.00026793801684504094,2024-04-30,44.625.562/0001-04,FUNDO DE INVESTIMENTO IMOBILIARIO TG REAL ESTATE,FUNDO DE INVESTIMENTO IMOBILIARIO TG REAL ESTATE,FII,FECHADO,QUALIFICADO,TG CORE ASSET LTDA,13.194.316/0001-03,OLIVEIRA TRUST DTVM S.A.,36.113.876/0001-91,2024-12-31
2066,32781 - TG REAL ESTATE FII,44.625.562/0001-04,30/04/2024,Fundos de Investimentos Imobiliário,BR0B4QCTF006,XP INVESTIMENTOS CCTVM S.A.,TG CORE ASSET LTDA,1374569162.6,9.60651709,Renda Fixa | Definitiva,22H1237507,VIRGO COMPANHIA DE SECURITIZAÇÃO,21/07/2027,5000.0,4631714.58437252,0.33695755080170897,2024-04-30,44.625.562/0001-04,FUNDO DE INVESTIMENTO IMOBILIARIO TG REAL ESTATE,FUNDO DE INVESTIMENTO IMOBILIARIO TG REAL ESTATE,FII,FECHADO,QUALIFICADO,TG CORE ASSET LTDA,13.194.316/0001-03,OLIVEIRA TRUST DTVM S.A.,36.113.876/0001-91,2024-12-31
2067,32781 - TG REAL ESTATE FII,44.625.562/0001-04,30/04/2024,Fundos de Investimentos Imobiliário,BR0B4QCTF006,XP INVESTIMENTOS CCTVM S.A.,TG CORE ASSET LTDA,1374569162.6,9.60651709,Renda Fixa | Definitiva,22H1237510,VIRGO COMPANHIA DE SECURITIZAÇÃO,21/07/2027,1108.0,1028664.302316115,0.07483539790536219,2024-04-30,44.625.562/0001-04,FUNDO DE INVESTIMENTO IMOBILIARIO TG REAL ESTATE,FUNDO DE INVESTIMENTO IMOBILIARIO TG REAL ESTATE,FII,FECHADO,QUALIFICADO,TG CORE ASSET LTDA,13.194.316/0001-03,OLIVEIRA TRUST DTVM S.A.,36.113.876/0001-91,2024-12-31
2068,32781 - TG REAL ESTATE FII,44.625.562/0001-04,30/04/2024,Fundos de Investimentos Imobiliário,BR0B4QCTF006,XP INVESTIMENTOS CCTVM S.A.,TG CORE ASSET LTDA,1374569162.6,9.60651709,Renda Fixa | Definitiva,22L0344525,VIRGO COMPANHIA DE SECURITIZAÇÃO,20/12/2034,2111.0,2040589.57823379,0.14845303050259115,2024-04-30,44.625.562/0001-04,FUNDO DE INVESTIMENTO IMOBILIARIO TG REAL ESTATE,FUNDO DE INVESTIMENTO IMOBILIARIO TG REAL ESTATE,FII,FECHADO,QUALIFICADO,TG CORE ASSET LTDA,13.194.316/0001-03,OLIVEIRA TRUST DTVM S.A.,36.113.876/0001-91,2024-12-31
2069,32781 - TG REAL ESTATE FII,44.625.562/0001-04,30/04/2024,Fundos de Investimentos Imobiliário,BR0B4QCTF006,XP INVESTIMENTOS CCTVM S.A.,TG CORE ASSET LTDA,1374569162.6,9.60651709,Renda Fixa | Definitiva,23B0330159,VIRGO COMPANHIA DE SECURITIZAÇÃO,19/02/2035,8000.0,7311464.581031576,0.5319095451844655,2024-04-30,44.625.562/0001-04,FUNDO DE INVESTIMENTO IMOBILIARIO TG REAL ESTATE,FUNDO DE INVESTIMENTO IMOBILIARIO TG REAL ESTATE,FII,FECHADO,QUALIFICADO,TG CORE ASSET LTDA,13.194.316/0001-03,OLIVEIRA TRUST DTVM S.A.,36.113.876/0001-91,2024-12-31
2070,32781 - TG REAL ESTATE FII,44.625.562/0001-04,30/04/2024,Fundos de Investimentos Imobiliário,BR0B4QCTF006,XP INVESTIMENTOS CCTVM S.A.,TG CORE ASSET LTDA,1374569162.6,9.60651709,Renda Fixa | Definitiva,22D0059915,VIRGO COMPANHIA DE SECURITIZAÇÃO,23/04/2027,3262.0,2312724.387546442,0.1682508563753838,2024-04-30,44.625.562/0001-04,FUNDO DE INVESTIMENTO IMOBILIARIO TG REAL ESTATE,FUNDO DE INVESTIMENTO IMOBILIARIO TG REAL ESTATE,FII,FECHADO,QUALIFICADO,TG CORE ASSET LTDA,13.194.316/0001-03,OLIVEIRA TRUST DTVM S.A.,36.113.876/0001-91,2024-12-31
2071,32781 - TG REAL ESTATE FII,44.625.562/0001-04,30/04/2024,Fundos de Investimentos Imobiliário,BR0B4QCTF006,XP INVESTIMENTOS CCTVM S.A.,TG CORE ASSET LTDA,1374569162.6,9.60651709,Renda Fixa | Definitiva,20D0942992,VIRGO COMPANHIA DE SECURITIZAÇÃO,20/04/2030,1198.0,497184.8242220933,0.03617022975269337,2024-04-30,44.625.562/0001-04,FUNDO DE INVESTIMENTO IMOBILIARIO TG REAL ESTATE,FUNDO DE INVESTIMENTO IMOBILIARIO TG REAL ESTATE,FII,FECHADO,QUALIFICADO,TG CORE ASSET LTDA,13.194.316/0001-03,OLIVEIRA TRUST DTVM S.A.,36.113.876/0001-91,2024-12-31
2072,32781 - TG REAL ESTATE FII,44.625.562/0001-04,30/04/2024,Fundos de Investimentos Imobiliário,BR0B4QCTF006,XP INVESTIMENTOS CCTVM S.A.,TG CORE ASSET LTDA,1374569162.6,9.60651709,Renda Fixa | Definitiva,22J1206765,BARIGUI SECURITIZADORA S.A.,20/10/2031,1677.0,1621622.624135887,0.117973156117411,2024-04-30,44.625.562/0001-04,FUNDO DE INVESTIMENTO IMOBILIARIO TG REAL ESTATE,FUNDO DE INVESTIMENTO IMOBILIARIO TG REAL ESTATE,FII,FECHADO,QUALIFICADO,TG CORE ASSET LTDA,13.194.316/0001-03,OLIVEIRA TRUST DTVM S.A.,36.113.876/0001-91,2024-12-31
2073,32781 - TG REAL ESTATE FII,44.625.562/0001-04,30/04/2024,Fundos de Investimentos Imobiliário,BR0B4QCTF006,XP INVESTIMENTOS CCTVM S.A.,TG CORE ASSET LTDA,1374569162.6,9.60651709,Renda Fixa | Definitiva,22L0344492,VIRGO COMPANHIA DE SECURITIZAÇÃO,20/12/2034,2000.0,1930054.769016786,0.140411615619696,2024-04-30,44.625.562/0001-04,FUNDO DE INVESTIMENTO IMOBILIARIO TG REAL ESTATE,FUNDO DE INVESTIMENTO IMOBILIARIO TG REAL ESTATE,FII,FECHADO,QUALIFICADO,TG CORE ASSET LTDA,13.194.316/0001-03,OLIVEIRA TRUST DTVM S.A.,36.113.876/0001-91,2024-12-31
2074,32781 - TG REAL ESTATE FII,44.625.562/0001-04,30/04/2024,Fundos de Investimentos Imobiliário,BR0B4QCTF006,XP INVESTIMENTOS CCTVM S.A.,TG CORE ASSET LTDA,1374569162.6,9.60651709,Renda Fixa | Definitiva,21A0796003,Forte Securitizadora SA,20/11/2031,1070.0,756289.7219745303,0.05502012867391896,2024-04-30,44.625.562/0001-04,FUNDO DE INVESTIMENTO IMOBILIARIO TG REAL ESTATE,FUNDO DE INVESTIMENTO IMOBILIARIO TG REAL ESTATE,FII,FECHADO,QUALIFICADO,TG CORE ASSET LTDA,13.194.316/0001-03,OLIVEIRA TRUST DTVM S.A.,36.113.876/0001-91,2024-12-31
2075,32781 - TG REAL ESTATE FII,44.625.562/0001-04,30/04/2024,Fundos de Investimentos Imobiliário,BR0B4QCTF006,XP INVESTIMENTOS CCTVM S.A.,TG CORE ASSET LTDA,1374569162.6,9.60651709,Renda Fixa | Definitiva,21B0718276,Forte Securitizadora SA,20/02/2031,9000.0,7410667.078730728,0.5391265336342508,2024-04-30,44.625.562/0001-04,FUNDO DE INVESTIMENTO IMOBILIARIO TG REAL ESTATE,FUNDO DE INVESTIMENTO IMOBILIARIO TG REAL ESTATE,FII,FECHADO,QUALIFICADO,TG CORE ASSET LTDA,13.194.316/0001-03,OLIVEIRA TRUST DTVM S.A.,36.113.876/0001-91,2024-12-31
2076,32781 - TG REAL ESTATE FII,44.625.562/0001-04,30/04/2024,Fundos de Investimentos Imobiliário,BR0B4QCTF006,XP INVESTIMENTOS CCTVM S.A.,TG CORE ASSET LTDA,1374569162.6,9.60651709,Renda Fixa | Definitiva,21F0929701,VIRGO COMPANHIA DE SECURITIZAÇÃO,20/06/2033,2891.0,2158708.500305468,0.1570461901111085,2024-04-30,44.625.562/0001-04,FUNDO DE INVESTIMENTO IMOBILIARIO TG REAL ESTATE,FUNDO DE INVESTIMENTO IMOBILIARIO TG REAL ESTATE,FII,FECHADO,QUALIFICADO,TG CORE ASSET LTDA,13.194.316/0001-03,OLIVEIRA TRUST DTVM S.A.,36.113.876/0001-91,2024-12-31
2077,32781 - TG REAL ESTATE FII,44.625.562/0001-04,30/04/2024,Fundos de Investimentos Imobiliário,BR0B4QCTF006,XP INVESTIMENTOS CCTVM S.A.,TG CORE ASSET LTDA,1374569162.6,9.60651709,Renda Fixa | Definitiva,22F0636862,RB CAPITAL SECURITIZADORA S.A.,24/05/2028,3924.0,2731707.031552737,0.19873187220246588,2024-04-30,44.625.562/0001-04,FUNDO DE INVESTIMENTO IMOBILIARIO TG REAL ESTATE,FUNDO DE INVESTIMENTO IMOBILIARIO TG REAL ESTATE,FII,FECHADO,QUALIFICADO,TG CORE ASSET LTDA,13.194.316/0001-03,OLIVEIRA TRUST DTVM S.A.,36.113.876/0001-91,2024-12-31
2078,32781 - TG REAL ESTATE FII,44.625.562/0001-04,30/04/2024,Fundos de Investimentos Imobiliário,BR0B4QCTF006,XP INVESTIMENTOS CCTVM S.A.,TG CORE ASSET LTDA,1374569162.6,9.60651709,Renda Fixa | Definitiva,21C0830879,VIRGO COMPANHIA DE SECURITIZAÇÃO,20/01/2032,235.0,167307.36020117,0.012171621825467686,2024-04-30,44.625.562/0001-04,FUNDO DE INVESTIMENTO IMOBILIARIO TG REAL ESTATE,FUNDO DE INVESTIMENTO IMOBILIARIO TG REAL ESTATE,FII,FECHADO,QUALIFICADO,TG CORE ASSET LTDA,13.194.316/0001-03,OLIVEIRA TRUST DTVM S.A.,36.113.876/0001-91,2024-12-31
2079,32781 - TG REAL ESTATE FII,44.625.562/0001-04,30/04/2024,Fundos de Investimentos Imobiliário,BR0B4QCTF006,XP INVESTIMENTOS CCTVM S.A.,TG CORE ASSET LTDA,1374569162.6,9.60651709,Renda Fixa | Definitiva,22L0344525,VIRGO COMPANHIA DE SECURITIZAÇÃO,20/12/2034,1500.0,1449968.909213967,0.10548533669061426,2024-04-30,44.625.562/0001-04,FUNDO DE INVESTIMENTO IMOBILIARIO TG REAL ESTATE,FUNDO DE INVESTIMENTO IMOBILIARIO TG REAL ESTATE,FII,FECHADO,QUALIFICADO,TG CORE ASSET LTDA,13.194.316/0001-03,OLIVEIRA TRUST DTVM S.A.,36.113.876/0001-91,2024-12-31
2080,32781 - TG REAL ESTATE FII,44.625.562/0001-04,30/04/2024,Fundos de Investimentos Imobiliário,BR0B4QCTF006,XP INVESTIMENTOS CCTVM S.A.,TG CORE ASSET LTDA,1374569162.6,9.60651709,Renda Fixa | Definitiva,20K0713315,VIRGO COMPANHIA DE SECURITIZAÇÃO,24/11/2025,344.0,1965311.726720033,0.14297656168880163,2024-04-30,44.625.562/0001-04,FUNDO DE INVESTIMENTO IMOBILIARIO TG REAL ESTATE,FUNDO DE INVESTIMENTO IMOBILIARIO TG REAL ESTATE,FII,FECHADO,QUALIFICADO,TG CORE ASSET LTDA,13.194.316/0001-03,OLIVEIRA TRUST DTVM S.A.,36.113.876/0001-91,2024-12-31
2081,32781 - TG REAL ESTATE FII,44.625.562/0001-04,30/04/2024,Fundos de Investimentos Imobiliário,BR0B4QCTF006,XP INVESTIMENTOS CCTVM S.A.,TG CORE ASSET LTDA,1374569162.6,9.60651709,Renda Fixa | Definitiva,22I1290893,VIRGO COMPANHIA DE SECURITIZAÇÃO,22/10/2025,5000.0,5348447.8419189,0.389099944000075,2024-04-30,44.625.562/0001-04,FUNDO DE INVESTIMENTO IMOBILIARIO TG REAL ESTATE,FUNDO DE INVESTIMENTO IMOBILIARIO TG REAL ESTATE,FII,FECHADO,QUALIFICADO,TG CORE ASSET LTDA,13.194.316/0001-03,OLIVEIRA TRUST DTVM S.A.,36.113.876/0001-91,2024-12-31
2082,32781 - TG REAL ESTATE FII,44.625.562/0001-04,30/04/2024,Fundos de Investimentos Imobiliário,BR0B4QCTF006,XP INVESTIMENTOS CCTVM S.A.,TG CORE ASSET LTDA,1374569162.6,9.60651709,Renda Fixa | Definitiva,22F0636862,RB CAPITAL SECURITIZADORA S.A.,24/05/2028,718.0,499838.3406357963,0.03636327325213314,2024-04-30,44.625.562/0001-04,FUNDO DE INVESTIMENTO IMOBILIARIO TG REAL ESTATE,FUNDO DE INVESTIMENTO IMOBILIARIO TG REAL ESTATE,FII,FECHADO,QUALIFICADO,TG CORE ASSET LTDA,13.194.316/0001-03,OLIVEIRA TRUST DTVM S.A.,36.113.876/0001-91,2024-12-31
2083,32781 - TG REAL ESTATE FII,44.625.562/0001-04,30/04/2024,Fundos de Investimentos Imobiliário,BR0B4QCTF006,XP INVESTIMENTOS CCTVM S.A.,TG CORE ASSET LTDA,1374569162.6,9.60651709,Renda Fixa | Definitiva,20F0851405,Forte Securitizadora SA,20/08/2029,1750.0,1009949.98832715,0.07347393029077037,2024-04-30,44.625.562/0001-04,FUNDO DE INVESTIMENTO IMOBILIARIO TG REAL ESTATE,FUNDO DE INVESTIMENTO IMOBILIARIO TG REAL ESTATE,FII,FECHADO,QUALIFICADO,TG CORE ASSET LTDA,13.194.316/0001-03,OLIVEIRA TRUST DTVM S.A.,36.113.876/0001-91,2024-12-31
2084,32781 - TG REAL ESTATE FII,44.625.562/0001-04,30/04/2024,Fundos de Investimentos Imobiliário,BR0B4QCTF006,XP INVESTIMENTOS CCTVM S.A.,TG CORE ASSET LTDA,1374569162.6,9.60651709,Renda Fixa | Definitiva,21I0142421,Forte Securitizadora SA,20/05/2028,1000.0,671091.4447232081,0.048821948213492394,2024-04-30,44.625.562/0001-04,FUNDO DE INVESTIMENTO IMOBILIARIO TG REAL ESTATE,FUNDO DE INVESTIMENTO IMOBILIARIO TG REAL ESTATE,FII,FECHADO,QUALIFICADO,TG CORE ASSET LTDA,13.194.316/0001-03,OLIVEIRA TRUST DTVM S.A.,36.113.876/0001-91,2024-12-31
2085,32781 - TG REAL ESTATE FII,44.625.562/0001-04,30/04/2024,Fundos de Investimentos Imobiliário,BR0B4QCTF006,XP INVESTIMENTOS CCTVM S.A.,TG CORE ASSET LTDA,1374569162.6,9.60651709,Renda Fixa | Definitiva,22H1237505,VIRGO COMPANHIA DE SECURITIZAÇÃO,21/07/2027,5000.0,4631374.353682539,0.3369327989958895,2024-04-30,44.625.562/0001-04,FUNDO DE INVESTIMENTO IMOBILIARIO TG REAL ESTATE,FUNDO DE INVESTIMENTO IMOBILIARIO TG REAL ESTATE,FII,FECHADO,QUALIFICADO,TG CORE ASSET LTDA,13.194.316/0001-03,OLIVEIRA TRUST DTVM S.A.,36.113.876/0001-91,2024-12-31
2086,32781 - TG REAL ESTATE FII,44.625.562/0001-04,30/04/2024,Fundos de Investimentos Imobiliário,BR0B4QCTF006,XP INVESTIMENTOS CCTVM S.A.,TG CORE ASSET LTDA,1374569162.6,9.60651709,Renda Fixa | Definitiva,20F0851404,Forte Securitizadora SA,20/08/2029,3418.0,1817734.340916888,0.13224029684171298,2024-04-30,44.625.562/0001-04,FUNDO DE INVESTIMENTO IMOBILIARIO TG REAL ESTATE,FUNDO DE INVESTIMENTO IMOBILIARIO TG REAL ESTATE,FII,FECHADO,QUALIFICADO,TG CORE ASSET LTDA,13.194.316/0001-03,OLIVEIRA TRUST DTVM S.A.,36.113.876/0001-91,2024-12-31
2087,32781 - TG REAL ESTATE FII,44.625.562/0001-04,30/04/2024,Fundos de Investimentos Imobiliário,BR0B4QCTF006,XP INVESTIMENTOS CCTVM S.A.,TG CORE ASSET LTDA,1374569162.6,9.60651709,Renda Fixa | Definitiva,22H1237510,VIRGO COMPANHIA DE SECURITIZAÇÃO,21/07/2027,2192.0,2035047.067397947,0.14804981246259388,2024-04-30,44.625.562/0001-04,FUNDO DE INVESTIMENTO IMOBILIARIO TG REAL ESTATE,FUNDO DE INVESTIMENTO IMOBILIARIO TG REAL ESTATE,FII,FECHADO,QUALIFICADO,TG CORE ASSET LTDA,13.194.316/0001-03,OLIVEIRA TRUST DTVM S.A.,36.113.876/0001-91,2024-12-31
2088,32781 - TG REAL ESTATE FII,44.625.562/0001-04,30/04/2024,Fundos de Investimentos Imobiliário,BR0B4QCTF006,XP INVESTIMENTOS CCTVM S.A.,TG CORE ASSET LTDA,1374569162.6,9.60651709,Renda Fixa | Definitiva,20F0851410,Forte Securitizadora SA,20/08/2029,750.0,430980.3562963725,0.03135385021159448,2024-04-30,44.625.562/0001-04,FUNDO DE INVESTIMENTO IMOBILIARIO TG REAL ESTATE,FUNDO DE INVESTIMENTO IMOBILIARIO TG REAL ESTATE,FII,FECHADO,QUALIFICADO,TG CORE ASSET LTDA,13.194.316/0001-03,OLIVEIRA TRUST DTVM S.A.,36.113.876/0001-91,2024-12-31
2089,32781 - TG REAL ESTATE FII,44.625.562/0001-04,30/04/2024,Fundos de Investimentos Imobiliário,BR0B4QCTF006,XP INVESTIMENTOS CCTVM S.A.,TG CORE ASSET LTDA,1374569162.6,9.60651709,Renda Fixa | Definitiva,22H1237510,VIRGO COMPANHIA DE SECURITIZAÇÃO,21/07/2027,2000.0,1856794.769523674,0.13508194567754914,2024-04-30,44.625.562/0001-04,FUNDO DE INVESTIMENTO IMOBILIARIO TG REAL ESTATE,FUNDO DE INVESTIMENTO IMOBILIARIO TG REAL ESTATE,FII,FECHADO,QUALIFICADO,TG CORE ASSET LTDA,13.194.316/0001-03,OLIVEIRA TRUST DTVM S.A.,36.113.876/0001-91,2024-12-31
2090,32781 - TG REAL ESTATE FII,44.625.562/0001-04,30/04/2024,Fundos de Investimentos Imobiliário,BR0B4QCTF006,XP INVESTIMENTOS CCTVM S.A.,TG CORE ASSET LTDA,1374569162.6,9.60651709,Renda Fixa | Definitiva,21C0528435,VIRGO COMPANHIA DE SECURITIZAÇÃO,20/01/2032,2292.0,1270367.396677661,0.09241931444720897,2024-04-30,44.625.562/0001-04,FUNDO DE INVESTIMENTO IMOBILIARIO TG REAL ESTATE,FUNDO DE INVESTIMENTO IMOBILIARIO TG REAL ESTATE,FII,FECHADO,QUALIFICADO,TG CORE ASSET LTDA,13.194.316/0001-03,OLIVEIRA TRUST DTVM S.A.,36.113.876/0001-91,2024-12-31
2091,32781 - TG REAL ESTATE FII,44.625.562/0001-04,30/04/2024,Fundos de Investimentos Imobiliário,BR0B4QCTF006,XP INVESTIMENTOS CCTVM S.A.,TG CORE ASSET LTDA,1374569162.6,9.60651709,Renda Fixa | Definitiva,21C0830879,VIRGO COMPANHIA DE SECURITIZAÇÃO,20/01/2032,702.0,499786.241962644,0.03635948307012049,2024-04-30,44.625.562/0001-04,FUNDO DE INVESTIMENTO IMOBILIARIO TG REAL ESTATE,FUNDO DE INVESTIMENTO IMOBILIARIO TG REAL ESTATE,FII,FECHADO,QUALIFICADO,TG CORE ASSET LTDA,13.194.316/0001-03,OLIVEIRA TRUST DTVM S.A.,36.113.876/0001-91,2024-12-31
2092,32781 - TG REAL ESTATE FII,44.625.562/0001-04,30/04/2024,Fundos de Investimentos Imobiliário,BR0B4QCTF006,XP INVESTIMENTOS CCTVM S.A.,TG CORE ASSET LTDA,1374569162.6,9.60651709,Renda Fixa | Definitiva,21C0822821,VIRGO COMPANHIA DE SECURITIZAÇÃO,20/01/2032,500.0,384216.807188202,0.02795179883574976,2024-04-30,44.625.562/0001-04,FUNDO DE INVESTIMENTO IMOBILIARIO TG REAL ESTATE,FUNDO DE INVESTIMENTO IMOBILIARIO TG REAL ESTATE,FII,FECHADO,QUALIFICADO,TG CORE ASSET LTDA,13.194.316/0001-03,OLIVEIRA TRUST DTVM S.A.,36.113.876/0001-91,2024-12-31
2093,32781 - TG REAL ESTATE FII,44.625.562/0001-04,30/04/2024,Fundos de Investimentos Imobiliário,BR0B4QCTF006,XP INVESTIMENTOS CCTVM S.A.,TG CORE ASSET LTDA,1374569162.6,9.60651709,Renda Fixa | Definitiva,21C0822821,VIRGO COMPANHIA DE SECURITIZAÇÃO,20/01/2032,1500.0,1152650.421564606,0.08385539650724928,2024-04-30,44.625.562/0001-04,FUNDO DE INVESTIMENTO IMOBILIARIO TG REAL ESTATE,FUNDO DE INVESTIMENTO IMOBILIARIO TG REAL ESTATE,FII,FECHADO,QUALIFICADO,TG CORE ASSET LTDA,13.194.316/0001-03,OLIVEIRA TRUST DTVM S.A.,36.113.876/0001-91,2024-12-31
2094,32781 - TG REAL ESTATE FII,44.625.562/0001-04,30/04/2024,Fundos de Investimentos Imobiliário,BR0B4QCTF006,XP INVESTIMENTOS CCTVM S.A.,TG CORE ASSET LTDA,1374569162.6,9.60651709,Renda Fixa | Definitiva,21C0830878,VIRGO COMPANHIA DE SECURITIZAÇÃO,20/01/2032,1863.0,1345284.852499996,0.09786956444995372,2024-04-30,44.625.562/0001-04,FUNDO DE INVESTIMENTO IMOBILIARIO TG REAL ESTATE,FUNDO DE INVESTIMENTO IMOBILIARIO TG REAL ESTATE,FII,FECHADO,QUALIFICADO,TG CORE ASSET LTDA,13.194.316/0001-03,OLIVEIRA TRUST DTVM S.A.,36.113.876/0001-91,2024-12-31
2095,32781 - TG REAL ESTATE FII,44.625.562/0001-04,30/04/2024,Fundos de Investimentos Imobiliário,BR0B4QCTF006,XP INVESTIMENTOS CCTVM S.A.,TG CORE ASSET LTDA,1374569162.6,9.60651709,Renda Fixa | Definitiva,21C0830878,VIRGO COMPANHIA DE SECURITIZAÇÃO,20/01/2032,2200.0,1588634.823134724,0.11557329135260232,2024-04-30,44.625.562/0001-04,FUNDO DE INVESTIMENTO IMOBILIARIO TG REAL ESTATE,FUNDO DE INVESTIMENTO IMOBILIARIO TG REAL ESTATE,FII,FECHADO,QUALIFICADO,TG CORE ASSET LTDA,13.194.316/0001-03,OLIVEIRA TRUST DTVM S.A.,36.113.876/0001-91,2024-12-31
2096,32781 - TG REAL ESTATE FII,44.625.562/0001-04,30/04/2024,Fundos de Investimentos Imobiliário,BR0B4QCTF006,XP INVESTIMENTOS CCTVM S.A.,TG CORE ASSET LTDA,1374569162.6,9.60651709,Renda Fixa | Definitiva,21C0834078,VIRGO COMPANHIA DE SECURITIZAÇÃO,20/01/2032,3500.0,2759102.694540528,0.20072490854673913,2024-04-30,44.625.562/0001-04,FUNDO DE INVESTIMENTO IMOBILIARIO TG REAL ESTATE,FUNDO DE INVESTIMENTO IMOBILIARIO TG REAL ESTATE,FII,FECHADO,QUALIFICADO,TG CORE ASSET LTDA,13.194.316/0001-03,OLIVEIRA TRUST DTVM S.A.,36.113.876/0001-91,2024-12-31
2097,32781 - TG REAL ESTATE FII,44.625.562/0001-04,30/04/2024,Fundos de Investimentos Imobiliário,BR0B4QCTF006,XP INVESTIMENTOS CCTVM S.A.,TG CORE ASSET LTDA,1374569162.6,9.60651709,Renda Fixa | Definitiva,21A0608492,VIRGO COMPANHIA DE SECURITIZAÇÃO,20/01/2026,1800.0,1916920.399039992,0.13945608931122344,2024-04-30,44.625.562/0001-04,FUNDO DE INVESTIMENTO IMOBILIARIO TG REAL ESTATE,FUNDO DE INVESTIMENTO IMOBILIARIO TG REAL ESTATE,FII,FECHADO,QUALIFICADO,TG CORE ASSET LTDA,13.194.316/0001-03,OLIVEIRA TRUST DTVM S.A.,36.113.876/0001-91,2024-12-31
2098,32781 - TG REAL ESTATE FII,44.625.562/0001-04,30/04/2024,Fundos de Investimentos Imobiliário,BR0B4QCTF006,XP INVESTIMENTOS CCTVM S.A.,TG CORE ASSET LTDA,1374569162.6,9.60651709,Renda Fixa | Definitiva,21C0830879,VIRGO COMPANHIA DE SECURITIZAÇÃO,20/01/2032,563.0,400825.718269186,0.02916009824569492,2024-04-30,44.625.562/0001-04,FUNDO DE INVESTIMENTO IMOBILIARIO TG REAL ESTATE,FUNDO DE INVESTIMENTO IMOBILIARIO TG REAL ESTATE,FII,FECHADO,QUALIFICADO,TG CORE ASSET LTDA,13.194.316/0001-03,OLIVEIRA TRUST DTVM S.A.,36.113.876/0001-91,2024-12-31
2099,32781 - TG REAL ESTATE FII,44.625.562/0001-04,30/04/2024,Fundos de Investimentos Imobiliário,BR0B4QCTF006,XP INVESTIMENTOS CCTVM S.A.,TG CORE ASSET LTDA,1374569162.6,9.60651709,Renda Fixa | Definitiva,22L1668403,CANAL COMPANHIA DE SECURITIZACAO,22/12/2027,2000.0,1772407.243070966,0.1289427473928234,2024-04-30,44.625.562/0001-04,FUNDO DE INVESTIMENTO IMOBILIARIO TG REAL ESTATE,FUNDO DE INVESTIMENTO IMOBILIARIO TG REAL ESTATE,FII,FECHADO,QUALIFICADO,TG CORE ASSET LTDA,13.194.316/0001-03,OLIVEIRA TRUST DTVM S.A.,36.113.876/0001-91,2024-12-31
2100,32781 - TG REAL ESTATE FII,44.625.562/0001-04,30/04/2024,Fundos de Investimentos Imobiliário,BR0B4QCTF006,XP INVESTIMENTOS CCTVM S.A.,TG CORE ASSET LTDA,1374569162.6,9.60651709,Renda Fixa | Definitiva,23B0330159,VIRGO COMPANHIA DE SECURITIZAÇÃO,19/02/2035,2000.0,1827866.145257894,0.13297738629611638,2024-04-30,44.625.562/0001-04,FUNDO DE INVESTIMENTO IMOBILIARIO TG REAL ESTATE,FUNDO DE INVESTIMENTO IMOBILIARIO TG REAL ESTATE,FII,FECHADO,QUALIFICADO,TG CORE ASSET LTDA,13.194.316/0001-03,OLIVEIRA TRUST DTVM S.A.,36.113.876/0001-91,2024-12-31
2101,32781 - TG REAL ESTATE FII,44.625.562/0001-04,30/04/2024,Fundos de Investimentos Imobiliário,BR0B4QCTF006,XP INVESTIMENTOS CCTVM S.A.,TG CORE ASSET LTDA,1374569162.6,9.60651709,Renda Fixa | Definitiva,21C0528814,VIRGO COMPANHIA DE SECURITIZAÇÃO,20/01/2032,429.0,204320.8310067008,0.01486435434214366,2024-04-30,44.625.562/0001-04,FUNDO DE INVESTIMENTO IMOBILIARIO TG REAL ESTATE,FUNDO DE INVESTIMENTO IMOBILIARIO TG REAL ESTATE,FII,FECHADO,QUALIFICADO,TG CORE ASSET LTDA,13.194.316/0001-03,OLIVEIRA TRUST DTVM S.A.,36.113.876/0001-91,2024-12-31
2102,32781 - TG REAL ESTATE FII,44.625.562/0001-04,30/04/2024,Fundos de Investimentos Imobiliário,BR0B4QCTF006,XP INVESTIMENTOS CCTVM S.A.,TG CORE ASSET LTDA,1374569162.6,9.60651709,Renda Fixa | Definitiva,20D0995555,Forte Securitizadora SA,20/06/2029,1695.0,1578652.882257532,0.11484710447537667,2024-04-30,44.625.562/0001-04,FUNDO DE INVESTIMENTO IMOBILIARIO TG REAL ESTATE,FUNDO DE INVESTIMENTO IMOBILIARIO TG REAL ESTATE,FII,FECHADO,QUALIFICADO,TG CORE ASSET LTDA,13.194.316/0001-03,OLIVEIRA TRUST DTVM S.A.,36.113.876/0001-91,2024-12-31
2103,32781 - TG REAL ESTATE FII,44.625.562/0001-04,30/04/2024,Fundos de Investimentos Imobiliário,BR0B4QCTF006,XP INVESTIMENTOS CCTVM S.A.,TG CORE ASSET LTDA,1374569162.6,9.60651709,Renda Fixa | Definitiva,20D0942992,VIRGO COMPANHIA DE SECURITIZAÇÃO,20/04/2030,4469.0,1854690.300040513,0.13492884537962158,2024-04-30,44.625.562/0001-04,FUNDO DE INVESTIMENTO IMOBILIARIO TG REAL ESTATE,FUNDO DE INVESTIMENTO IMOBILIARIO TG REAL ESTATE,FII,FECHADO,QUALIFICADO,TG CORE ASSET LTDA,13.194.316/0001-03,OLIVEIRA TRUST DTVM S.A.,36.113.876/0001-91,2024-12-31
2104,32781 - TG REAL ESTATE FII,44.625.562/0001-04,30/04/2024,Fundos de Investimentos Imobiliário,BR0B4QCTF006,XP INVESTIMENTOS CCTVM S.A.,TG CORE ASSET LTDA,1374569162.6,9.60651709,Renda Fixa | Definitiva,20F0851401,Forte Securitizadora SA,20/04/2030,1019.0,536191.7334731995,0.03900798505176647,2024-04-30,44.625.562/0001-04,FUNDO DE INVESTIMENTO IMOBILIARIO TG REAL ESTATE,FUNDO DE INVESTIMENTO IMOBILIARIO TG REAL ESTATE,FII,FECHADO,QUALIFICADO,TG CORE ASSET LTDA,13.194.316/0001-03,OLIVEIRA TRUST DTVM S.A.,36.113.876/0001-91,2024-12-31
2105,32781 - TG REAL ESTATE FII,44.625.562/0001-04,30/04/2024,Fundos de Investimentos Imobiliário,BR0B4QCTF006,XP INVESTIMENTOS CCTVM S.A.,TG CORE ASSET LTDA,1374569162.6,9.60651709,Renda Fixa | Definitiva,20F0851402,Forte Securitizadora SA,20/08/2029,3500.0,1881041.93386103,0.13684592853101957,2024-04-30,44.625.562/0001-04,FUNDO DE INVESTIMENTO IMOBILIARIO TG REAL ESTATE,FUNDO DE INVESTIMENTO IMOBILIARIO TG REAL ESTATE,FII,FECHADO,QUALIFICADO,TG CORE ASSET LTDA,13.194.316/0001-03,OLIVEIRA TRUST DTVM S.A.,36.113.876/0001-91,2024-12-31
2106,32781 - TG REAL ESTATE FII,44.625.562/0001-04,30/04/2024,Fundos de Investimentos Imobiliário,BR0B4QCTF006,XP INVESTIMENTOS CCTVM S.A.,TG CORE ASSET LTDA,1374569162.6,9.60651709,Renda Fixa | Definitiva,20F0851403,Forte Securitizadora SA,20/08/2029,3500.0,1996334.465335262,0.14523346803148066,2024-04-30,44.625.562/0001-04,FUNDO DE INVESTIMENTO IMOBILIARIO TG REAL ESTATE,FUNDO DE INVESTIMENTO IMOBILIARIO TG REAL ESTATE,FII,FECHADO,QUALIFICADO,TG CORE ASSET LTDA,13.194.316/0001-03,OLIVEIRA TRUST DTVM S.A.,36.113.876/0001-91,2024-12-31
2107,32781 - TG REAL ESTATE FII,44.625.562/0001-04,30/04/2024,Fundos de Investimentos Imobiliário,BR0B4QCTF006,XP INVESTIMENTOS CCTVM S.A.,TG CORE ASSET LTDA,1374569162.6,9.60651709,Renda Fixa | Definitiva,19K1139242,Forte Securitizadora SA,20/11/2025,3129.0,3025131.795161847,0.22007854369727056,2024-04-30,44.625.562/0001-04,FUNDO DE INVESTIMENTO IMOBILIARIO TG REAL ESTATE,FUNDO DE INVESTIMENTO IMOBILIARIO TG REAL ESTATE,FII,FECHADO,QUALIFICADO,TG CORE ASSET LTDA,13.194.316/0001-03,OLIVEIRA TRUST DTVM S.A.,36.113.876/0001-91,2024-12-31
2108,32781 - TG REAL ESTATE FII,44.625.562/0001-04,30/04/2024,Fundos de Investimentos Imobiliário,BR0B4QCTF006,XP INVESTIMENTOS CCTVM S.A.,TG CORE ASSET LTDA,1374569162.6,9.60651709,Renda Fixa | Definitiva,22D0059915,VIRGO COMPANHIA DE SECURITIZAÇÃO,23/04/2027,4237.0,3003989.340905664,0.21854042871321316,2024-04-30,44.625.562/0001-04,FUNDO DE INVESTIMENTO IMOBILIARIO TG REAL ESTATE,FUNDO DE INVESTIMENTO IMOBILIARIO TG REAL ESTATE,FII,FECHADO,QUALIFICADO,TG CORE ASSET LTDA,13.194.316/0001-03,OLIVEIRA TRUST DTVM S.A.,36.113.876/0001-91,2024-12-31
2109,32781 - TG REAL ESTATE FII,44.625.562/0001-04,30/04/2024,Fundos de Investimentos Imobiliário,BR0B4QCTF006,XP INVESTIMENTOS CCTVM S.A.,TG CORE ASSET LTDA,1374569162.6,9.60651709,Renda Fixa | Definitiva,21A0796004,Forte Securitizadora SA,20/11/2031,630.0,455192.6485040657,0.03311529611526189,2024-04-30,44.625.562/0001-04,FUNDO DE INVESTIMENTO IMOBILIARIO TG REAL ESTATE,FUNDO DE INVESTIMENTO IMOBILIARIO TG REAL ESTATE,FII,FECHADO,QUALIFICADO,TG CORE ASSET LTDA,13.194.316/0001-03,OLIVEIRA TRUST DTVM S.A.,36.113.876/0001-91,2024-12-31
2110,32781 - TG REAL ESTATE FII,44.625.562/0001-04,30/04/2024,Fundos de Investimentos Imobiliário,BR0B4QCTF006,XP INVESTIMENTOS CCTVM S.A.,TG CORE ASSET LTDA,1374569162.6,9.60651709,Renda Fixa | Definitiva,22I0248848,VIRGO COMPANHIA DE SECURITIZAÇÃO,20/07/2032,1370.0,1380174.420961211,0.10040778292673236,2024-04-30,44.625.562/0001-04,FUNDO DE INVESTIMENTO IMOBILIARIO TG REAL ESTATE,FUNDO DE INVESTIMENTO IMOBILIARIO TG REAL ESTATE,FII,FECHADO,QUALIFICADO,TG CORE ASSET LTDA,13.194.316/0001-03,OLIVEIRA TRUST DTVM S.A.,36.113.876/0001-91,2024-12-31
2111,32781 - TG REAL ESTATE FII,44.625.562/0001-04,30/04/2024,Fundos de Investimentos Imobiliário,BR0B4QCTF006,XP INVESTIMENTOS CCTVM S.A.,TG CORE ASSET LTDA,1374569162.6,9.60651709,Renda Fixa | Definitiva,20D0942992,VIRGO COMPANHIA DE SECURITIZAÇÃO,20/04/2030,1443.0,598862.8558868786,0.04356731346672498,2024-04-30,44.625.562/0001-04,FUNDO DE INVESTIMENTO IMOBILIARIO TG REAL ESTATE,FUNDO DE INVESTIMENTO IMOBILIARIO TG REAL ESTATE,FII,FECHADO,QUALIFICADO,TG CORE ASSET LTDA,13.194.316/0001-03,OLIVEIRA TRUST DTVM S.A.,36.113.876/0001-91,2024-12-31
2112,32781 - TG REAL ESTATE FII,44.625.562/0001-04,30/04/2024,Fundos de Investimentos Imobiliário,BR0B4QCTF006,XP INVESTIMENTOS CCTVM S.A.,TG CORE ASSET LTDA,1374569162.6,9.60651709,Renda Fixa | Definitiva,21A0607944,VIRGO COMPANHIA DE SECURITIZAÇÃO,20/01/2026,3420.0,4919303.79738179,0.35787968559376954,2024-04-30,44.625.562/0001-04,FUNDO DE INVESTIMENTO IMOBILIARIO TG REAL ESTATE,FUNDO DE INVESTIMENTO IMOBILIARIO TG REAL ESTATE,FII,FECHADO,QUALIFICADO,TG CORE ASSET LTDA,13.194.316/0001-03,OLIVEIRA TRUST DTVM S.A.,36.113.876/0001-91,2024-12-31
2113,32781 - TG REAL ESTATE FII,44.625.562/0001-04,30/04/2024,Fundos de Investimentos Imobiliário,BR0B4QCTF006,XP INVESTIMENTOS CCTVM S.A.,TG CORE ASSET LTDA,1374569162.6,9.60651709,Renda Fixa | Definitiva,21L0967496,HABITASEC SECURITIZADORA,24/12/2024,1000.0,1047315.07337396,0.07619224276739642,2024-04-30,44.625.562/0001-04,FUNDO DE INVESTIMENTO IMOBILIARIO TG REAL ESTATE,FUNDO DE INVESTIMENTO IMOBILIARIO TG REAL ESTATE,FII,FECHADO,QUALIFICADO,TG CORE ASSET LTDA,13.194.316/0001-03,OLIVEIRA TRUST DTVM S.A.,36.113.876/0001-91,2024-12-31
2114,32781 - TG REAL ESTATE FII,44.625.562/0001-04,30/04/2024,Fundos de Investimentos Imobiliário,BR0B4QCTF006,XP INVESTIMENTOS CCTVM S.A.,TG CORE ASSET LTDA,1374569162.6,9.60651709,Renda Fixa | Definitiva,19D1329451,Forte Securitizadora SA,20/11/2026,1250.0,780283.1038225349,0.05676564883404107,2024-04-30,44.625.562/0001-04,FUNDO DE INVESTIMENTO IMOBILIARIO TG REAL ESTATE,FUNDO DE INVESTIMENTO IMOBILIARIO TG REAL ESTATE,FII,FECHADO,QUALIFICADO,TG CORE ASSET LTDA,13.194.316/0001-03,OLIVEIRA TRUST DTVM S.A.,36.113.876/0001-91,2024-12-31
2115,32781 - TG REAL ESTATE FII,44.625.562/0001-04,30/04/2024,Fundos de Investimentos Imobiliário,BR0B4QCTF006,XP INVESTIMENTOS CCTVM S.A.,TG CORE ASSET LTDA,1374569162.6,9.60651709,Renda Fixa | Definitiva,21L0967495,HABITASEC SECURITIZADORA,24/12/2024,1785.0,1899705.939407264,0.13820373620298357,2024-04-30,44.625.562/0001-04,FUNDO DE INVESTIMENTO IMOBILIARIO TG REAL ESTATE,FUNDO DE INVESTIMENTO IMOBILIARIO TG REAL ESTATE,FII,FECHADO,QUALIFICADO,TG CORE ASSET LTDA,13.194.316/0001-03,OLIVEIRA TRUST DTVM S.A.,36.113.876/0001-91,2024-12-31
2116,32781 - TG REAL ESTATE FII,44.625.562/0001-04,30/04/2024,Fundos de Investimentos Imobiliário,BR0B4QCTF006,XP INVESTIMENTOS CCTVM S.A.,TG CORE ASSET LTDA,1374569162.6,9.60651709,Renda Fixa | Definitiva,23E1081237,TRUE SECURITIZADORA S.A.,20/04/2027,3000.0,3010314.58936533,0.21900059096854135,2024-04-30,44.625.562/0001-04,FUNDO DE INVESTIMENTO IMOBILIARIO TG REAL ESTATE,FUNDO DE INVESTIMENTO IMOBILIARIO TG REAL ESTATE,FII,FECHADO,QUALIFICADO,TG CORE ASSET LTDA,13.194.316/0001-03,OLIVEIRA TRUST DTVM S.A.,36.113.876/0001-91,2024-12-31
2117,32781 - TG REAL ESTATE FII,44.625.562/0001-04,30/04/2024,Fundos de Investimentos Imobiliário,BR0B4QCTF006,XP INVESTIMENTOS CCTVM S.A.,TG CORE ASSET LTDA,1374569162.6,9.60651709,Renda Fixa | Definitiva,21A0796003,Forte Securitizadora SA,20/11/2031,400.0,282725.1297101048,0.020568272401465033,2024-04-30,44.625.562/0001-04,FUNDO DE INVESTIMENTO IMOBILIARIO TG REAL ESTATE,FUNDO DE INVESTIMENTO IMOBILIARIO TG REAL ESTATE,FII,FECHADO,QUALIFICADO,TG CORE ASSET LTDA,13.194.316/0001-03,OLIVEIRA TRUST DTVM S.A.,36.113.876/0001-91,2024-12-31
2118,32781 - TG REAL ESTATE FII,44.625.562/0001-04,30/04/2024,Fundos de Investimentos Imobiliário,BR0B4QCTF006,XP INVESTIMENTOS CCTVM S.A.,TG CORE ASSET LTDA,1374569162.6,9.60651709,Renda Fixa | Definitiva,24C2146614,LEVERAGE COMPANHIA SECURITIZADORA,22/05/2028,3000.0,3006014.08945995,0.21868772930814695,2024-04-30,44.625.562/0001-04,FUNDO DE INVESTIMENTO IMOBILIARIO TG REAL ESTATE,FUNDO DE INVESTIMENTO IMOBILIARIO TG REAL ESTATE,FII,FECHADO,QUALIFICADO,TG CORE ASSET LTDA,13.194.316/0001-03,OLIVEIRA TRUST DTVM S.A.,36.113.876/0001-91,2024-12-31
2119,32781 - TG REAL ESTATE FII,44.625.562/0001-04,30/04/2024,Fundos de Investimentos Imobiliário,BR0B4QCTF006,XP INVESTIMENTOS CCTVM S.A.,TG CORE ASSET LTDA,1374569162.6,9.60651709,Renda Fixa | Definitiva,24D0770386,VERT COMPANHIA SECURITIZADORA,15/03/2034,2682.0,2691051.17499084,0.19577415587446412,2024-04-30,44.625.562/0001-04,FUNDO DE INVESTIMENTO IMOBILIARIO TG REAL ESTATE,FUNDO DE INVESTIMENTO IMOBILIARIO TG REAL ESTATE,FII,FECHADO,QUALIFICADO,TG CORE ASSET LTDA,13.194.316/0001-03,OLIVEIRA TRUST DTVM S.A.,36.113.876/0001-91,2024-12-31
2120,32781 - TG REAL ESTATE FII,44.625.562/0001-04,30/04/2024,Fundos de Investimentos Imobiliário,BR0B4QCTF006,XP INVESTIMENTOS CCTVM S.A.,TG CORE ASSET LTDA,1374569162.6,9.60651709,Renda Fixa | Definitiva,23B0330161,VIRGO COMPANHIA DE SECURITIZAÇÃO,19/02/2035,900.0,886495.411917,0.06449260146649823,2024-04-30,44.625.562/0001-04,FUNDO DE INVESTIMENTO IMOBILIARIO TG REAL ESTATE,FUNDO DE INVESTIMENTO IMOBILIARIO TG REAL ESTATE,FII,FECHADO,QUALIFICADO,TG CORE ASSET LTDA,13.194.316/0001-03,OLIVEIRA TRUST DTVM S.A.,36.113.876/0001-91,2024-12-31
2121,32781 - TG REAL ESTATE FII,44.625.562/0001-04,30/04/2024,Fundos de Investimentos Imobiliário,BR0B4QCTF006,XP INVESTIMENTOS CCTVM S.A.,TG CORE ASSET LTDA,1374569162.6,9.60651709,Renda Fixa | Definitiva,23B0330162,VIRGO COMPANHIA DE SECURITIZAÇÃO,19/02/2035,1000.0,1000000.0,0.07275006796373187,2024-04-30,44.625.562/0001-04,FUNDO DE INVESTIMENTO IMOBILIARIO TG REAL ESTATE,FUNDO DE INVESTIMENTO IMOBILIARIO TG REAL ESTATE,FII,FECHADO,QUALIFICADO,TG CORE ASSET LTDA,13.194.316/0001-03,OLIVEIRA TRUST DTVM S.A.,36.113.876/0001-91,2024-12-31
2122,32781 - TG REAL ESTATE FII,44.625.562/0001-04,30/04/2024,Fundos de Investimentos Imobiliário,BR0B4QCTF006,XP INVESTIMENTOS CCTVM S.A.,TG CORE ASSET LTDA,1374569162.6,9.60651709,Renda Fixa | Definitiva,22G0893940,VIRGO COMPANHIA DE SECURITIZAÇÃO,23/06/2027,1962.0,2065650.06945068,0.15027618294182443,2024-04-30,44.625.562/0001-04,FUNDO DE INVESTIMENTO IMOBILIARIO TG REAL ESTATE,FUNDO DE INVESTIMENTO IMOBILIARIO TG REAL ESTATE,FII,FECHADO,QUALIFICADO,TG CORE ASSET LTDA,13.194.316/0001-03,OLIVEIRA TRUST DTVM S.A.,36.113.876/0001-91,2024-12-31
2123,32781 - TG REAL ESTATE FII,44.625.562/0001-04,30/04/2024,Fundos de Investimentos Imobiliário,BR0B4QCTF006,XP INVESTIMENTOS CCTVM S.A.,TG CORE ASSET LTDA,1374569162.6,9.60651709,Renda Fixa | Definitiva,21D0503168,Forte Securitizadora SA,20/04/2028,2450.0,760629.8295349879,0.05533587179391215,2024-04-30,44.625.562/0001-04,FUNDO DE INVESTIMENTO IMOBILIARIO TG REAL ESTATE,FUNDO DE INVESTIMENTO IMOBILIARIO TG REAL ESTATE,FII,FECHADO,QUALIFICADO,TG CORE ASSET LTDA,13.194.316/0001-03,OLIVEIRA TRUST DTVM S.A.,36.113.876/0001-91,2024-12-31
2124,32781 - TG REAL ESTATE FII,44.625.562/0001-04,30/04/2024,Fundos de Investimentos Imobiliário,BR0B4QCTF006,XP INVESTIMENTOS CCTVM S.A.,TG CORE ASSET LTDA,1374569162.6,9.60651709,Renda Fixa | Definitiva,23E1206892,HABITASEC SECURITIZADORA,24/04/2028,600.0,594575.572765545,0.04325541332826821,2024-04-30,44.625.562/0001-04,FUNDO DE INVESTIMENTO IMOBILIARIO TG REAL ESTATE,FUNDO DE INVESTIMENTO IMOBILIARIO TG REAL ESTATE,FII,FECHADO,QUALIFICADO,TG CORE ASSET LTDA,13.194.316/0001-03,OLIVEIRA TRUST DTVM S.A.,36.113.876/0001-91,2024-12-31
2125,32781 - TG REAL ESTATE FII,44.625.562/0001-04,30/04/2024,Fundos de Investimentos Imobiliário,BR0B4QCTF006,XP INVESTIMENTOS CCTVM S.A.,TG CORE ASSET LTDA,1374569162.6,9.60651709,Renda Fixa | Definitiva,22I0351653,VIRGO COMPANHIA DE SECURITIZAÇÃO,21/01/2026,110.0,113344.6563220301,0.008245831450753522,2024-04-30,44.625.562/0001-04,FUNDO DE INVESTIMENTO IMOBILIARIO TG REAL ESTATE,FUNDO DE INVESTIMENTO IMOBILIARIO TG REAL ESTATE,FII,FECHADO,QUALIFICADO,TG CORE ASSET LTDA,13.194.316/0001-03,OLIVEIRA TRUST DTVM S.A.,36.113.876/0001-91,2024-12-31
2126,32781 - TG REAL ESTATE FII,44.625.562/0001-04,30/04/2024,Fundos de Investimentos Imobiliário,BR0B4QCTF006,XP INVESTIMENTOS CCTVM S.A.,TG CORE ASSET LTDA,1374569162.6,9.60651709,Renda Fixa | Definitiva,22I0351747,VIRGO COMPANHIA DE SECURITIZAÇÃO,21/01/2026,460.0,460868.8520674764,0.03352824031027599,2024-04-30,44.625.562/0001-04,FUNDO DE INVESTIMENTO IMOBILIARIO TG REAL ESTATE,FUNDO DE INVESTIMENTO IMOBILIARIO TG REAL ESTATE,FII,FECHADO,QUALIFICADO,TG CORE ASSET LTDA,13.194.316/0001-03,OLIVEIRA TRUST DTVM S.A.,36.113.876/0001-91,2024-12-31
2127,32781 - TG REAL ESTATE FII,44.625.562/0001-04,30/04/2024,Fundos de Investimentos Imobiliário,BR0B4QCTF006,XP INVESTIMENTOS CCTVM S.A.,TG CORE ASSET LTDA,1374569162.6,9.60651709,Renda Fixa | Definitiva,21L0967448,HABITASEC SECURITIZADORA,24/12/2024,6500.0,7038947.86761829,0.5120839357623961,2024-04-30,44.625.562/0001-04,FUNDO DE INVESTIMENTO IMOBILIARIO TG REAL ESTATE,FUNDO DE INVESTIMENTO IMOBILIARIO TG REAL ESTATE,FII,FECHADO,QUALIFICADO,TG CORE ASSET LTDA,13.194.316/0001-03,OLIVEIRA TRUST DTVM S.A.,36.113.876/0001-91,2024-12-31
2128,32781 - TG REAL ESTATE FII,44.625.562/0001-04,30/04/2024,Fundos de Investimentos Imobiliário,BR0B4QCTF006,XP INVESTIMENTOS CCTVM S.A.,TG CORE ASSET LTDA,1374569162.6,9.60651709,Renda Fixa | Definitiva,24D0770386,VERT COMPANHIA SECURITIZADORA,15/03/2034,20446.0,20515000.86646634,1.4924677073114443,2024-04-30,44.625.562/0001-04,FUNDO DE INVESTIMENTO IMOBILIARIO TG REAL ESTATE,FUNDO DE INVESTIMENTO IMOBILIARIO TG REAL ESTATE,FII,FECHADO,QUALIFICADO,TG CORE ASSET LTDA,13.194.316/0001-03,OLIVEIRA TRUST DTVM S.A.,36.113.876/0001-91,2024-12-31
2129,32781 - TG REAL ESTATE FII,44.625.562/0001-04,30/04/2024,Fundos de Investimentos Imobiliário,BR0B4QCTF006,XP INVESTIMENTOS CCTVM S.A.,TG CORE ASSET LTDA,1374569162.6,9.60651709,Renda Fixa | Definitiva,22G0893940,VIRGO COMPANHIA DE SECURITIZAÇÃO,23/06/2027,1800.0,1895091.806835486,0.13786805774479305,2024-04-30,44.625.562/0001-04,FUNDO DE INVESTIMENTO IMOBILIARIO TG REAL ESTATE,FUNDO DE INVESTIMENTO IMOBILIARIO TG REAL ESTATE,FII,FECHADO,QUALIFICADO,TG CORE ASSET LTDA,13.194.316/0001-03,OLIVEIRA TRUST DTVM S.A.,36.113.876/0001-91,2024-12-31
2130,32781 - TG REAL ESTATE FII,44.625.562/0001-04,30/04/2024,Fundos de Investimentos Imobiliário,BR0B4QCTF006,XP INVESTIMENTOS CCTVM S.A.,TG CORE ASSET LTDA,1374569162.6,9.60651709,Renda Fixa | Definitiva,21C0528814,VIRGO COMPANHIA DE SECURITIZAÇÃO,20/01/2032,571.0,271951.5023422522,0.01978449027823783,2024-04-30,44.625.562/0001-04,FUNDO DE INVESTIMENTO IMOBILIARIO TG REAL ESTATE,FUNDO DE INVESTIMENTO IMOBILIARIO TG REAL ESTATE,FII,FECHADO,QUALIFICADO,TG CORE ASSET LTDA,13.194.316/0001-03,OLIVEIRA TRUST DTVM S.A.,36.113.876/0001-91,2024-12-31
2131,32781 - TG REAL ESTATE FII,44.625.562/0001-04,30/04/2024,Fundos de Investimentos Imobiliário,BR0B4QCTF006,XP INVESTIMENTOS CCTVM S.A.,TG CORE ASSET LTDA,1374569162.6,9.60651709,Renda Fixa | Definitiva,23E1079719,TRUE SECURITIZADORA S.A.,20/04/2027,590.0,581579.2403716623,0.04230992926333399,2024-04-30,44.625.562/0001-04,FUNDO DE INVESTIMENTO IMOBILIARIO TG REAL ESTATE,FUNDO DE INVESTIMENTO IMOBILIARIO TG REAL ESTATE,FII,FECHADO,QUALIFICADO,TG CORE ASSET LTDA,13.194.316/0001-03,OLIVEIRA TRUST DTVM S.A.,36.113.876/0001-91,2024-12-31
2933,22691 - XP SELECTION FII,30.983.020/0001-90,30/04/2024,Fundos de Investimentos Imobiliário,-,XP INVESTIMENTOS CCTVM S.A.,XP VISTA ASSET MANAGEMENT LTDA.,368927401.25,8.51984223,Cotas de fundos,OT SOBERANO FIRF REF DI LP,OLIVEIRA TRUST,2099-12-01 00:00:00,4613.06816591,12004079.72,3.2537782987459787,2024-04-30,30.983.020/0001-90,XP SELECTION FUNDO DE FUNDOS DE INVESTIMENTO IMOBILIÁRIO - FII,XP SELECTION FUNDO DE FUNDOS DE INVESTIMENTO IMOBILIÁRIO - FII,FII,FECHADO,GERAL,XP VISTA ASSET MANAGMENT LTDA.,16.789.525/0001-98,OLIVEIRA TRUST DTVM S.A.,36.113.876/0001-91,2024-12-31
2968,32781 - TG REAL ESTATE FII,44.625.562/0001-04,30/04/2024,Fundos de Investimentos Imobiliário,BR0B4QCTF006,XP INVESTIMENTOS CCTVM S.A.,TG CORE ASSET LTDA,1374569162.6,9.60651709,Cotas de fundos,FUNDO DE INVESTIMENTO IMOBILIÁRIO XP GRUPO CARNAÚBA,XP - 02220030-7,2099-12-01 00:00:00,4655.0,4317945.04,0.31413079512365893,2024-04-30,44.625.562/0001-04,FUNDO DE INVESTIMENTO IMOBILIARIO TG REAL ESTATE,FUNDO DE INVESTIMENTO IMOBILIARIO TG REAL ESTATE,FII,FECHADO,QUALIFICADO,TG CORE ASSET LTDA,13.194.316/0001-03,OLIVEIRA TRUST DTVM S.A.,36.113.876/0001-91,2024-12-31
2969,32781 - TG REAL ESTATE FII,44.625.562/0001-04,30/04/2024,Fundos de Investimentos Imobiliário,BR0B4QCTF006,XP INVESTIMENTOS CCTVM S.A.,TG CORE ASSET LTDA,1374569162.6,9.60651709,Cotas de fundos,SAFRA CAPITAL MARKET PREMIUM FIC FI RF REFERENCIADO DI CP,OLIVEIRA TRUST,2099-12-01 00:00:00,1323223.69644367,365000000.0,26.55377480676213,2024-04-30,44.625.562/0001-04,FUNDO DE INVESTIMENTO IMOBILIARIO TG REAL ESTATE,FUNDO DE INVESTIMENTO IMOBILIARIO TG REAL ESTATE,FII,FECHADO,QUALIFICADO,TG CORE ASSET LTDA,13.194.316/0001-03,OLIVEIRA TRUST DTVM S.A.,36.113.876/0001-91,2024-12-31
2970,32781 - TG REAL ESTATE FII,44.625.562/0001-04,30/04/2024,Fundos de Investimentos Imobiliário,BR0B4QCTF006,XP INVESTIMENTOS CCTVM S.A.,TG CORE ASSET LTDA,1374569162.6,9.60651709,Cotas de fundos,OT SOBERANO FIRF REF DI LP,OLIVEIRA TRUST,2099-12-01 00:00:00,18948.44596863,49307456.08,3.587120780938724,2024-04-30,44.625.562/0001-04,FUNDO DE INVESTIMENTO IMOBILIARIO TG REAL ESTATE,FUNDO DE INVESTIMENTO IMOBILIARIO TG REAL ESTATE,FII,FECHADO,QUALIFICADO,TG CORE ASSET LTDA,13.194.316/0001-03,OLIVEIRA TRUST DTVM S.A.,36.113.876/0001-91,2024-12-31
2971,32781 - TG REAL ESTATE FII,44.625.562/0001-04,30/04/2024,Fundos de Investimentos Imobiliário,BR0B4QCTF006,XP INVESTIMENTOS CCTVM S.A.,TG CORE ASSET LTDA,1374569162.6,9.60651709,Cotas de fundos,BLUE FII,XP - 02220030-7,2099-12-01 00:00:00,200000.0,19843663.58,1.4436278740944308,2024-04-30,44.625.562/0001-04,FUNDO DE INVESTIMENTO IMOBILIARIO TG REAL ESTATE,FUNDO DE INVESTIMENTO IMOBILIARIO TG REAL ESTATE,FII,FECHADO,QUALIFICADO,TG CORE ASSET LTDA,13.194.316/0001-03,OLIVEIRA TRUST DTVM S.A.,36.113.876/0001-91,2024-12-31
2972,32781 - TG REAL ESTATE FII,44.625.562/0001-04,30/04/2024,Fundos de Investimentos Imobiliário,BR0B4QCTF006,XP INVESTIMENTOS CCTVM S.A.,TG CORE ASSET LTDA,1374569162.6,9.60651709,Cotas de fundos,TREND PE XXII FIC RF,XP - 02220030-7,2099-12-01 00:00:00,320073.68833696,335009.19,0.024371941340974763,2024-04-30,44.625.562/0001-04,FUNDO DE INVESTIMENTO IMOBILIARIO TG REAL ESTATE,FUNDO DE INVESTIMENTO IMOBILIARIO TG REAL ESTATE,FII,FECHADO,QUALIFICADO,TG CORE ASSET LTDA,13.194.316/0001-03,OLIVEIRA TRUST DTVM S.A.,36.113.876/0001-91,2024-12-31
3528,22691 - XP SELECTION FII,30.983.020/0001-90,30/04/2024,Fundos de Investimentos Imobiliário,-,XP INVESTIMENTOS CCTVM S.A.,XP VISTA ASSET MANAGEMENT LTDA.,368927401.25,8.51984223,Renda Variável,HGRU11,FII CSHG URBCI,2099-12-01 00:00:00,500.0,67725.0,0.01835727023000572,2024-04-30,30.983.020/0001-90,XP SELECTION FUNDO DE FUNDOS DE INVESTIMENTO IMOBILIÁRIO - FII,XP SELECTION FUNDO DE FUNDOS DE INVESTIMENTO IMOBILIÁRIO - FII,FII,FECHADO,GERAL,XP VISTA ASSET MANAGMENT LTDA.,16.789.525/0001-98,OLIVEIRA TRUST DTVM S.A.,36.113.876/0001-91,2024-12-31
3529,22691 - XP SELECTION FII,30.983.020/0001-90,30/04/2024,Fundos de Investimentos Imobiliário,-,XP INVESTIMENTOS CCTVM S.A.,XP VISTA ASSET MANAGEMENT LTDA.,368927401.25,8.51984223,Renda Variável,GTWR11,FII G TOWERSCI,2099-12-01 00:00:00,58419.0,4885580.97,1.3242662251290287,2024-04-30,30.983.020/0001-90,XP SELECTION FUNDO DE FUNDOS DE INVESTIMENTO IMOBILIÁRIO - FII,XP SELECTION FUNDO DE FUNDOS DE INVESTIMENTO IMOBILIÁRIO - FII,FII,FECHADO,GERAL,XP VISTA ASSET MANAGMENT LTDA.,16.789.525/0001-98,OLIVEIRA TRUST DTVM S.A.,36.113.876/0001-91,2024-12-31
3530,22691 - XP SELECTION FII,30.983.020/0001-90,30/04/2024,Fundos de Investimentos Imobiliário,-,XP INVESTIMENTOS CCTVM S.A.,XP VISTA ASSET MANAGEMENT LTDA.,368927401.25,8.51984223,Renda Variável,TRXF11,FII TRX REALCI,2099-12-01 00:00:00,16705.0,1846236.6,0.5004335795456181,2024-04-30,30.983.020/0001-90,XP SELECTION FUNDO DE FUNDOS DE INVESTIMENTO IMOBILIÁRIO - FII,XP SELECTION FUNDO DE FUNDOS DE INVESTIMENTO IMOBILIÁRIO - FII,FII,FECHADO,GERAL,XP VISTA ASSET MANAGMENT LTDA.,16.789.525/0001-98,OLIVEIRA TRUST DTVM S.A.,36.113.876/0001-91,2024-12-31
3531,22691 - XP SELECTION FII,30.983.020/0001-90,30/04/2024,Fundos de Investimentos Imobiliário,-,XP INVESTIMENTOS CCTVM S.A.,XP VISTA ASSET MANAGEMENT LTDA.,368927401.25,8.51984223,Renda Variável,HGRE11,FII HG REAL CI,2099-12-01 00:00:00,36062.0,4478539.78,1.213935252525513,2024-04-30,30.983.020/0001-90,XP SELECTION FUNDO DE FUNDOS DE INVESTIMENTO IMOBILIÁRIO - FII,XP SELECTION FUNDO DE FUNDOS DE INVESTIMENTO IMOBILIÁRIO - FII,FII,FECHADO,GERAL,XP VISTA ASSET MANAGMENT LTDA.,16.789.525/0001-98,OLIVEIRA TRUST DTVM S.A.,36.113.876/0001-91,2024-12-31
3532,22691 - XP SELECTION FII,30.983.020/0001-90,30/04/2024,Fundos de Investimentos Imobiliário,-,XP INVESTIMENTOS CCTVM S.A.,XP VISTA ASSET MANAGEMENT LTDA.,368927401.25,8.51984223,Renda Variável,BRCO11,FII BRESCO  CI,2099-12-01 00:00:00,14979.0,1794334.41,0.4863651775174289,2024-04-30,30.983.020/0001-90,XP SELECTION FUNDO DE FUNDOS DE INVESTIMENTO IMOBILIÁRIO - FII,XP SELECTION FUNDO DE FUNDOS DE INVESTIMENTO IMOBILIÁRIO - FII,FII,FECHADO,GERAL,XP VISTA ASSET MANAGMENT LTDA.,16.789.525/0001-98,OLIVEIRA TRUST DTVM S.A.,36.113.876/0001-91,2024-12-31
3533,22691 - XP SELECTION FII,30.983.020/0001-90,30/04/2024,Fundos de Investimentos Imobiliário,-,XP INVESTIMENTOS CCTVM S.A.,XP VISTA ASSET MANAGEMENT LTDA.,368927401.25,8.51984223,Renda Variável,HGBS11,FII HEDGEBS CI,2099-12-01 00:00:00,33929.0,7555649.01,2.048004291467629,2024-04-30,30.983.020/0001-90,XP SELECTION FUNDO DE FUNDOS DE INVESTIMENTO IMOBILIÁRIO - FII,XP SELECTION FUNDO DE FUNDOS DE INVESTIMENTO IMOBILIÁRIO - FII,FII,FECHADO,GERAL,XP VISTA ASSET MANAGMENT LTDA.,16.789.525/0001-98,OLIVEIRA TRUST DTVM S.A.,36.113.876/0001-91,2024-12-31
3534,22691 - XP SELECTION FII,30.983.020/0001-90,30/04/2024,Fundos de Investimentos Imobiliário,-,XP INVESTIMENTOS CCTVM S.A.,XP VISTA ASSET MANAGEMENT LTDA.,368927401.25,8.51984223,Renda Variável,RBRP11,FII RBR PROPCI,2099-12-01 00:00:00,139424.0,8504864.0,2.3052947466585065,2024-04-30,30.983.020/0001-90,XP SELECTION FUNDO DE FUNDOS DE INVESTIMENTO IMOBILIÁRIO - FII,XP SELECTION FUNDO DE FUNDOS DE INVESTIMENTO IMOBILIÁRIO - FII,FII,FECHADO,GERAL,XP VISTA ASSET MANAGMENT LTDA.,16.789.525/0001-98,OLIVEIRA TRUST DTVM S.A.,36.113.876/0001-91,2024-12-31
3535,22691 - XP SELECTION FII,30.983.020/0001-90,30/04/2024,Fundos de Investimentos Imobiliário,-,XP INVESTIMENTOS CCTVM S.A.,XP VISTA ASSET MANAGEMENT LTDA.,368927401.25,8.51984223,Renda Variável,VVMR11,FII MULT RENCI,2099-12-01 00:00:00,207510.0,18987165.0,5.146585733580015,2024-04-30,30.983.020/0001-90,XP SELECTION FUNDO DE FUNDOS DE INVESTIMENTO IMOBILIÁRIO - FII,XP SELECTION FUNDO DE FUNDOS DE INVESTIMENTO IMOBILIÁRIO - FII,FII,FECHADO,GERAL,XP VISTA ASSET MANAGMENT LTDA.,16.789.525/0001-98,OLIVEIRA TRUST DTVM S.A.,36.113.876/0001-91,2024-12-31
3536,22691 - XP SELECTION FII,30.983.020/0001-90,30/04/2024,Fundos de Investimentos Imobiliário,-,XP INVESTIMENTOS CCTVM S.A.,XP VISTA ASSET MANAGEMENT LTDA.,368927401.25,8.51984223,Renda Variável,TEPP11,FII TEL PROPCI,2099-12-01 00:00:00,55207.0,5250737.77,1.4232441808901826,2024-04-30,30.983.020/0001-90,XP SELECTION FUNDO DE FUNDOS DE INVESTIMENTO IMOBILIÁRIO - FII,XP SELECTION FUNDO DE FUNDOS DE INVESTIMENTO IMOBILIÁRIO - FII,FII,FECHADO,GERAL,XP VISTA ASSET MANAGMENT LTDA.,16.789.525/0001-98,OLIVEIRA TRUST DTVM S.A.,36.113.876/0001-91,2024-12-31
3537,22691 - XP SELECTION FII,30.983.020/0001-90,30/04/2024,Fundos de Investimentos Imobiliário,-,XP INVESTIMENTOS CCTVM S.A.,XP VISTA ASSET MANAGEMENT LTDA.,368927401.25,8.51984223,Renda Variável,CBOP11,FII C BRANCOCI,2099-12-01 00:00:00,60072.0,1737282.24,0.47090084231036766,2024-04-30,30.983.020/0001-90,XP SELECTION FUNDO DE FUNDOS DE INVESTIMENTO IMOBILIÁRIO - FII,XP SELECTION FUNDO DE FUNDOS DE INVESTIMENTO IMOBILIÁRIO - FII,FII,FECHADO,GERAL,XP VISTA ASSET MANAGMENT LTDA.,16.789.525/0001-98,OLIVEIRA TRUST DTVM S.A.,36.113.876/0001-91,2024-12-31
3538,22691 - XP SELECTION FII,30.983.020/0001-90,30/04/2024,Fundos de Investimentos Imobiliário,-,XP INVESTIMENTOS CCTVM S.A.,XP VISTA ASSET MANAGEMENT LTDA.,368927401.25,8.51984223,Renda Variável,RBRR11,FII RBRHGRADCI,2099-12-01 00:00:00,199812.0,18542553.6,5.026071128675754,2024-04-30,30.983.020/0001-90,XP SELECTION FUNDO DE FUNDOS DE INVESTIMENTO IMOBILIÁRIO - FII,XP SELECTION FUNDO DE FUNDOS DE INVESTIMENTO IMOBILIÁRIO - FII,FII,FECHADO,GERAL,XP VISTA ASSET MANAGMENT LTDA.,16.789.525/0001-98,OLIVEIRA TRUST DTVM S.A.,36.113.876/0001-91,2024-12-31
3539,22691 - XP SELECTION FII,30.983.020/0001-90,30/04/2024,Fundos de Investimentos Imobiliário,-,XP INVESTIMENTOS CCTVM S.A.,XP VISTA ASSET MANAGEMENT LTDA.,368927401.25,8.51984223,Renda Variável,KNRI11,FII KINEA   CI,2099-12-01 00:00:00,5363.0,879424.74,0.23837338647667064,2024-04-30,30.983.020/0001-90,XP SELECTION FUNDO DE FUNDOS DE INVESTIMENTO IMOBILIÁRIO - FII,XP SELECTION FUNDO DE FUNDOS DE INVESTIMENTO IMOBILIÁRIO - FII,FII,FECHADO,GERAL,XP VISTA ASSET MANAGMENT LTDA.,16.789.525/0001-98,OLIVEIRA TRUST DTVM S.A.,36.113.876/0001-91,2024-12-31
3540,22691 - XP SELECTION FII,30.983.020/0001-90,30/04/2024,Fundos de Investimentos Imobiliário,-,XP INVESTIMENTOS CCTVM S.A.,XP VISTA ASSET MANAGEMENT LTDA.,368927401.25,8.51984223,Renda Variável,PVBI11,FII VBI PRI CI,2099-12-01 00:00:00,8416.0,844629.76,0.22894199702657625,2024-04-30,30.983.020/0001-90,XP SELECTION FUNDO DE FUNDOS DE INVESTIMENTO IMOBILIÁRIO - FII,XP SELECTION FUNDO DE FUNDOS DE INVESTIMENTO IMOBILIÁRIO - FII,FII,FECHADO,GERAL,XP VISTA ASSET MANAGMENT LTDA.,16.789.525/0001-98,OLIVEIRA TRUST DTVM S.A.,36.113.876/0001-91,2024-12-31
3541,22691 - XP SELECTION FII,30.983.020/0001-90,30/04/2024,Fundos de Investimentos Imobiliário,-,XP INVESTIMENTOS CCTVM S.A.,XP VISTA ASSET MANAGEMENT LTDA.,368927401.25,8.51984223,Renda Variável,XPLG11,FII XP LOG  CI,2099-12-01 00:00:00,148215.0,15524039.1,4.207884545143961,2024-04-30,30.983.020/0001-90,XP SELECTION FUNDO DE FUNDOS DE INVESTIMENTO IMOBILIÁRIO - FII,XP SELECTION FUNDO DE FUNDOS DE INVESTIMENTO IMOBILIÁRIO - FII,FII,FECHADO,GERAL,XP VISTA ASSET MANAGMENT LTDA.,16.789.525/0001-98,OLIVEIRA TRUST DTVM S.A.,36.113.876/0001-91,2024-12-31
3542,22691 - XP SELECTION FII,30.983.020/0001-90,30/04/2024,Fundos de Investimentos Imobiliário,-,XP INVESTIMENTOS CCTVM S.A.,XP VISTA ASSET MANAGEMENT LTDA.,368927401.25,8.51984223,Renda Variável,KNCR11,FII KINEA RICI,2099-12-01 00:00:00,18041.0,1894485.41,0.513511710862653,2024-04-30,30.983.020/0001-90,XP SELECTION FUNDO DE FUNDOS DE INVESTIMENTO IMOBILIÁRIO - FII,XP SELECTION FUNDO DE FUNDOS DE INVESTIMENTO IMOBILIÁRIO - FII,FII,FECHADO,GERAL,XP VISTA ASSET MANAGMENT LTDA.,16.789.525/0001-98,OLIVEIRA TRUST DTVM S.A.,36.113.876/0001-91,2024-12-31
3543,22691 - XP SELECTION FII,30.983.020/0001-90,30/04/2024,Fundos de Investimentos Imobiliário,-,XP INVESTIMENTOS CCTVM S.A.,XP VISTA ASSET MANAGEMENT LTDA.,368927401.25,8.51984223,Renda Variável,MCCI11,FII MAUA    CI,2099-12-01 00:00:00,204584.0,18791040.4,5.09342497638619,2024-04-30,30.983.020/0001-90,XP SELECTION FUNDO DE FUNDOS DE INVESTIMENTO IMOBILIÁRIO - FII,XP SELECTION FUNDO DE FUNDOS DE INVESTIMENTO IMOBILIÁRIO - FII,FII,FECHADO,GERAL,XP VISTA ASSET MANAGMENT LTDA.,16.789.525/0001-98,OLIVEIRA TRUST DTVM S.A.,36.113.876/0001-91,2024-12-31
3544,22691 - XP SELECTION FII,30.983.020/0001-90,30/04/2024,Fundos de Investimentos Imobiliário,-,XP INVESTIMENTOS CCTVM S.A.,XP VISTA ASSET MANAGEMENT LTDA.,368927401.25,8.51984223,Renda Variável,VISC11,FII VINCI SCCI,2099-12-01 00:00:00,23096.0,2778217.84,0.7530527227272469,2024-04-30,30.983.020/0001-90,XP SELECTION FUNDO DE FUNDOS DE INVESTIMENTO IMOBILIÁRIO - FII,XP SELECTION FUNDO DE FUNDOS DE INVESTIMENTO IMOBILIÁRIO - FII,FII,FECHADO,GERAL,XP VISTA ASSET MANAGMENT LTDA.,16.789.525/0001-98,OLIVEIRA TRUST DTVM S.A.,36.113.876/0001-91,2024-12-31
3545,22691 - XP SELECTION FII,30.983.020/0001-90,30/04/2024,Fundos de Investimentos Imobiliário,-,XP INVESTIMENTOS CCTVM S.A.,XP VISTA ASSET MANAGEMENT LTDA.,368927401.25,8.51984223,Renda Variável,JSRE11,FII JS REAL CI,2099-12-01 00:00:00,15718.0,1095073.06,0.2968261658769918,2024-04-30,30.983.020/0001-90,XP SELECTION FUNDO DE FUNDOS DE INVESTIMENTO IMOBILIÁRIO - FII,XP SELECTION FUNDO DE FUNDOS DE INVESTIMENTO IMOBILIÁRIO - FII,FII,FECHADO,GERAL,XP VISTA ASSET MANAGMENT LTDA.,16.789.525/0001-98,OLIVEIRA TRUST DTVM S.A.,36.113.876/0001-91,2024-12-31
3546,22691 - XP SELECTION FII,30.983.020/0001-90,30/04/2024,Fundos de Investimentos Imobiliário,-,XP INVESTIMENTOS CCTVM S.A.,XP VISTA ASSET MANAGEMENT LTDA.,368927401.25,8.51984223,Renda Variável,BROF11,FII BROF    CI,2099-12-01 00:00:00,63184.0,3508607.52,0.9510292561929892,2024-04-30,30.983.020/0001-90,XP SELECTION FUNDO DE FUNDOS DE INVESTIMENTO IMOBILIÁRIO - FII,XP SELECTION FUNDO DE FUNDOS DE INVESTIMENTO IMOBILIÁRIO - FII,FII,FECHADO,GERAL,XP VISTA ASSET MANAGMENT LTDA.,16.789.525/0001-98,OLIVEIRA TRUST DTVM S.A.,36.113.876/0001-91,2024-12-31
3547,22691 - XP SELECTION FII,30.983.020/0001-90,30/04/2024,Fundos de Investimentos Imobiliário,-,XP INVESTIMENTOS CCTVM S.A.,XP VISTA ASSET MANAGEMENT LTDA.,368927401.25,8.51984223,Renda Variável,PATL11,FII PATR LOGCI,2099-12-01 00:00:00,43014.0,2665147.44,0.7224043079939159,2024-04-30,30.983.020/0001-90,XP SELECTION FUNDO DE FUNDOS DE INVESTIMENTO IMOBILIÁRIO - FII,XP SELECTION FUNDO DE FUNDOS DE INVESTIMENTO IMOBILIÁRIO - FII,FII,FECHADO,GERAL,XP VISTA ASSET MANAGMENT LTDA.,16.789.525/0001-98,OLIVEIRA TRUST DTVM S.A.,36.113.876/0001-91,2024-12-31
3548,22691 - XP SELECTION FII,30.983.020/0001-90,30/04/2024,Fundos de Investimentos Imobiliário,-,XP INVESTIMENTOS CCTVM S.A.,XP VISTA ASSET MANAGEMENT LTDA.,368927401.25,8.51984223,Renda Variável,PVBI15,FII VBI PRI CI,2099-12-01 00:00:00,62000.0,6222320.0,1.6865974115551006,2024-04-30,30.983.020/0001-90,XP SELECTION FUNDO DE FUNDOS DE INVESTIMENTO IMOBILIÁRIO - FII,XP SELECTION FUNDO DE FUNDOS DE INVESTIMENTO IMOBILIÁRIO - FII,FII,FECHADO,GERAL,XP VISTA ASSET MANAGMENT LTDA.,16.789.525/0001-98,OLIVEIRA TRUST DTVM S.A.,36.113.876/0001-91,2024-12-31
3549,22691 - XP SELECTION FII,30.983.020/0001-90,30/04/2024,Fundos de Investimentos Imobiliário,-,XP INVESTIMENTOS CCTVM S.A.,XP VISTA ASSET MANAGEMENT LTDA.,368927401.25,8.51984223,Renda Variável,XPCI11,FII XP CRED CI,2099-12-01 00:00:00,119898.0,10658932.2,2.8891679403279342,2024-04-30,30.983.020/0001-90,XP SELECTION FUNDO DE FUNDOS DE INVESTIMENTO IMOBILIÁRIO - FII,XP SELECTION FUNDO DE FUNDOS DE INVESTIMENTO IMOBILIÁRIO - FII,FII,FECHADO,GERAL,XP VISTA ASSET MANAGMENT LTDA.,16.789.525/0001-98,OLIVEIRA TRUST DTVM S.A.,36.113.876/0001-91,2024-12-31
3550,22691 - XP SELECTION FII,30.983.020/0001-90,30/04/2024,Fundos de Investimentos Imobiliário,-,XP INVESTIMENTOS CCTVM S.A.,XP VISTA ASSET MANAGEMENT LTDA.,368927401.25,8.51984223,Renda Variável,HABT11,FII HABIT IICI,2099-12-01 00:00:00,959.0,88132.1,0.02388873792008693,2024-04-30,30.983.020/0001-90,XP SELECTION FUNDO DE FUNDOS DE INVESTIMENTO IMOBILIÁRIO - FII,XP SELECTION FUNDO DE FUNDOS DE INVESTIMENTO IMOBILIÁRIO - FII,FII,FECHADO,GERAL,XP VISTA ASSET MANAGMENT LTDA.,16.789.525/0001-98,OLIVEIRA TRUST DTVM S.A.,36.113.876/0001-91,2024-12-31
3551,22691 - XP SELECTION FII,30.983.020/0001-90,30/04/2024,Fundos de Investimentos Imobiliário,-,XP INVESTIMENTOS CCTVM S.A.,XP VISTA ASSET MANAGEMENT LTDA.,368927401.25,8.51984223,Renda Variável,TGAR11,FII TG ATIVOCI,2099-12-01 00:00:00,171020.0,21598115.8,5.854299715017441,2024-04-30,30.983.020/0001-90,XP SELECTION FUNDO DE FUNDOS DE INVESTIMENTO IMOBILIÁRIO - FII,XP SELECTION FUNDO DE FUNDOS DE INVESTIMENTO IMOBILIÁRIO - FII,FII,FECHADO,GERAL,XP VISTA ASSET MANAGMENT LTDA.,16.789.525/0001-98,OLIVEIRA TRUST DTVM S.A.,36.113.876/0001-91,2024-12-31
3552,22691 - XP SELECTION FII,30.983.020/0001-90,30/04/2024,Fundos de Investimentos Imobiliário,-,XP INVESTIMENTOS CCTVM S.A.,XP VISTA ASSET MANAGEMENT LTDA.,368927401.25,8.51984223,Renda Variável,SPVJ11,FII S VAREJOCI  ERS,2099-12-01 00:00:00,75117.0,8352202.82,2.263915011924043,2024-04-30,30.983.020/0001-90,XP SELECTION FUNDO DE FUNDOS DE INVESTIMENTO IMOBILIÁRIO - FII,XP SELECTION FUNDO DE FUNDOS DE INVESTIMENTO IMOBILIÁRIO - FII,FII,FECHADO,GERAL,XP VISTA ASSET MANAGMENT LTDA.,16.789.525/0001-98,OLIVEIRA TRUST DTVM S.A.,36.113.876/0001-91,2024-12-31
3553,22691 - XP SELECTION FII,30.983.020/0001-90,30/04/2024,Fundos de Investimentos Imobiliário,-,XP INVESTIMENTOS CCTVM S.A.,XP VISTA ASSET MANAGEMENT LTDA.,368927401.25,8.51984223,Renda Variável,RBRL11,FII RBR LOG CI,2099-12-01 00:00:00,225968.0,18382496.8,4.982686766479371,2024-04-30,30.983.020/0001-90,XP SELECTION FUNDO DE FUNDOS DE INVESTIMENTO IMOBILIÁRIO - FII,XP SELECTION FUNDO DE FUNDOS DE INVESTIMENTO IMOBILIÁRIO - FII,FII,FECHADO,GERAL,XP VISTA ASSET MANAGMENT LTDA.,16.789.525/0001-98,OLIVEIRA TRUST DTVM S.A.,36.113.876/0001-91,2024-12-31
3554,22691 - XP SELECTION FII,30.983.020/0001-90,30/04/2024,Fundos de Investimentos Imobiliário,-,XP INVESTIMENTOS CCTVM S.A.,XP VISTA ASSET MANAGEMENT LTDA.,368927401.25,8.51984223,Renda Variável,VILG11,FII VINCI LGCI,2099-12-01 00:00:00,97580.0,9059327.2,2.45558534532951,2024-04-30,30.983.020/0001-90,XP SELECTION FUNDO DE FUNDOS DE INVESTIMENTO IMOBILIÁRIO - FII,XP SELECTION FUNDO DE FUNDOS DE INVESTIMENTO IMOBILIÁRIO - FII,FII,FECHADO,GERAL,XP VISTA ASSET MANAGMENT LTDA.,16.789.525/0001-98,OLIVEIRA TRUST DTVM S.A.,36.113.876/0001-91,2024-12-31
3555,22691 - XP SELECTION FII,30.983.020/0001-90,30/04/2024,Fundos de Investimentos Imobiliário,-,XP INVESTIMENTOS CCTVM S.A.,XP VISTA ASSET MANAGEMENT LTDA.,368927401.25,8.51984223,Renda Variável,AIEC11,FII AUTONOMYCI,2099-12-01 00:00:00,78696.0,4155148.8,1.126278174492196,2024-04-30,30.983.020/0001-90,XP SELECTION FUNDO DE FUNDOS DE INVESTIMENTO IMOBILIÁRIO - FII,XP SELECTION FUNDO DE FUNDOS DE INVESTIMENTO IMOBILIÁRIO - FII,FII,FECHADO,GERAL,XP VISTA ASSET MANAGMENT LTDA.,16.789.525/0001-98,OLIVEIRA TRUST DTVM S.A.,36.113.876/0001-91,2024-12-31
3556,22691 - XP SELECTION FII,30.983.020/0001-90,30/04/2024,Fundos de Investimentos Imobiliário,-,XP INVESTIMENTOS CCTVM S.A.,XP VISTA ASSET MANAGEMENT LTDA.,368927401.25,8.51984223,Renda Variável,XPML13,FII XP MALLSCI ER,2099-12-01 00:00:00,44963.0,5229646.53,1.417527272921694,2024-04-30,30.983.020/0001-90,XP SELECTION FUNDO DE FUNDOS DE INVESTIMENTO IMOBILIÁRIO - FII,XP SELECTION FUNDO DE FUNDOS DE INVESTIMENTO IMOBILIÁRIO - FII,FII,FECHADO,GERAL,XP VISTA ASSET MANAGMENT LTDA.,16.789.525/0001-98,OLIVEIRA TRUST DTVM S.A.,36.113.876/0001-91,2024-12-31
3557,22691 - XP SELECTION FII,30.983.020/0001-90,30/04/2024,Fundos de Investimentos Imobiliário,-,XP INVESTIMENTOS CCTVM S.A.,XP VISTA ASSET MANAGEMENT LTDA.,368927401.25,8.51984223,Renda Variável,MXRF11,FII MAXI RENCI,2099-12-01 00:00:00,985009.0,10273643.87,2.7847332117893204,2024-04-30,30.983.020/0001-90,XP SELECTION FUNDO DE FUNDOS DE INVESTIMENTO IMOBILIÁRIO - FII,XP SELECTION FUNDO DE FUNDOS DE INVESTIMENTO IMOBILIÁRIO - FII,FII,FECHADO,GERAL,XP VISTA ASSET MANAGMENT LTDA.,16.789.525/0001-98,OLIVEIRA TRUST DTVM S.A.,36.113.876/0001-91,2024-12-31
3558,22691 - XP SELECTION FII,30.983.020/0001-90,30/04/2024,Fundos de Investimentos Imobiliário,-,XP INVESTIMENTOS CCTVM S.A.,XP VISTA ASSET MANAGEMENT LTDA.,368927401.25,8.51984223,Renda Variável,CPTS11,FII CAPI SECCI,2099-12-01 00:00:00,2768150.0,23723045.5,6.430274742299316,2024-04-30,30.983.020/0001-90,XP SELECTION FUNDO DE FUNDOS DE INVESTIMENTO IMOBILIÁRIO - FII,XP SELECTION FUNDO DE FUNDOS DE INVESTIMENTO IMOBILIÁRIO - FII,FII,FECHADO,GERAL,XP VISTA ASSET MANAGMENT LTDA.,16.789.525/0001-98,OLIVEIRA TRUST DTVM S.A.,36.113.876/0001-91,2024-12-31
3559,22691 - XP SELECTION FII,30.983.020/0001-90,30/04/2024,Fundos de Investimentos Imobiliário,-,XP INVESTIMENTOS CCTVM S.A.,XP VISTA ASSET MANAGEMENT LTDA.,368927401.25,8.51984223,Renda Variável,RBED11,FII RIOB ED CI,2099-12-01 00:00:00,61152.0,8702541.12,2.358876323773741,2024-04-30,30.983.020/0001-90,XP SELECTION FUNDO DE FUNDOS DE INVESTIMENTO IMOBILIÁRIO - FII,XP SELECTION FUNDO DE FUNDOS DE INVESTIMENTO IMOBILIÁRIO - FII,FII,FECHADO,GERAL,XP VISTA ASSET MANAGMENT LTDA.,16.789.525/0001-98,OLIVEIRA TRUST DTVM S.A.,36.113.876/0001-91,2024-12-31
3560,22691 - XP SELECTION FII,30.983.020/0001-90,30/04/2024,Fundos de Investimentos Imobiliário,-,XP INVESTIMENTOS CCTVM S.A.,XP VISTA ASSET MANAGEMENT LTDA.,368927401.25,8.51984223,Renda Variável,HSML11,FII HSI MALLCI,2099-12-01 00:00:00,134156.0,12979593.0,3.5181970642523535,2024-04-30,30.983.020/0001-90,XP SELECTION FUNDO DE FUNDOS DE INVESTIMENTO IMOBILIÁRIO - FII,XP SELECTION FUNDO DE FUNDOS DE INVESTIMENTO IMOBILIÁRIO - FII,FII,FECHADO,GERAL,XP VISTA ASSET MANAGMENT LTDA.,16.789.525/0001-98,OLIVEIRA TRUST DTVM S.A.,36.113.876/0001-91,2024-12-31
3561,22691 - XP SELECTION FII,30.983.020/0001-90,30/04/2024,Fundos de Investimentos Imobiliário,-,XP INVESTIMENTOS CCTVM S.A.,XP VISTA ASSET MANAGEMENT LTDA.,368927401.25,8.51984223,Renda Variável,BTLG11,FII BTLG    CI  ER,2099-12-01 00:00:00,161458.0,16387987.0,4.442062840676571,2024-04-30,30.983.020/0001-90,XP SELECTION FUNDO DE FUNDOS DE INVESTIMENTO IMOBILIÁRIO - FII,XP SELECTION FUNDO DE FUNDOS DE INVESTIMENTO IMOBILIÁRIO - FII,FII,FECHADO,GERAL,XP VISTA ASSET MANAGMENT LTDA.,16.789.525/0001-98,OLIVEIRA TRUST DTVM S.A.,36.113.876/0001-91,2024-12-31
3562,22691 - XP SELECTION FII,30.983.020/0001-90,30/04/2024,Fundos de Investimentos Imobiliário,-,XP INVESTIMENTOS CCTVM S.A.,XP VISTA ASSET MANAGEMENT LTDA.,368927401.25,8.51984223,Renda Variável,IRDM11,FII IRIDIUM CI,2099-12-01 00:00:00,14778.0,1118251.26,0.3031087569562848,2024-04-30,30.983.020/0001-90,XP SELECTION FUNDO DE FUNDOS DE INVESTIMENTO IMOBILIÁRIO - FII,XP SELECTION FUNDO DE FUNDOS DE INVESTIMENTO IMOBILIÁRIO - FII,FII,FECHADO,GERAL,XP VISTA ASSET MANAGMENT LTDA.,16.789.525/0001-98,OLIVEIRA TRUST DTVM S.A.,36.113.876/0001-91,2024-12-31
3563,22691 - XP SELECTION FII,30.983.020/0001-90,30/04/2024,Fundos de Investimentos Imobiliário,-,XP INVESTIMENTOS CCTVM S.A.,XP VISTA ASSET MANAGEMENT LTDA.,368927401.25,8.51984223,Renda Variável,KNIP11,FII KINEA IPCI,2099-12-01 00:00:00,155598.0,15093006.0,4.0910504204517935,2024-04-30,30.983.020/0001-90,XP SELECTION FUNDO DE FUNDOS DE INVESTIMENTO IMOBILIÁRIO - FII,XP SELECTION FUNDO DE FUNDOS DE INVESTIMENTO IMOBILIÁRIO - FII,FII,FECHADO,GERAL,XP VISTA ASSET MANAGMENT LTDA.,16.789.525/0001-98,OLIVEIRA TRUST DTVM S.A.,36.113.876/0001-91,2024-12-31
3564,22691 - XP SELECTION FII,30.983.020/0001-90,30/04/2024,Fundos de Investimentos Imobiliário,-,XP INVESTIMENTOS CCTVM S.A.,XP VISTA ASSET MANAGEMENT LTDA.,368927401.25,8.51984223,Renda Variável,LVBI11,FII VBI LOG CI,2099-12-01 00:00:00,1092.0,126486.36,0.03428489170808101,2024-04-30,30.983.020/0001-90,XP SELECTION FUNDO DE FUNDOS DE INVESTIMENTO IMOBILIÁRIO - FII,XP SELECTION FUNDO DE FUNDOS DE INVESTIMENTO IMOBILIÁRIO - FII,FII,FECHADO,GERAL,XP VISTA ASSET MANAGMENT LTDA.,16.789.525/0001-98,OLIVEIRA TRUST DTVM S.A.,36.113.876/0001-91,2024-12-31
3565,22691 - XP SELECTION FII,30.983.020/0001-90,30/04/2024,Fundos de Investimentos Imobiliário,-,XP INVESTIMENTOS CCTVM S.A.,XP VISTA ASSET MANAGEMENT LTDA.,368927401.25,8.51984223,Renda Variável,LPLP12,FII LAGO DA PEDRA RS,2099-12-01 00:00:00,4188.0,0.0,0.0,2024-04-30,30.983.020/0001-90,XP SELECTION FUNDO DE FUNDOS DE INVESTIMENTO IMOBILIÁRIO - FII,XP SELECTION FUNDO DE FUNDOS DE INVESTIMENTO IMOBILIÁRIO - FII,FII,FECHADO,GERAL,XP VISTA ASSET MANAGMENT LTDA.,16.789.525/0001-98,OLIVEIRA TRUST DTVM S.A.,36.113.876/0001-91,2024-12-31
3566,22691 - XP SELECTION FII,30.983.020/0001-90,30/04/2024,Fundos de Investimentos Imobiliário,-,XP INVESTIMENTOS CCTVM S.A.,XP VISTA ASSET MANAGEMENT LTDA.,368927401.25,8.51984223,Renda Variável,HSAF11,FII HSI CRI CI,2099-12-01 00:00:00,11677.0,997566.11,0.2703963182512456,2024-04-30,30.983.020/0001-90,XP SELECTION FUNDO DE FUNDOS DE INVESTIMENTO IMOBILIÁRIO - FII,XP SELECTION FUNDO DE FUNDOS DE INVESTIMENTO IMOBILIÁRIO - FII,FII,FECHADO,GERAL,XP VISTA ASSET MANAGMENT LTDA.,16.789.525/0001-98,OLIVEIRA TRUST DTVM S.A.,36.113.876/0001-91,2024-12-31
3567,22691 - XP SELECTION FII,30.983.020/0001-90,30/04/2024,Fundos de Investimentos Imobiliário,-,XP INVESTIMENTOS CCTVM S.A.,XP VISTA ASSET MANAGEMENT LTDA.,368927401.25,8.51984223,Renda Variável,XPPR11,FII XP PROP CI,2099-12-01 00:00:00,109593.0,2248848.36,0.6095639283990429,2024-04-30,30.983.020/0001-90,XP SELECTION FUNDO DE FUNDOS DE INVESTIMENTO IMOBILIÁRIO - FII,XP SELECTION FUNDO DE FUNDOS DE INVESTIMENTO IMOBILIÁRIO - FII,FII,FECHADO,GERAL,XP VISTA ASSET MANAGMENT LTDA.,16.789.525/0001-98,OLIVEIRA TRUST DTVM S.A.,36.113.876/0001-91,2024-12-31
3568,22691 - XP SELECTION FII,30.983.020/0001-90,30/04/2024,Fundos de Investimentos Imobiliário,-,XP INVESTIMENTOS CCTVM S.A.,XP VISTA ASSET MANAGEMENT LTDA.,368927401.25,8.51984223,Renda Variável,RBRY11,FII RBR PCRICI,2099-12-01 00:00:00,31556.0,3108581.56,0.8425998040447802,2024-04-30,30.983.020/0001-90,XP SELECTION FUNDO DE FUNDOS DE INVESTIMENTO IMOBILIÁRIO - FII,XP SELECTION FUNDO DE FUNDOS DE INVESTIMENTO IMOBILIÁRIO - FII,FII,FECHADO,GERAL,XP VISTA ASSET MANAGMENT LTDA.,16.789.525/0001-98,OLIVEIRA TRUST DTVM S.A.,36.113.876/0001-91,2024-12-31
3569,22691 - XP SELECTION FII,30.983.020/0001-90,30/04/2024,Fundos de Investimentos Imobiliário,-,XP INVESTIMENTOS CCTVM S.A.,XP VISTA ASSET MANAGEMENT LTDA.,368927401.25,8.51984223,Renda Variável,XPML11,FII XP MALLSCI  ER,2099-12-01 00:00:00,121666.0,14150972.46,3.835706540650998,2024-04-30,30.983.020/0001-90,XP SELECTION FUNDO DE FUNDOS DE INVESTIMENTO IMOBILIÁRIO - FII,XP SELECTION FUNDO DE FUNDOS DE INVESTIMENTO IMOBILIÁRIO - FII,FII,FECHADO,GERAL,XP VISTA ASSET MANAGMENT LTDA.,16.789.525/0001-98,OLIVEIRA TRUST DTVM S.A.,36.113.876/0001-91,2024-12-31
3570,22691 - XP SELECTION FII,30.983.020/0001-90,30/04/2024,Fundos de Investimentos Imobiliário,-,XP INVESTIMENTOS CCTVM S.A.,XP VISTA ASSET MANAGEMENT LTDA.,368927401.25,8.51984223,Renda Variável,ALZR11,FII ALIANZA CI  ER,2099-12-01 00:00:00,490.0,57197.7,0.01550378199239274,2024-04-30,30.983.020/0001-90,XP SELECTION FUNDO DE FUNDOS DE INVESTIMENTO IMOBILIÁRIO - FII,XP SELECTION FUNDO DE FUNDOS DE INVESTIMENTO IMOBILIÁRIO - FII,FII,FECHADO,GERAL,XP VISTA ASSET MANAGMENT LTDA.,16.789.525/0001-98,OLIVEIRA TRUST DTVM S.A.,36.113.876/0001-91,2024-12-31
3571,22691 - XP SELECTION FII,30.983.020/0001-90,30/04/2024,Fundos de Investimentos Imobiliário,-,XP INVESTIMENTOS CCTVM S.A.,XP VISTA ASSET MANAGEMENT LTDA.,368927401.25,8.51984223,Renda Variável,RVBI11,FII VBI REITCI,2099-12-01 00:00:00,9139.0,711014.2,0.1927246926064427,2024-04-30,30.983.020/0001-90,XP SELECTION FUNDO DE FUNDOS DE INVESTIMENTO IMOBILIÁRIO - FII,XP SELECTION FUNDO DE FUNDOS DE INVESTIMENTO IMOBILIÁRIO - FII,FII,FECHADO,GERAL,XP VISTA ASSET MANAGMENT LTDA.,16.789.525/0001-98,OLIVEIRA TRUST DTVM S.A.,36.113.876/0001-91,2024-12-31
3572,22691 - XP SELECTION FII,30.983.020/0001-90,30/04/2024,Fundos de Investimentos Imobiliário,-,XP INVESTIMENTOS CCTVM S.A.,XP VISTA ASSET MANAGEMENT LTDA.,368927401.25,8.51984223,Renda Variável,VINO11,FII VINCI OFCI,2099-12-01 00:00:00,1010325.0,7759296.0,2.1032040378974157,2024-04-30,30.983.020/0001-90,XP SELECTION FUNDO DE FUNDOS DE INVESTIMENTO IMOBILIÁRIO - FII,XP SELECTION FUNDO DE FUNDOS DE INVESTIMENTO IMOBILIÁRIO - FII,FII,FECHADO,GERAL,XP VISTA ASSET MANAGMENT LTDA.,16.789.525/0001-98,OLIVEIRA TRUST DTVM S.A.,36.113.876/0001-91,2024-12-31
3573,22691 - XP SELECTION FII,30.983.020/0001-90,30/04/2024,Fundos de Investimentos Imobiliário,-,XP INVESTIMENTOS CCTVM S.A.,XP VISTA ASSET MANAGEMENT LTDA.,368927401.25,8.51984223,Renda Variável,BARI11,FII BARIGUI CI,2099-12-01 00:00:00,195299.0,15780159.2,4.277307444915627,2024-04-30,30.983.020/0001-90,XP SELECTION FUNDO DE FUNDOS DE INVESTIMENTO IMOBILIÁRIO - FII,XP SELECTION FUNDO DE FUNDOS DE INVESTIMENTO IMOBILIÁRIO - FII,FII,FECHADO,GERAL,XP VISTA ASSET MANAGMENT LTDA.,16.789.525/0001-98,OLIVEIRA TRUST DTVM S.A.,36.113.876/0001-91,2024-12-31
3574,22691 - XP SELECTION FII,30.983.020/0001-90,30/04/2024,Fundos de Investimentos Imobiliário,-,XP INVESTIMENTOS CCTVM S.A.,XP VISTA ASSET MANAGEMENT LTDA.,368927401.25,8.51984223,Renda Variável,JFLL11,FII JFL LIV CI,2099-12-01 00:00:00,19741.0,1519267.36,0.41180659253078455,2024-04-30,30.983.020/0001-90,XP SELECTION FUNDO DE FUNDOS DE INVESTIMENTO IMOBILIÁRIO - FII,XP SELECTION FUNDO DE FUNDOS DE INVESTIMENTO IMOBILIÁRIO - FII,FII,FECHADO,GERAL,XP VISTA ASSET MANAGMENT LTDA.,16.789.525/0001-98,OLIVEIRA TRUST DTVM S.A.,36.113.876/0001-91,2024-12-31
3575,22691 - XP SELECTION FII,30.983.020/0001-90,30/04/2024,Fundos de Investimentos Imobiliário,-,XP INVESTIMENTOS CCTVM S.A.,XP VISTA ASSET MANAGEMENT LTDA.,368927401.25,8.51984223,Renda Variável,XPIN11,FII XP INDL CI,2099-12-01 00:00:00,7005.0,544708.8,0.14764660964580495,2024-04-30,30.983.020/0001-90,XP SELECTION FUNDO DE FUNDOS DE INVESTIMENTO IMOBILIÁRIO - FII,XP SELECTION FUNDO DE FUNDOS DE INVESTIMENTO IMOBILIÁRIO - FII,FII,FECHADO,GERAL,XP VISTA ASSET MANAGMENT LTDA.,16.789.525/0001-98,OLIVEIRA TRUST DTVM S.A.,36.113.876/0001-91,2024-12-31
3576,22691 - XP SELECTION FII,30.983.020/0001-90,30/04/2024,Fundos de Investimentos Imobiliário,-,XP INVESTIMENTOS CCTVM S.A.,XP VISTA ASSET MANAGEMENT LTDA.,368927401.25,8.51984223,Renda Variável,LPLP11,FII LAGO PDRCI,2099-12-01 00:00:00,11300.0,4945332.0,1.3404621026370565,2024-04-30,30.983.020/0001-90,XP SELECTION FUNDO DE FUNDOS DE INVESTIMENTO IMOBILIÁRIO - FII,XP SELECTION FUNDO DE FUNDOS DE INVESTIMENTO IMOBILIÁRIO - FII,FII,FECHADO,GERAL,XP VISTA ASSET MANAGMENT LTDA.,16.789.525/0001-98,OLIVEIRA TRUST DTVM S.A.,36.113.876/0001-91,2024-12-31
3596,32781 - TG REAL ESTATE FII,44.625.562/0001-04,30/04/2024,Fundos de Investimentos Imobiliário,BR0B4QCTF006,XP INVESTIMENTOS CCTVM S.A.,TG CORE ASSET LTDA,1374569162.6,9.60651709,Renda Variável,LSPA11,FII LESTE PACI  ER,2099-12-01 00:00:00,39626.0,4332706.84,0.31520471707692593,2024-04-30,44.625.562/0001-04,FUNDO DE INVESTIMENTO IMOBILIARIO TG REAL ESTATE,FUNDO DE INVESTIMENTO IMOBILIARIO TG REAL ESTATE,FII,FECHADO,QUALIFICADO,TG CORE ASSET LTDA,13.194.316/0001-03,OLIVEIRA TRUST DTVM S.A.,36.113.876/0001-91,2024-12-31
3597,32781 - TG REAL ESTATE FII,44.625.562/0001-04,30/04/2024,Fundos de Investimentos Imobiliário,BR0B4QCTF006,XP INVESTIMENTOS CCTVM S.A.,TG CORE ASSET LTDA,1374569162.6,9.60651709,Renda Variável,EQIR11,FII EQI RECECI  ER,2099-12-01 00:00:00,494149.0,4476989.94,0.3257013224079439,2024-04-30,44.625.562/0001-04,FUNDO DE INVESTIMENTO IMOBILIARIO TG REAL ESTATE,FUNDO DE INVESTIMENTO IMOBILIARIO TG REAL ESTATE,FII,FECHADO,QUALIFICADO,TG CORE ASSET LTDA,13.194.316/0001-03,OLIVEIRA TRUST DTVM S.A.,36.113.876/0001-91,2024-12-31
3598,32781 - TG REAL ESTATE FII,44.625.562/0001-04,30/04/2024,Fundos de Investimentos Imobiliário,BR0B4QCTF006,XP INVESTIMENTOS CCTVM S.A.,TG CORE ASSET LTDA,1374569162.6,9.60651709,Renda Variável,SNME11,FII SNME    CI,2099-12-01 00:00:00,743929.0,7186354.14,0.5228077520964458,2024-04-30,44.625.562/0001-04,FUNDO DE INVESTIMENTO IMOBILIARIO TG REAL ESTATE,FUNDO DE INVESTIMENTO IMOBILIARIO TG REAL ESTATE,FII,FECHADO,QUALIFICADO,TG CORE ASSET LTDA,13.194.316/0001-03,OLIVEIRA TRUST DTVM S.A.,36.113.876/0001-91,2024-12-31
3599,32781 - TG REAL ESTATE FII,44.625.562/0001-04,30/04/2024,Fundos de Investimentos Imobiliário,BR0B4QCTF006,XP INVESTIMENTOS CCTVM S.A.,TG CORE ASSET LTDA,1374569162.6,9.60651709,Renda Variável,MANA11,FII MANATI  CI,2099-12-01 00:00:00,596649.0,5644299.54,0.4106231751426605,2024-04-30,44.625.562/0001-04,FUNDO DE INVESTIMENTO IMOBILIARIO TG REAL ESTATE,FUNDO DE INVESTIMENTO IMOBILIARIO TG REAL ESTATE,FII,FECHADO,QUALIFICADO,TG CORE ASSET LTDA,13.194.316/0001-03,OLIVEIRA TRUST DTVM S.A.,36.113.876/0001-91,2024-12-31
3600,32781 - TG REAL ESTATE FII,44.625.562/0001-04,30/04/2024,Fundos de Investimentos Imobiliário,BR0B4QCTF006,XP INVESTIMENTOS CCTVM S.A.,TG CORE ASSET LTDA,1374569162.6,9.60651709,Renda Variável,KIVO11,FII KIVO    CI,2099-12-01 00:00:00,29715.0,2673755.7,0.1945159088934155,2024-04-30,44.625.562/0001-04,FUNDO DE INVESTIMENTO IMOBILIARIO TG REAL ESTATE,FUNDO DE INVESTIMENTO IMOBILIARIO TG REAL ESTATE,FII,FECHADO,QUALIFICADO,TG CORE ASSET LTDA,13.194.316/0001-03,OLIVEIRA TRUST DTVM S.A.,36.113.876/0001-91,2024-12-31
3601,32781 - TG REAL ESTATE FII,44.625.562/0001-04,30/04/2024,Fundos de Investimentos Imobiliário,BR0B4QCTF006,XP INVESTIMENTOS CCTVM S.A.,TG CORE ASSET LTDA,1374569162.6,9.60651709,Renda Variável,RBRX11,FII RBR MULTCI,2099-12-01 00:00:00,5047.0,47492.27,0.003455065870251904,2024-04-30,44.625.562/0001-04,FUNDO DE INVESTIMENTO IMOBILIARIO TG REAL ESTATE,FUNDO DE INVESTIMENTO IMOBILIARIO TG REAL ESTATE,FII,FECHADO,QUALIFICADO,TG CORE ASSET LTDA,13.194.316/0001-03,OLIVEIRA TRUST DTVM S.A.,36.113.876/0001-91,2024-12-31
3602,32781 - TG REAL ESTATE FII,44.625.562/0001-04,30/04/2024,Fundos de Investimentos Imobiliário,BR0B4QCTF006,XP INVESTIMENTOS CCTVM S.A.,TG CORE ASSET LTDA,1374569162.6,9.60651709,Renda Variável,HGIC11,FII HGI CRI CI,2099-12-01 00:00:00,354697.0,35813756.09,2.6054531895840163,2024-04-30,44.625.562/0001-04,FUNDO DE INVESTIMENTO IMOBILIARIO TG REAL ESTATE,FUNDO DE INVESTIMENTO IMOBILIARIO TG REAL ESTATE,FII,FECHADO,QUALIFICADO,TG CORE ASSET LTDA,13.194.316/0001-03,OLIVEIRA TRUST DTVM S.A.,36.113.876/0001-91,2024-12-31
3603,32781 - TG REAL ESTATE FII,44.625.562/0001-04,30/04/2024,Fundos de Investimentos Imobiliário,BR0B4QCTF006,XP INVESTIMENTOS CCTVM S.A.,TG CORE ASSET LTDA,1374569162.6,9.60651709,Renda Variável,RBRY11,FII RBR PCRICI,2099-12-01 00:00:00,52548.0,5176503.48,0.3765909799844946,2024-04-30,44.625.562/0001-04,FUNDO DE INVESTIMENTO IMOBILIARIO TG REAL ESTATE,FUNDO DE INVESTIMENTO IMOBILIARIO TG REAL ESTATE,FII,FECHADO,QUALIFICADO,TG CORE ASSET LTDA,13.194.316/0001-03,OLIVEIRA TRUST DTVM S.A.,36.113.876/0001-91,2024-12-31
3604,32781 - TG REAL ESTATE FII,44.625.562/0001-04,30/04/2024,Fundos de Investimentos Imobiliário,BR0B4QCTF006,XP INVESTIMENTOS CCTVM S.A.,TG CORE ASSET LTDA,1374569162.6,9.60651709,Renda Variável,RBHG15,RBHG15,2099-12-01 00:00:00,22054.0,1986624.32,0.14452705429840262,2024-04-30,44.625.562/0001-04,FUNDO DE INVESTIMENTO IMOBILIARIO TG REAL ESTATE,FUNDO DE INVESTIMENTO IMOBILIARIO TG REAL ESTATE,FII,FECHADO,QUALIFICADO,TG CORE ASSET LTDA,13.194.316/0001-03,OLIVEIRA TRUST DTVM S.A.,36.113.876/0001-91,2024-12-31
3605,32781 - TG REAL ESTATE FII,44.625.562/0001-04,30/04/2024,Fundos de Investimentos Imobiliário,BR0B4QCTF006,XP INVESTIMENTOS CCTVM S.A.,TG CORE ASSET LTDA,1374569162.6,9.60651709,Renda Variável,ARXD11,FII ARXD R  CI,2099-12-01 00:00:00,59563.0,5545910.93,0.40346539707830337,2024-04-30,44.625.562/0001-04,FUNDO DE INVESTIMENTO IMOBILIARIO TG REAL ESTATE,FUNDO DE INVESTIMENTO IMOBILIARIO TG REAL ESTATE,FII,FECHADO,QUALIFICADO,TG CORE ASSET LTDA,13.194.316/0001-03,OLIVEIRA TRUST DTVM S.A.,36.113.876/0001-91,2024-12-31
3606,32781 - TG REAL ESTATE FII,44.625.562/0001-04,30/04/2024,Fundos de Investimentos Imobiliário,BR0B4QCTF006,XP INVESTIMENTOS CCTVM S.A.,TG CORE ASSET LTDA,1374569162.6,9.60651709,Renda Variável,TGRE MALL,TGLT,2099-12-01 00:00:00,49139225.0,46107055.31,3.3542914074100447,2024-04-30,44.625.562/0001-04,FUNDO DE INVESTIMENTO IMOBILIARIO TG REAL ESTATE,FUNDO DE INVESTIMENTO IMOBILIARIO TG REAL ESTATE,FII,FECHADO,QUALIFICADO,TG CORE ASSET LTDA,13.194.316/0001-03,OLIVEIRA TRUST DTVM S.A.,36.113.876/0001-91,2024-12-31
3607,32781 - TG REAL ESTATE FII,44.625.562/0001-04,30/04/2024,Fundos de Investimentos Imobiliário,BR0B4QCTF006,XP INVESTIMENTOS CCTVM S.A.,TG CORE ASSET LTDA,1374569162.6,9.60651709,Renda Variável,TGRE INCORPORACOES,TGLT,2099-12-01 00:00:00,260000000.0,254708240.8,18.530041829122585,2024-04-30,44.625.562/0001-04,FUNDO DE INVESTIMENTO IMOBILIARIO TG REAL ESTATE,FUNDO DE INVESTIMENTO IMOBILIARIO TG REAL ESTATE,FII,FECHADO,QUALIFICADO,TG CORE ASSET LTDA,13.194.316/0001-03,OLIVEIRA TRUST DTVM S.A.,36.113.876/0001-91,2024-12-31
3608,32781 - TG REAL ESTATE FII,44.625.562/0001-04,30/04/2024,Fundos de Investimentos Imobiliário,BR0B4QCTF006,XP INVESTIMENTOS CCTVM S.A.,TG CORE ASSET LTDA,1374569162.6,9.60651709,Renda Variável,TGRE SHARE,TGLT,2099-12-01 00:00:00,100000000.0,100352867.37,7.300677921522871,2024-04-30,44.625.562/0001-04,FUNDO DE INVESTIMENTO IMOBILIARIO TG REAL ESTATE,FUNDO DE INVESTIMENTO IMOBILIARIO TG REAL ESTATE,FII,FECHADO,QUALIFICADO,TG CORE ASSET LTDA,13.194.316/0001-03,OLIVEIRA TRUST DTVM S.A.,36.113.876/0001-91,2024-12-31
3609,32781 - TG REAL ESTATE FII,44.625.562/0001-04,30/04/2024,Fundos de Investimentos Imobiliário,BR0B4QCTF006,XP INVESTIMENTOS CCTVM S.A.,TG CORE ASSET LTDA,1374569162.6,9.60651709,Renda Variável,TGRE LAND,TGLT,2099-12-01 00:00:00,50000000.0,41987358.7,3.054583199042589,2024-04-30,44.625.562/0001-04,FUNDO DE INVESTIMENTO IMOBILIARIO TG REAL ESTATE,FUNDO DE INVESTIMENTO IMOBILIARIO TG REAL ESTATE,FII,FECHADO,QUALIFICADO,TG CORE ASSET LTDA,13.194.316/0001-03,OLIVEIRA TRUST DTVM S.A.,36.113.876/0001-91,2024-12-31
3610,32781 - TG REAL ESTATE FII,44.625.562/0001-04,30/04/2024,Fundos de Investimentos Imobiliário,BR0B4QCTF006,XP INVESTIMENTOS CCTVM S.A.,TG CORE ASSET LTDA,1374569162.6,9.60651709,Renda Variável,TGRE LOTEAMENTOS,TGLT,2099-12-01 00:00:00,620000000.0,619511554.0,45.06950765781715,2024-04-30,44.625.562/0001-04,FUNDO DE INVESTIMENTO IMOBILIARIO TG REAL ESTATE,FUNDO DE INVESTIMENTO IMOBILIARIO TG REAL ESTATE,FII,FECHADO,QUALIFICADO,TG CORE ASSET LTDA,13.194.316/0001-03,OLIVEIRA TRUST DTVM S.A.,36.113.876/0001-91,2024-12-31
3770,22691 - XP SELECTION FII,30.983.020/0001-90,30/04/2024,Fundos de Investimentos Imobiliário,-,XP INVESTIMENTOS CCTVM S.A.,XP VISTA ASSET MANAGEMENT LTDA.,368927401.25,8.51984223,Dinheiro,Caixa,n/a,2099-12-01 00:00:00,1.0,109.73,2.974297914121119e-05,2024-04-30,30.983.020/0001-90,XP SELECTION FUNDO DE FUNDOS DE INVESTIMENTO IMOBILIÁRIO - FII,XP SELECTION FUNDO DE FUNDOS DE INVESTIMENTO IMOBILIÁRIO - FII,FII,FECHADO,GERAL,XP VISTA ASSET MANAGMENT LTDA.,16.789.525/0001-98,OLIVEIRA TRUST DTVM S.A.,36.113.876/0001-91,2024-12-31
3782,32781 - TG REAL ESTATE FII,44.625.562/0001-04,30/04/2024,Fundos de Investimentos Imobiliário,BR0B4QCTF006,XP INVESTIMENTOS CCTVM S.A.,TG CORE ASSET LTDA,1374569162.6,9.60651709,Dinheiro,Caixa,n/a,2099-12-01 00:00:00,1.0,374.5,2.7244900452417587e-05,2024-04-30,44.625.562/0001-04,FUNDO DE INVESTIMENTO IMOBILIARIO TG REAL ESTATE,FUNDO DE INVESTIMENTO IMOBILIARIO TG REAL ESTATE,FII,FECHADO,QUALIFICADO,TG CORE ASSET LTDA,13.194.316/0001-03,OLIVEIRA TRUST DTVM S.A.,36.113.876/0001-91,2024-12-31
3862,22691 - XP SELECTION FII,30.983.020/0001-90,31/01/2024,Fundos de Investimentos Imobiliário,-,XP INVESTIMENTOS CCTVM S.A.,XP VISTA ASSET MANAGEMENT LTDA.,373941445.93,8.63563431,Renda Fixa | Definitiva,21K0938631,BARIGUI SECURITIZADORA S.A.,20/11/2024,2970.0,1701630.464094,0.4550526513213881,2024-01-31,30.983.020/0001-90,XP SELECTION FUNDO DE FUNDOS DE INVESTIMENTO IMOBILIÁRIO - FII,XP SELECTION FUNDO DE FUNDOS DE INVESTIMENTO IMOBILIÁRIO - FII,FII,FECHADO,GERAL,XP VISTA ASSET MANAGMENT LTDA.,16.789.525/0001-98,OLIVEIRA TRUST DTVM S.A.,36.113.876/0001-91,2024-12-31
3863,22691 - XP SELECTION FII,30.983.020/0001-90,31/01/2024,Fundos de Investimentos Imobiliário,-,XP INVESTIMENTOS CCTVM S.A.,XP VISTA ASSET MANAGEMENT LTDA.,373941445.93,8.63563431,Renda Fixa | Definitiva,20D1006203,TRUE SECURITIZADORA S.A.,03/05/2032,14326.0,13955779.3679668,3.732076109739185,2024-01-31,30.983.020/0001-90,XP SELECTION FUNDO DE FUNDOS DE INVESTIMENTO IMOBILIÁRIO - FII,XP SELECTION FUNDO DE FUNDOS DE INVESTIMENTO IMOBILIÁRIO - FII,FII,FECHADO,GERAL,XP VISTA ASSET MANAGMENT LTDA.,16.789.525/0001-98,OLIVEIRA TRUST DTVM S.A.,36.113.876/0001-91,2024-12-31
3864,22691 - XP SELECTION FII,30.983.020/0001-90,31/01/2024,Fundos de Investimentos Imobiliário,-,XP INVESTIMENTOS CCTVM S.A.,XP VISTA ASSET MANAGEMENT LTDA.,373941445.93,8.63563431,Renda Fixa | Definitiva,20D1006203,TRUE SECURITIZADORA S.A.,03/05/2032,1023.0,996563.0527314,0.26650243335635804,2024-01-31,30.983.020/0001-90,XP SELECTION FUNDO DE FUNDOS DE INVESTIMENTO IMOBILIÁRIO - FII,XP SELECTION FUNDO DE FUNDOS DE INVESTIMENTO IMOBILIÁRIO - FII,FII,FECHADO,GERAL,XP VISTA ASSET MANAGMENT LTDA.,16.789.525/0001-98,OLIVEIRA TRUST DTVM S.A.,36.113.876/0001-91,2024-12-31
3865,22691 - XP SELECTION FII,30.983.020/0001-90,31/01/2024,Fundos de Investimentos Imobiliário,-,XP INVESTIMENTOS CCTVM S.A.,XP VISTA ASSET MANAGEMENT LTDA.,373941445.93,8.63563431,Renda Fixa | Definitiva,21K0938631,BARIGUI SECURITIZADORA S.A.,20/11/2024,10913.0,6252489.3113326,1.672050364939498,2024-01-31,30.983.020/0001-90,XP SELECTION FUNDO DE FUNDOS DE INVESTIMENTO IMOBILIÁRIO - FII,XP SELECTION FUNDO DE FUNDOS DE INVESTIMENTO IMOBILIÁRIO - FII,FII,FECHADO,GERAL,XP VISTA ASSET MANAGMENT LTDA.,16.789.525/0001-98,OLIVEIRA TRUST DTVM S.A.,36.113.876/0001-91,2024-12-31
3923,32781 - TG REAL ESTATE FII,44.625.562/0001-04,31/01/2024,Fundos de Investimentos Imobiliário,BR0B4QCTF006,XP INVESTIMENTOS CCTVM S.A.,TG CORE ASSET LTDA,957540171.07,9.86705894,Renda Fixa | Definitiva,21A0608480,VIRGO COMPANHIA DE SECURITIZAÇÃO,20/01/2026,3300.0,3585773.499,0.37447760494404,2024-01-31,44.625.562/0001-04,FUNDO DE INVESTIMENTO IMOBILIARIO TG REAL ESTATE,FUNDO DE INVESTIMENTO IMOBILIARIO TG REAL ESTATE,FII,FECHADO,QUALIFICADO,TG CORE ASSET LTDA,13.194.316/0001-03,OLIVEIRA TRUST DTVM S.A.,36.113.876/0001-91,2024-12-31
3924,32781 - TG REAL ESTATE FII,44.625.562/0001-04,31/01/2024,Fundos de Investimentos Imobiliário,BR0B4QCTF006,XP INVESTIMENTOS CCTVM S.A.,TG CORE ASSET LTDA,957540171.07,9.86705894,Renda Fixa | Definitiva,20D0995632,Forte Securitizadora SA,20/06/2029,3955.0,3326984.085068,0.34745112378421394,2024-01-31,44.625.562/0001-04,FUNDO DE INVESTIMENTO IMOBILIARIO TG REAL ESTATE,FUNDO DE INVESTIMENTO IMOBILIARIO TG REAL ESTATE,FII,FECHADO,QUALIFICADO,TG CORE ASSET LTDA,13.194.316/0001-03,OLIVEIRA TRUST DTVM S.A.,36.113.876/0001-91,2024-12-31
3925,32781 - TG REAL ESTATE FII,44.625.562/0001-04,31/01/2024,Fundos de Investimentos Imobiliário,BR0B4QCTF006,XP INVESTIMENTOS CCTVM S.A.,TG CORE ASSET LTDA,957540171.07,9.86705894,Renda Fixa | Definitiva,21C0528435,VIRGO COMPANHIA DE SECURITIZAÇÃO,20/01/2032,2571.0,1552649.9297325,0.1621498477706159,2024-01-31,44.625.562/0001-04,FUNDO DE INVESTIMENTO IMOBILIARIO TG REAL ESTATE,FUNDO DE INVESTIMENTO IMOBILIARIO TG REAL ESTATE,FII,FECHADO,QUALIFICADO,TG CORE ASSET LTDA,13.194.316/0001-03,OLIVEIRA TRUST DTVM S.A.,36.113.876/0001-91,2024-12-31
3926,32781 - TG REAL ESTATE FII,44.625.562/0001-04,31/01/2024,Fundos de Investimentos Imobiliário,BR0B4QCTF006,XP INVESTIMENTOS CCTVM S.A.,TG CORE ASSET LTDA,957540171.07,9.86705894,Renda Fixa | Definitiva,21I0142395,Forte Securitizadora SA,20/05/2028,4000.0,2953181.4272,0.3084133195059563,2024-01-31,44.625.562/0001-04,FUNDO DE INVESTIMENTO IMOBILIARIO TG REAL ESTATE,FUNDO DE INVESTIMENTO IMOBILIARIO TG REAL ESTATE,FII,FECHADO,QUALIFICADO,TG CORE ASSET LTDA,13.194.316/0001-03,OLIVEIRA TRUST DTVM S.A.,36.113.876/0001-91,2024-12-31
3927,32781 - TG REAL ESTATE FII,44.625.562/0001-04,31/01/2024,Fundos de Investimentos Imobiliário,BR0B4QCTF006,XP INVESTIMENTOS CCTVM S.A.,TG CORE ASSET LTDA,957540171.07,9.86705894,Renda Fixa | Definitiva,22D0059915,VIRGO COMPANHIA DE SECURITIZAÇÃO,23/04/2027,3262.0,2467962.2184182,0.2577398100865454,2024-01-31,44.625.562/0001-04,FUNDO DE INVESTIMENTO IMOBILIARIO TG REAL ESTATE,FUNDO DE INVESTIMENTO IMOBILIARIO TG REAL ESTATE,FII,FECHADO,QUALIFICADO,TG CORE ASSET LTDA,13.194.316/0001-03,OLIVEIRA TRUST DTVM S.A.,36.113.876/0001-91,2024-12-31
3928,32781 - TG REAL ESTATE FII,44.625.562/0001-04,31/01/2024,Fundos de Investimentos Imobiliário,BR0B4QCTF006,XP INVESTIMENTOS CCTVM S.A.,TG CORE ASSET LTDA,957540171.07,9.86705894,Renda Fixa | Definitiva,22L1668403,CANAL COMPANHIA DE SECURITIZACAO,22/12/2027,2000.0,1923315.478,0.20086003032653948,2024-01-31,44.625.562/0001-04,FUNDO DE INVESTIMENTO IMOBILIARIO TG REAL ESTATE,FUNDO DE INVESTIMENTO IMOBILIARIO TG REAL ESTATE,FII,FECHADO,QUALIFICADO,TG CORE ASSET LTDA,13.194.316/0001-03,OLIVEIRA TRUST DTVM S.A.,36.113.876/0001-91,2024-12-31
3929,32781 - TG REAL ESTATE FII,44.625.562/0001-04,31/01/2024,Fundos de Investimentos Imobiliário,BR0B4QCTF006,XP INVESTIMENTOS CCTVM S.A.,TG CORE ASSET LTDA,957540171.07,9.86705894,Renda Fixa | Definitiva,23B0330159,VIRGO COMPANHIA DE SECURITIZAÇÃO,19/02/2035,2000.0,1935934.9512,0.20217793568249945,2024-01-31,44.625.562/0001-04,FUNDO DE INVESTIMENTO IMOBILIARIO TG REAL ESTATE,FUNDO DE INVESTIMENTO IMOBILIARIO TG REAL ESTATE,FII,FECHADO,QUALIFICADO,TG CORE ASSET LTDA,13.194.316/0001-03,OLIVEIRA TRUST DTVM S.A.,36.113.876/0001-91,2024-12-31
3930,32781 - TG REAL ESTATE FII,44.625.562/0001-04,31/01/2024,Fundos de Investimentos Imobiliário,BR0B4QCTF006,XP INVESTIMENTOS CCTVM S.A.,TG CORE ASSET LTDA,957540171.07,9.86705894,Renda Fixa | Definitiva,21C0528814,VIRGO COMPANHIA DE SECURITIZAÇÃO,20/01/2032,571.0,294722.719483,0.030779149364946544,2024-01-31,44.625.562/0001-04,FUNDO DE INVESTIMENTO IMOBILIARIO TG REAL ESTATE,FUNDO DE INVESTIMENTO IMOBILIARIO TG REAL ESTATE,FII,FECHADO,QUALIFICADO,TG CORE ASSET LTDA,13.194.316/0001-03,OLIVEIRA TRUST DTVM S.A.,36.113.876/0001-91,2024-12-31
3931,32781 - TG REAL ESTATE FII,44.625.562/0001-04,31/01/2024,Fundos de Investimentos Imobiliário,BR0B4QCTF006,XP INVESTIMENTOS CCTVM S.A.,TG CORE ASSET LTDA,957540171.07,9.86705894,Renda Fixa | Definitiva,20F0851403,Forte Securitizadora SA,20/08/2029,3500.0,2206956.64735,0.23048188619427257,2024-01-31,44.625.562/0001-04,FUNDO DE INVESTIMENTO IMOBILIARIO TG REAL ESTATE,FUNDO DE INVESTIMENTO IMOBILIARIO TG REAL ESTATE,FII,FECHADO,QUALIFICADO,TG CORE ASSET LTDA,13.194.316/0001-03,OLIVEIRA TRUST DTVM S.A.,36.113.876/0001-91,2024-12-31
3932,32781 - TG REAL ESTATE FII,44.625.562/0001-04,31/01/2024,Fundos de Investimentos Imobiliário,BR0B4QCTF006,XP INVESTIMENTOS CCTVM S.A.,TG CORE ASSET LTDA,957540171.07,9.86705894,Renda Fixa | Definitiva,21C0775913,VIRGO COMPANHIA DE SECURITIZAÇÃO,20/06/2024,2000.0,2382654.716,0.2488307841265302,2024-01-31,44.625.562/0001-04,FUNDO DE INVESTIMENTO IMOBILIARIO TG REAL ESTATE,FUNDO DE INVESTIMENTO IMOBILIARIO TG REAL ESTATE,FII,FECHADO,QUALIFICADO,TG CORE ASSET LTDA,13.194.316/0001-03,OLIVEIRA TRUST DTVM S.A.,36.113.876/0001-91,2024-12-31
3933,32781 - TG REAL ESTATE FII,44.625.562/0001-04,31/01/2024,Fundos de Investimentos Imobiliário,BR0B4QCTF006,XP INVESTIMENTOS CCTVM S.A.,TG CORE ASSET LTDA,957540171.07,9.86705894,Renda Fixa | Definitiva,21C0775913,VIRGO COMPANHIA DE SECURITIZAÇÃO,20/06/2024,2200.0,2620920.1876,0.27371386253918323,2024-01-31,44.625.562/0001-04,FUNDO DE INVESTIMENTO IMOBILIARIO TG REAL ESTATE,FUNDO DE INVESTIMENTO IMOBILIARIO TG REAL ESTATE,FII,FECHADO,QUALIFICADO,TG CORE ASSET LTDA,13.194.316/0001-03,OLIVEIRA TRUST DTVM S.A.,36.113.876/0001-91,2024-12-31
3934,32781 - TG REAL ESTATE FII,44.625.562/0001-04,31/01/2024,Fundos de Investimentos Imobiliário,BR0B4QCTF006,XP INVESTIMENTOS CCTVM S.A.,TG CORE ASSET LTDA,957540171.07,9.86705894,Renda Fixa | Definitiva,20K0713315,VIRGO COMPANHIA DE SECURITIZAÇÃO,24/11/2025,944.0,5807231.45856,0.6064739249603208,2024-01-31,44.625.562/0001-04,FUNDO DE INVESTIMENTO IMOBILIARIO TG REAL ESTATE,FUNDO DE INVESTIMENTO IMOBILIARIO TG REAL ESTATE,FII,FECHADO,QUALIFICADO,TG CORE ASSET LTDA,13.194.316/0001-03,OLIVEIRA TRUST DTVM S.A.,36.113.876/0001-91,2024-12-31
3935,32781 - TG REAL ESTATE FII,44.625.562/0001-04,31/01/2024,Fundos de Investimentos Imobiliário,BR0B4QCTF006,XP INVESTIMENTOS CCTVM S.A.,TG CORE ASSET LTDA,957540171.07,9.86705894,Renda Fixa | Definitiva,20D0942992,VIRGO COMPANHIA DE SECURITIZAÇÃO,20/04/2030,1198.0,573197.970175,0.0598615063360195,2024-01-31,44.625.562/0001-04,FUNDO DE INVESTIMENTO IMOBILIARIO TG REAL ESTATE,FUNDO DE INVESTIMENTO IMOBILIARIO TG REAL ESTATE,FII,FECHADO,QUALIFICADO,TG CORE ASSET LTDA,13.194.316/0001-03,OLIVEIRA TRUST DTVM S.A.,36.113.876/0001-91,2024-12-31
3936,32781 - TG REAL ESTATE FII,44.625.562/0001-04,31/01/2024,Fundos de Investimentos Imobiliário,BR0B4QCTF006,XP INVESTIMENTOS CCTVM S.A.,TG CORE ASSET LTDA,957540171.07,9.86705894,Renda Fixa | Definitiva,21C0822819,VIRGO COMPANHIA DE SECURITIZAÇÃO,20/01/2032,2422.0,1837251.1939194,0.19187197043298665,2024-01-31,44.625.562/0001-04,FUNDO DE INVESTIMENTO IMOBILIARIO TG REAL ESTATE,FUNDO DE INVESTIMENTO IMOBILIARIO TG REAL ESTATE,FII,FECHADO,QUALIFICADO,TG CORE ASSET LTDA,13.194.316/0001-03,OLIVEIRA TRUST DTVM S.A.,36.113.876/0001-91,2024-12-31
3937,32781 - TG REAL ESTATE FII,44.625.562/0001-04,31/01/2024,Fundos de Investimentos Imobiliário,BR0B4QCTF006,XP INVESTIMENTOS CCTVM S.A.,TG CORE ASSET LTDA,957540171.07,9.86705894,Renda Fixa | Definitiva,21L0967494,HABITASEC SECURITIZADORA,24/12/2024,7000.0,7856139.689999999,0.8204501416604988,2024-01-31,44.625.562/0001-04,FUNDO DE INVESTIMENTO IMOBILIARIO TG REAL ESTATE,FUNDO DE INVESTIMENTO IMOBILIARIO TG REAL ESTATE,FII,FECHADO,QUALIFICADO,TG CORE ASSET LTDA,13.194.316/0001-03,OLIVEIRA TRUST DTVM S.A.,36.113.876/0001-91,2024-12-31
3938,32781 - TG REAL ESTATE FII,44.625.562/0001-04,31/01/2024,Fundos de Investimentos Imobiliário,BR0B4QCTF006,XP INVESTIMENTOS CCTVM S.A.,TG CORE ASSET LTDA,957540171.07,9.86705894,Renda Fixa | Definitiva,22H1237510,VIRGO COMPANHIA DE SECURITIZAÇÃO,21/07/2027,2192.0,2094530.8953792,0.21874078588668228,2024-01-31,44.625.562/0001-04,FUNDO DE INVESTIMENTO IMOBILIARIO TG REAL ESTATE,FUNDO DE INVESTIMENTO IMOBILIARIO TG REAL ESTATE,FII,FECHADO,QUALIFICADO,TG CORE ASSET LTDA,13.194.316/0001-03,OLIVEIRA TRUST DTVM S.A.,36.113.876/0001-91,2024-12-31
3939,32781 - TG REAL ESTATE FII,44.625.562/0001-04,31/01/2024,Fundos de Investimentos Imobiliário,BR0B4QCTF006,XP INVESTIMENTOS CCTVM S.A.,TG CORE ASSET LTDA,957540171.07,9.86705894,Renda Fixa | Definitiva,21C0822821,VIRGO COMPANHIA DE SECURITIZAÇÃO,20/01/2032,1500.0,1241276.54295,0.12963179827358468,2024-01-31,44.625.562/0001-04,FUNDO DE INVESTIMENTO IMOBILIARIO TG REAL ESTATE,FUNDO DE INVESTIMENTO IMOBILIARIO TG REAL ESTATE,FII,FECHADO,QUALIFICADO,TG CORE ASSET LTDA,13.194.316/0001-03,OLIVEIRA TRUST DTVM S.A.,36.113.876/0001-91,2024-12-31
3940,32781 - TG REAL ESTATE FII,44.625.562/0001-04,31/01/2024,Fundos de Investimentos Imobiliário,BR0B4QCTF006,XP INVESTIMENTOS CCTVM S.A.,TG CORE ASSET LTDA,957540171.07,9.86705894,Renda Fixa | Definitiva,21C0830879,VIRGO COMPANHIA DE SECURITIZAÇÃO,20/01/2032,235.0,179718.320021,0.018768749912619787,2024-01-31,44.625.562/0001-04,FUNDO DE INVESTIMENTO IMOBILIARIO TG REAL ESTATE,FUNDO DE INVESTIMENTO IMOBILIARIO TG REAL ESTATE,FII,FECHADO,QUALIFICADO,TG CORE ASSET LTDA,13.194.316/0001-03,OLIVEIRA TRUST DTVM S.A.,36.113.876/0001-91,2024-12-31
3941,32781 - TG REAL ESTATE FII,44.625.562/0001-04,31/01/2024,Fundos de Investimentos Imobiliário,BR0B4QCTF006,XP INVESTIMENTOS CCTVM S.A.,TG CORE ASSET LTDA,957540171.07,9.86705894,Renda Fixa | Definitiva,21L0967403,HABITASEC SECURITIZADORA,24/12/2024,7000.0,7781416.72,0.8126465035200228,2024-01-31,44.625.562/0001-04,FUNDO DE INVESTIMENTO IMOBILIARIO TG REAL ESTATE,FUNDO DE INVESTIMENTO IMOBILIARIO TG REAL ESTATE,FII,FECHADO,QUALIFICADO,TG CORE ASSET LTDA,13.194.316/0001-03,OLIVEIRA TRUST DTVM S.A.,36.113.876/0001-91,2024-12-31
3942,32781 - TG REAL ESTATE FII,44.625.562/0001-04,31/01/2024,Fundos de Investimentos Imobiliário,BR0B4QCTF006,XP INVESTIMENTOS CCTVM S.A.,TG CORE ASSET LTDA,957540171.07,9.86705894,Renda Fixa | Definitiva,22D0749868,BARIGUI SECURITIZADORA S.A.,15/05/2032,3382.0,1801319.62248,0.18811948332852932,2024-01-31,44.625.562/0001-04,FUNDO DE INVESTIMENTO IMOBILIARIO TG REAL ESTATE,FUNDO DE INVESTIMENTO IMOBILIARIO TG REAL ESTATE,FII,FECHADO,QUALIFICADO,TG CORE ASSET LTDA,13.194.316/0001-03,OLIVEIRA TRUST DTVM S.A.,36.113.876/0001-91,2024-12-31
3943,32781 - TG REAL ESTATE FII,44.625.562/0001-04,31/01/2024,Fundos de Investimentos Imobiliário,BR0B4QCTF006,XP INVESTIMENTOS CCTVM S.A.,TG CORE ASSET LTDA,957540171.07,9.86705894,Renda Fixa | Definitiva,22G0893940,VIRGO COMPANHIA DE SECURITIZAÇÃO,23/06/2027,4300.0,4490909.7187,0.46900483701708806,2024-01-31,44.625.562/0001-04,FUNDO DE INVESTIMENTO IMOBILIARIO TG REAL ESTATE,FUNDO DE INVESTIMENTO IMOBILIARIO TG REAL ESTATE,FII,FECHADO,QUALIFICADO,TG CORE ASSET LTDA,13.194.316/0001-03,OLIVEIRA TRUST DTVM S.A.,36.113.876/0001-91,2024-12-31
3944,32781 - TG REAL ESTATE FII,44.625.562/0001-04,31/01/2024,Fundos de Investimentos Imobiliário,BR0B4QCTF006,XP INVESTIMENTOS CCTVM S.A.,TG CORE ASSET LTDA,957540171.07,9.86705894,Renda Fixa | Definitiva,22H1237592,VIRGO COMPANHIA DE SECURITIZAÇÃO,21/07/2027,5300.0,5177041.93185,0.5406605475428704,2024-01-31,44.625.562/0001-04,FUNDO DE INVESTIMENTO IMOBILIARIO TG REAL ESTATE,FUNDO DE INVESTIMENTO IMOBILIARIO TG REAL ESTATE,FII,FECHADO,QUALIFICADO,TG CORE ASSET LTDA,13.194.316/0001-03,OLIVEIRA TRUST DTVM S.A.,36.113.876/0001-91,2024-12-31
3945,32781 - TG REAL ESTATE FII,44.625.562/0001-04,31/01/2024,Fundos de Investimentos Imobiliário,BR0B4QCTF006,XP INVESTIMENTOS CCTVM S.A.,TG CORE ASSET LTDA,957540171.07,9.86705894,Renda Fixa | Definitiva,21I0566608,HABITASEC SECURITIZADORA,24/09/2025,3298.0,942936.283655,0.09847485381227598,2024-01-31,44.625.562/0001-04,FUNDO DE INVESTIMENTO IMOBILIARIO TG REAL ESTATE,FUNDO DE INVESTIMENTO IMOBILIARIO TG REAL ESTATE,FII,FECHADO,QUALIFICADO,TG CORE ASSET LTDA,13.194.316/0001-03,OLIVEIRA TRUST DTVM S.A.,36.113.876/0001-91,2024-12-31
3946,32781 - TG REAL ESTATE FII,44.625.562/0001-04,31/01/2024,Fundos de Investimentos Imobiliário,BR0B4QCTF006,XP INVESTIMENTOS CCTVM S.A.,TG CORE ASSET LTDA,957540171.07,9.86705894,Renda Fixa | Definitiva,21F0929701,VIRGO COMPANHIA DE SECURITIZAÇÃO,20/06/2033,2891.0,2285206.2835749,0.23865382911521132,2024-01-31,44.625.562/0001-04,FUNDO DE INVESTIMENTO IMOBILIARIO TG REAL ESTATE,FUNDO DE INVESTIMENTO IMOBILIARIO TG REAL ESTATE,FII,FECHADO,QUALIFICADO,TG CORE ASSET LTDA,13.194.316/0001-03,OLIVEIRA TRUST DTVM S.A.,36.113.876/0001-91,2024-12-31
3947,32781 - TG REAL ESTATE FII,44.625.562/0001-04,31/01/2024,Fundos de Investimentos Imobiliário,BR0B4QCTF006,XP INVESTIMENTOS CCTVM S.A.,TG CORE ASSET LTDA,957540171.07,9.86705894,Renda Fixa | Definitiva,22I0351637,VIRGO COMPANHIA DE SECURITIZAÇÃO,21/01/2026,4500.0,4850511.6015,0.5065595938476202,2024-01-31,44.625.562/0001-04,FUNDO DE INVESTIMENTO IMOBILIARIO TG REAL ESTATE,FUNDO DE INVESTIMENTO IMOBILIARIO TG REAL ESTATE,FII,FECHADO,QUALIFICADO,TG CORE ASSET LTDA,13.194.316/0001-03,OLIVEIRA TRUST DTVM S.A.,36.113.876/0001-91,2024-12-31
3948,32781 - TG REAL ESTATE FII,44.625.562/0001-04,31/01/2024,Fundos de Investimentos Imobiliário,BR0B4QCTF006,XP INVESTIMENTOS CCTVM S.A.,TG CORE ASSET LTDA,957540171.07,9.86705894,Renda Fixa | Definitiva,21F0930064,VIRGO COMPANHIA DE SECURITIZAÇÃO,20/06/2033,1000.0,800139.279,0.08356195417951885,2024-01-31,44.625.562/0001-04,FUNDO DE INVESTIMENTO IMOBILIARIO TG REAL ESTATE,FUNDO DE INVESTIMENTO IMOBILIARIO TG REAL ESTATE,FII,FECHADO,QUALIFICADO,TG CORE ASSET LTDA,13.194.316/0001-03,OLIVEIRA TRUST DTVM S.A.,36.113.876/0001-91,2024-12-31
3949,32781 - TG REAL ESTATE FII,44.625.562/0001-04,31/01/2024,Fundos de Investimentos Imobiliário,BR0B4QCTF006,XP INVESTIMENTOS CCTVM S.A.,TG CORE ASSET LTDA,957540171.07,9.86705894,Renda Fixa | Definitiva,20F0851410,Forte Securitizadora SA,20/08/2029,750.0,473034.244575,0.04940098168898851,2024-01-31,44.625.562/0001-04,FUNDO DE INVESTIMENTO IMOBILIARIO TG REAL ESTATE,FUNDO DE INVESTIMENTO IMOBILIARIO TG REAL ESTATE,FII,FECHADO,QUALIFICADO,TG CORE ASSET LTDA,13.194.316/0001-03,OLIVEIRA TRUST DTVM S.A.,36.113.876/0001-91,2024-12-31
3950,32781 - TG REAL ESTATE FII,44.625.562/0001-04,31/01/2024,Fundos de Investimentos Imobiliário,BR0B4QCTF006,XP INVESTIMENTOS CCTVM S.A.,TG CORE ASSET LTDA,957540171.07,9.86705894,Renda Fixa | Definitiva,20F0851401,Forte Securitizadora SA,20/04/2030,1019.0,584116.5864064,0.06100178395165195,2024-01-31,44.625.562/0001-04,FUNDO DE INVESTIMENTO IMOBILIARIO TG REAL ESTATE,FUNDO DE INVESTIMENTO IMOBILIARIO TG REAL ESTATE,FII,FECHADO,QUALIFICADO,TG CORE ASSET LTDA,13.194.316/0001-03,OLIVEIRA TRUST DTVM S.A.,36.113.876/0001-91,2024-12-31
3951,32781 - TG REAL ESTATE FII,44.625.562/0001-04,31/01/2024,Fundos de Investimentos Imobiliário,BR0B4QCTF006,XP INVESTIMENTOS CCTVM S.A.,TG CORE ASSET LTDA,957540171.07,9.86705894,Renda Fixa | Definitiva,22I1290893,VIRGO COMPANHIA DE SECURITIZAÇÃO,22/10/2025,5000.0,5348323.695,0.5585482318745473,2024-01-31,44.625.562/0001-04,FUNDO DE INVESTIMENTO IMOBILIARIO TG REAL ESTATE,FUNDO DE INVESTIMENTO IMOBILIARIO TG REAL ESTATE,FII,FECHADO,QUALIFICADO,TG CORE ASSET LTDA,13.194.316/0001-03,OLIVEIRA TRUST DTVM S.A.,36.113.876/0001-91,2024-12-31
3952,32781 - TG REAL ESTATE FII,44.625.562/0001-04,31/01/2024,Fundos de Investimentos Imobiliário,BR0B4QCTF006,XP INVESTIMENTOS CCTVM S.A.,TG CORE ASSET LTDA,957540171.07,9.86705894,Renda Fixa | Definitiva,20F0851406,Forte Securitizadora SA,20/08/2029,2850.0,1670456.203545,0.17445285889973203,2024-01-31,44.625.562/0001-04,FUNDO DE INVESTIMENTO IMOBILIARIO TG REAL ESTATE,FUNDO DE INVESTIMENTO IMOBILIARIO TG REAL ESTATE,FII,FECHADO,QUALIFICADO,TG CORE ASSET LTDA,13.194.316/0001-03,OLIVEIRA TRUST DTVM S.A.,36.113.876/0001-91,2024-12-31
3953,32781 - TG REAL ESTATE FII,44.625.562/0001-04,31/01/2024,Fundos de Investimentos Imobiliário,BR0B4QCTF006,XP INVESTIMENTOS CCTVM S.A.,TG CORE ASSET LTDA,957540171.07,9.86705894,Renda Fixa | Definitiva,22I1290978,VIRGO COMPANHIA DE SECURITIZAÇÃO,22/10/2025,4000.0,4152130.764,0.4336247072914147,2024-01-31,44.625.562/0001-04,FUNDO DE INVESTIMENTO IMOBILIARIO TG REAL ESTATE,FUNDO DE INVESTIMENTO IMOBILIARIO TG REAL ESTATE,FII,FECHADO,QUALIFICADO,TG CORE ASSET LTDA,13.194.316/0001-03,OLIVEIRA TRUST DTVM S.A.,36.113.876/0001-91,2024-12-31
3954,32781 - TG REAL ESTATE FII,44.625.562/0001-04,31/01/2024,Fundos de Investimentos Imobiliário,BR0B4QCTF006,XP INVESTIMENTOS CCTVM S.A.,TG CORE ASSET LTDA,957540171.07,9.86705894,Renda Fixa | Definitiva,22H1237505,VIRGO COMPANHIA DE SECURITIZAÇÃO,21/07/2027,5000.0,4782636.6535,0.49947112382299935,2024-01-31,44.625.562/0001-04,FUNDO DE INVESTIMENTO IMOBILIARIO TG REAL ESTATE,FUNDO DE INVESTIMENTO IMOBILIARIO TG REAL ESTATE,FII,FECHADO,QUALIFICADO,TG CORE ASSET LTDA,13.194.316/0001-03,OLIVEIRA TRUST DTVM S.A.,36.113.876/0001-91,2024-12-31
3955,32781 - TG REAL ESTATE FII,44.625.562/0001-04,31/01/2024,Fundos de Investimentos Imobiliário,BR0B4QCTF006,XP INVESTIMENTOS CCTVM S.A.,TG CORE ASSET LTDA,957540171.07,9.86705894,Renda Fixa | Definitiva,22J1206765,BARIGUI SECURITIZADORA S.A.,20/10/2031,8663.0,9113493.811128,0.9517609899273632,2024-01-31,44.625.562/0001-04,FUNDO DE INVESTIMENTO IMOBILIARIO TG REAL ESTATE,FUNDO DE INVESTIMENTO IMOBILIARIO TG REAL ESTATE,FII,FECHADO,QUALIFICADO,TG CORE ASSET LTDA,13.194.316/0001-03,OLIVEIRA TRUST DTVM S.A.,36.113.876/0001-91,2024-12-31
3956,32781 - TG REAL ESTATE FII,44.625.562/0001-04,31/01/2024,Fundos de Investimentos Imobiliário,BR0B4QCTF006,XP INVESTIMENTOS CCTVM S.A.,TG CORE ASSET LTDA,957540171.07,9.86705894,Renda Fixa | Definitiva,21D0503168,Forte Securitizadora SA,20/04/2028,2500.0,824332.156,0.08608851940685192,2024-01-31,44.625.562/0001-04,FUNDO DE INVESTIMENTO IMOBILIARIO TG REAL ESTATE,FUNDO DE INVESTIMENTO IMOBILIARIO TG REAL ESTATE,FII,FECHADO,QUALIFICADO,TG CORE ASSET LTDA,13.194.316/0001-03,OLIVEIRA TRUST DTVM S.A.,36.113.876/0001-91,2024-12-31
3957,32781 - TG REAL ESTATE FII,44.625.562/0001-04,31/01/2024,Fundos de Investimentos Imobiliário,BR0B4QCTF006,XP INVESTIMENTOS CCTVM S.A.,TG CORE ASSET LTDA,957540171.07,9.86705894,Renda Fixa | Definitiva,22L0344492,VIRGO COMPANHIA DE SECURITIZAÇÃO,20/12/2034,2500.0,2480217.22775,0.25901965292782336,2024-01-31,44.625.562/0001-04,FUNDO DE INVESTIMENTO IMOBILIARIO TG REAL ESTATE,FUNDO DE INVESTIMENTO IMOBILIARIO TG REAL ESTATE,FII,FECHADO,QUALIFICADO,TG CORE ASSET LTDA,13.194.316/0001-03,OLIVEIRA TRUST DTVM S.A.,36.113.876/0001-91,2024-12-31
3958,32781 - TG REAL ESTATE FII,44.625.562/0001-04,31/01/2024,Fundos de Investimentos Imobiliário,BR0B4QCTF006,XP INVESTIMENTOS CCTVM S.A.,TG CORE ASSET LTDA,957540171.07,9.86705894,Renda Fixa | Definitiva,20F0851404,Forte Securitizadora SA,20/08/2029,782.0,458708.328671,0.04790486525055319,2024-01-31,44.625.562/0001-04,FUNDO DE INVESTIMENTO IMOBILIARIO TG REAL ESTATE,FUNDO DE INVESTIMENTO IMOBILIARIO TG REAL ESTATE,FII,FECHADO,QUALIFICADO,TG CORE ASSET LTDA,13.194.316/0001-03,OLIVEIRA TRUST DTVM S.A.,36.113.876/0001-91,2024-12-31
3959,32781 - TG REAL ESTATE FII,44.625.562/0001-04,31/01/2024,Fundos de Investimentos Imobiliário,BR0B4QCTF006,XP INVESTIMENTOS CCTVM S.A.,TG CORE ASSET LTDA,957540171.07,9.86705894,Renda Fixa | Definitiva,20F0851405,Forte Securitizadora SA,20/08/2029,1750.0,1093808.4626,0.11423107830324522,2024-01-31,44.625.562/0001-04,FUNDO DE INVESTIMENTO IMOBILIARIO TG REAL ESTATE,FUNDO DE INVESTIMENTO IMOBILIARIO TG REAL ESTATE,FII,FECHADO,QUALIFICADO,TG CORE ASSET LTDA,13.194.316/0001-03,OLIVEIRA TRUST DTVM S.A.,36.113.876/0001-91,2024-12-31
3960,32781 - TG REAL ESTATE FII,44.625.562/0001-04,31/01/2024,Fundos de Investimentos Imobiliário,BR0B4QCTF006,XP INVESTIMENTOS CCTVM S.A.,TG CORE ASSET LTDA,957540171.07,9.86705894,Renda Fixa | Definitiva,22F0636862,RB CAPITAL SECURITIZADORA S.A.,24/05/2028,718.0,537166.4738933999,0.056098583654526475,2024-01-31,44.625.562/0001-04,FUNDO DE INVESTIMENTO IMOBILIARIO TG REAL ESTATE,FUNDO DE INVESTIMENTO IMOBILIARIO TG REAL ESTATE,FII,FECHADO,QUALIFICADO,TG CORE ASSET LTDA,13.194.316/0001-03,OLIVEIRA TRUST DTVM S.A.,36.113.876/0001-91,2024-12-31
3961,32781 - TG REAL ESTATE FII,44.625.562/0001-04,31/01/2024,Fundos de Investimentos Imobiliário,BR0B4QCTF006,XP INVESTIMENTOS CCTVM S.A.,TG CORE ASSET LTDA,957540171.07,9.86705894,Renda Fixa | Definitiva,21B0718276,Forte Securitizadora SA,20/02/2031,9000.0,7694717.328,0.8035921166003472,2024-01-31,44.625.562/0001-04,FUNDO DE INVESTIMENTO IMOBILIARIO TG REAL ESTATE,FUNDO DE INVESTIMENTO IMOBILIARIO TG REAL ESTATE,FII,FECHADO,QUALIFICADO,TG CORE ASSET LTDA,13.194.316/0001-03,OLIVEIRA TRUST DTVM S.A.,36.113.876/0001-91,2024-12-31
3962,32781 - TG REAL ESTATE FII,44.625.562/0001-04,31/01/2024,Fundos de Investimentos Imobiliário,BR0B4QCTF006,XP INVESTIMENTOS CCTVM S.A.,TG CORE ASSET LTDA,957540171.07,9.86705894,Renda Fixa | Definitiva,20F0851407,Forte Securitizadora SA,20/08/2029,1500.0,865537.0293,0.09039171989336056,2024-01-31,44.625.562/0001-04,FUNDO DE INVESTIMENTO IMOBILIARIO TG REAL ESTATE,FUNDO DE INVESTIMENTO IMOBILIARIO TG REAL ESTATE,FII,FECHADO,QUALIFICADO,TG CORE ASSET LTDA,13.194.316/0001-03,OLIVEIRA TRUST DTVM S.A.,36.113.876/0001-91,2024-12-31
3963,32781 - TG REAL ESTATE FII,44.625.562/0001-04,31/01/2024,Fundos de Investimentos Imobiliário,BR0B4QCTF006,XP INVESTIMENTOS CCTVM S.A.,TG CORE ASSET LTDA,957540171.07,9.86705894,Renda Fixa | Definitiva,21L0967496,HABITASEC SECURITIZADORA,24/12/2024,1407.0,1466308.934727,0.15313288977615197,2024-01-31,44.625.562/0001-04,FUNDO DE INVESTIMENTO IMOBILIARIO TG REAL ESTATE,FUNDO DE INVESTIMENTO IMOBILIARIO TG REAL ESTATE,FII,FECHADO,QUALIFICADO,TG CORE ASSET LTDA,13.194.316/0001-03,OLIVEIRA TRUST DTVM S.A.,36.113.876/0001-91,2024-12-31
3964,32781 - TG REAL ESTATE FII,44.625.562/0001-04,31/01/2024,Fundos de Investimentos Imobiliário,BR0B4QCTF006,XP INVESTIMENTOS CCTVM S.A.,TG CORE ASSET LTDA,957540171.07,9.86705894,Renda Fixa | Definitiva,22L0344525,VIRGO COMPANHIA DE SECURITIZAÇÃO,20/12/2034,2111.0,2097794.6019242,0.21908162866734107,2024-01-31,44.625.562/0001-04,FUNDO DE INVESTIMENTO IMOBILIARIO TG REAL ESTATE,FUNDO DE INVESTIMENTO IMOBILIARIO TG REAL ESTATE,FII,FECHADO,QUALIFICADO,TG CORE ASSET LTDA,13.194.316/0001-03,OLIVEIRA TRUST DTVM S.A.,36.113.876/0001-91,2024-12-31
3965,32781 - TG REAL ESTATE FII,44.625.562/0001-04,31/01/2024,Fundos de Investimentos Imobiliário,BR0B4QCTF006,XP INVESTIMENTOS CCTVM S.A.,TG CORE ASSET LTDA,957540171.07,9.86705894,Renda Fixa | Definitiva,21C0834078,VIRGO COMPANHIA DE SECURITIZAÇÃO,20/01/2032,3500.0,2995388.599,0.3128211942954636,2024-01-31,44.625.562/0001-04,FUNDO DE INVESTIMENTO IMOBILIARIO TG REAL ESTATE,FUNDO DE INVESTIMENTO IMOBILIARIO TG REAL ESTATE,FII,FECHADO,QUALIFICADO,TG CORE ASSET LTDA,13.194.316/0001-03,OLIVEIRA TRUST DTVM S.A.,36.113.876/0001-91,2024-12-31
3966,32781 - TG REAL ESTATE FII,44.625.562/0001-04,31/01/2024,Fundos de Investimentos Imobiliário,BR0B4QCTF006,XP INVESTIMENTOS CCTVM S.A.,TG CORE ASSET LTDA,957540171.07,9.86705894,Renda Fixa | Definitiva,20F0851408,Forte Securitizadora SA,20/08/2029,1500.0,868592.34015,0.09071079902364768,2024-01-31,44.625.562/0001-04,FUNDO DE INVESTIMENTO IMOBILIARIO TG REAL ESTATE,FUNDO DE INVESTIMENTO IMOBILIARIO TG REAL ESTATE,FII,FECHADO,QUALIFICADO,TG CORE ASSET LTDA,13.194.316/0001-03,OLIVEIRA TRUST DTVM S.A.,36.113.876/0001-91,2024-12-31
3967,32781 - TG REAL ESTATE FII,44.625.562/0001-04,31/01/2024,Fundos de Investimentos Imobiliário,BR0B4QCTF006,XP INVESTIMENTOS CCTVM S.A.,TG CORE ASSET LTDA,957540171.07,9.86705894,Renda Fixa | Definitiva,21A0607973,VIRGO COMPANHIA DE SECURITIZAÇÃO,20/01/2026,3300.0,3954716.0829,0.4130078509897726,2024-01-31,44.625.562/0001-04,FUNDO DE INVESTIMENTO IMOBILIARIO TG REAL ESTATE,FUNDO DE INVESTIMENTO IMOBILIARIO TG REAL ESTATE,FII,FECHADO,QUALIFICADO,TG CORE ASSET LTDA,13.194.316/0001-03,OLIVEIRA TRUST DTVM S.A.,36.113.876/0001-91,2024-12-31
3968,32781 - TG REAL ESTATE FII,44.625.562/0001-04,31/01/2024,Fundos de Investimentos Imobiliário,BR0B4QCTF006,XP INVESTIMENTOS CCTVM S.A.,TG CORE ASSET LTDA,957540171.07,9.86705894,Renda Fixa | Definitiva,20F0851409,Forte Securitizadora SA,20/08/2029,1800.0,1030313.12076,0.10759998921075864,2024-01-31,44.625.562/0001-04,FUNDO DE INVESTIMENTO IMOBILIARIO TG REAL ESTATE,FUNDO DE INVESTIMENTO IMOBILIARIO TG REAL ESTATE,FII,FECHADO,QUALIFICADO,TG CORE ASSET LTDA,13.194.316/0001-03,OLIVEIRA TRUST DTVM S.A.,36.113.876/0001-91,2024-12-31
3969,32781 - TG REAL ESTATE FII,44.625.562/0001-04,31/01/2024,Fundos de Investimentos Imobiliário,BR0B4QCTF006,XP INVESTIMENTOS CCTVM S.A.,TG CORE ASSET LTDA,957540171.07,9.86705894,Renda Fixa | Definitiva,21L0967444,HABITASEC SECURITIZADORA,24/12/2024,6500.0,6762109.679,0.7061959261138572,2024-01-31,44.625.562/0001-04,FUNDO DE INVESTIMENTO IMOBILIARIO TG REAL ESTATE,FUNDO DE INVESTIMENTO IMOBILIARIO TG REAL ESTATE,FII,FECHADO,QUALIFICADO,TG CORE ASSET LTDA,13.194.316/0001-03,OLIVEIRA TRUST DTVM S.A.,36.113.876/0001-91,2024-12-31
3970,32781 - TG REAL ESTATE FII,44.625.562/0001-04,31/01/2024,Fundos de Investimentos Imobiliário,BR0B4QCTF006,XP INVESTIMENTOS CCTVM S.A.,TG CORE ASSET LTDA,957540171.07,9.86705894,Renda Fixa | Definitiva,20K0713315,VIRGO COMPANHIA DE SECURITIZAÇÃO,24/11/2025,166.0,1021186.88784,0.10664689782141236,2024-01-31,44.625.562/0001-04,FUNDO DE INVESTIMENTO IMOBILIARIO TG REAL ESTATE,FUNDO DE INVESTIMENTO IMOBILIARIO TG REAL ESTATE,FII,FECHADO,QUALIFICADO,TG CORE ASSET LTDA,13.194.316/0001-03,OLIVEIRA TRUST DTVM S.A.,36.113.876/0001-91,2024-12-31
3971,32781 - TG REAL ESTATE FII,44.625.562/0001-04,31/01/2024,Fundos de Investimentos Imobiliário,BR0B4QCTF006,XP INVESTIMENTOS CCTVM S.A.,TG CORE ASSET LTDA,957540171.07,9.86705894,Renda Fixa | Definitiva,21C0775913,VIRGO COMPANHIA DE SECURITIZAÇÃO,20/06/2024,6000.0,7147964.148,0.7464923523795907,2024-01-31,44.625.562/0001-04,FUNDO DE INVESTIMENTO IMOBILIARIO TG REAL ESTATE,FUNDO DE INVESTIMENTO IMOBILIARIO TG REAL ESTATE,FII,FECHADO,QUALIFICADO,TG CORE ASSET LTDA,13.194.316/0001-03,OLIVEIRA TRUST DTVM S.A.,36.113.876/0001-91,2024-12-31
3972,32781 - TG REAL ESTATE FII,44.625.562/0001-04,31/01/2024,Fundos de Investimentos Imobiliário,BR0B4QCTF006,XP INVESTIMENTOS CCTVM S.A.,TG CORE ASSET LTDA,957540171.07,9.86705894,Renda Fixa | Definitiva,22B0581013,BARIGUI SECURITIZADORA S.A.,15/02/2032,8467.0,5791770.3682252,0.604859257419269,2024-01-31,44.625.562/0001-04,FUNDO DE INVESTIMENTO IMOBILIARIO TG REAL ESTATE,FUNDO DE INVESTIMENTO IMOBILIARIO TG REAL ESTATE,FII,FECHADO,QUALIFICADO,TG CORE ASSET LTDA,13.194.316/0001-03,OLIVEIRA TRUST DTVM S.A.,36.113.876/0001-91,2024-12-31
3973,32781 - TG REAL ESTATE FII,44.625.562/0001-04,31/01/2024,Fundos de Investimentos Imobiliário,BR0B4QCTF006,XP INVESTIMENTOS CCTVM S.A.,TG CORE ASSET LTDA,957540171.07,9.86705894,Renda Fixa | Definitiva,22D0749868,BARIGUI SECURITIZADORA S.A.,15/05/2032,4764.0,2537399.96496,0.26499148982173676,2024-01-31,44.625.562/0001-04,FUNDO DE INVESTIMENTO IMOBILIARIO TG REAL ESTATE,FUNDO DE INVESTIMENTO IMOBILIARIO TG REAL ESTATE,FII,FECHADO,QUALIFICADO,TG CORE ASSET LTDA,13.194.316/0001-03,OLIVEIRA TRUST DTVM S.A.,36.113.876/0001-91,2024-12-31
3974,32781 - TG REAL ESTATE FII,44.625.562/0001-04,31/01/2024,Fundos de Investimentos Imobiliário,BR0B4QCTF006,XP INVESTIMENTOS CCTVM S.A.,TG CORE ASSET LTDA,957540171.07,9.86705894,Renda Fixa | Definitiva,21I0142421,Forte Securitizadora SA,20/05/2028,1000.0,738294.6190000001,0.07710325282489143,2024-01-31,44.625.562/0001-04,FUNDO DE INVESTIMENTO IMOBILIARIO TG REAL ESTATE,FUNDO DE INVESTIMENTO IMOBILIARIO TG REAL ESTATE,FII,FECHADO,QUALIFICADO,TG CORE ASSET LTDA,13.194.316/0001-03,OLIVEIRA TRUST DTVM S.A.,36.113.876/0001-91,2024-12-31
3975,32781 - TG REAL ESTATE FII,44.625.562/0001-04,31/01/2024,Fundos de Investimentos Imobiliário,BR0B4QCTF006,XP INVESTIMENTOS CCTVM S.A.,TG CORE ASSET LTDA,957540171.07,9.86705894,Renda Fixa | Definitiva,20F0851404,Forte Securitizadora SA,20/08/2029,3418.0,2004942.541429,0.2093846923611135,2024-01-31,44.625.562/0001-04,FUNDO DE INVESTIMENTO IMOBILIARIO TG REAL ESTATE,FUNDO DE INVESTIMENTO IMOBILIARIO TG REAL ESTATE,FII,FECHADO,QUALIFICADO,TG CORE ASSET LTDA,13.194.316/0001-03,OLIVEIRA TRUST DTVM S.A.,36.113.876/0001-91,2024-12-31
3976,32781 - TG REAL ESTATE FII,44.625.562/0001-04,31/01/2024,Fundos de Investimentos Imobiliário,BR0B4QCTF006,XP INVESTIMENTOS CCTVM S.A.,TG CORE ASSET LTDA,957540171.07,9.86705894,Renda Fixa | Definitiva,20D0995555,Forte Securitizadora SA,20/06/2029,1695.0,1654667.9796015,0.17280402740205636,2024-01-31,44.625.562/0001-04,FUNDO DE INVESTIMENTO IMOBILIARIO TG REAL ESTATE,FUNDO DE INVESTIMENTO IMOBILIARIO TG REAL ESTATE,FII,FECHADO,QUALIFICADO,TG CORE ASSET LTDA,13.194.316/0001-03,OLIVEIRA TRUST DTVM S.A.,36.113.876/0001-91,2024-12-31
3977,32781 - TG REAL ESTATE FII,44.625.562/0001-04,31/01/2024,Fundos de Investimentos Imobiliário,BR0B4QCTF006,XP INVESTIMENTOS CCTVM S.A.,TG CORE ASSET LTDA,957540171.07,9.86705894,Renda Fixa | Definitiva,22B0581013,BARIGUI SECURITIZADORA S.A.,15/02/2032,436.0,298241.6299216,0.031146644175599533,2024-01-31,44.625.562/0001-04,FUNDO DE INVESTIMENTO IMOBILIARIO TG REAL ESTATE,FUNDO DE INVESTIMENTO IMOBILIARIO TG REAL ESTATE,FII,FECHADO,QUALIFICADO,TG CORE ASSET LTDA,13.194.316/0001-03,OLIVEIRA TRUST DTVM S.A.,36.113.876/0001-91,2024-12-31
3978,32781 - TG REAL ESTATE FII,44.625.562/0001-04,31/01/2024,Fundos de Investimentos Imobiliário,BR0B4QCTF006,XP INVESTIMENTOS CCTVM S.A.,TG CORE ASSET LTDA,957540171.07,9.86705894,Renda Fixa | Definitiva,22L0343475,VIRGO COMPANHIA DE SECURITIZAÇÃO,20/12/2034,6000.0,5749913.3592,0.6004879516203251,2024-01-31,44.625.562/0001-04,FUNDO DE INVESTIMENTO IMOBILIARIO TG REAL ESTATE,FUNDO DE INVESTIMENTO IMOBILIARIO TG REAL ESTATE,FII,FECHADO,QUALIFICADO,TG CORE ASSET LTDA,13.194.316/0001-03,OLIVEIRA TRUST DTVM S.A.,36.113.876/0001-91,2024-12-31
3979,32781 - TG REAL ESTATE FII,44.625.562/0001-04,31/01/2024,Fundos de Investimentos Imobiliário,BR0B4QCTF006,XP INVESTIMENTOS CCTVM S.A.,TG CORE ASSET LTDA,957540171.07,9.86705894,Renda Fixa | Definitiva,21C0830878,VIRGO COMPANHIA DE SECURITIZAÇÃO,20/01/2032,1863.0,1449824.8805514,0.1514113897625097,2024-01-31,44.625.562/0001-04,FUNDO DE INVESTIMENTO IMOBILIARIO TG REAL ESTATE,FUNDO DE INVESTIMENTO IMOBILIARIO TG REAL ESTATE,FII,FECHADO,QUALIFICADO,TG CORE ASSET LTDA,13.194.316/0001-03,OLIVEIRA TRUST DTVM S.A.,36.113.876/0001-91,2024-12-31
3980,32781 - TG REAL ESTATE FII,44.625.562/0001-04,31/01/2024,Fundos de Investimentos Imobiliário,BR0B4QCTF006,XP INVESTIMENTOS CCTVM S.A.,TG CORE ASSET LTDA,957540171.07,9.86705894,Renda Fixa | Definitiva,22H1237507,VIRGO COMPANHIA DE SECURITIZAÇÃO,21/07/2027,5000.0,4781759.4535,0.4993795140893816,2024-01-31,44.625.562/0001-04,FUNDO DE INVESTIMENTO IMOBILIARIO TG REAL ESTATE,FUNDO DE INVESTIMENTO IMOBILIARIO TG REAL ESTATE,FII,FECHADO,QUALIFICADO,TG CORE ASSET LTDA,13.194.316/0001-03,OLIVEIRA TRUST DTVM S.A.,36.113.876/0001-91,2024-12-31
3981,32781 - TG REAL ESTATE FII,44.625.562/0001-04,31/01/2024,Fundos de Investimentos Imobiliário,BR0B4QCTF006,XP INVESTIMENTOS CCTVM S.A.,TG CORE ASSET LTDA,957540171.07,9.86705894,Renda Fixa | Definitiva,21C0528435,VIRGO COMPANHIA DE SECURITIZAÇÃO,20/01/2032,2292.0,1384159.33059,0.14455365658897376,2024-01-31,44.625.562/0001-04,FUNDO DE INVESTIMENTO IMOBILIARIO TG REAL ESTATE,FUNDO DE INVESTIMENTO IMOBILIARIO TG REAL ESTATE,FII,FECHADO,QUALIFICADO,TG CORE ASSET LTDA,13.194.316/0001-03,OLIVEIRA TRUST DTVM S.A.,36.113.876/0001-91,2024-12-31
3982,32781 - TG REAL ESTATE FII,44.625.562/0001-04,31/01/2024,Fundos de Investimentos Imobiliário,BR0B4QCTF006,XP INVESTIMENTOS CCTVM S.A.,TG CORE ASSET LTDA,957540171.07,9.86705894,Renda Fixa | Definitiva,22H1237510,VIRGO COMPANHIA DE SECURITIZAÇÃO,21/07/2027,1108.0,1058731.8577008,0.11056787899746531,2024-01-31,44.625.562/0001-04,FUNDO DE INVESTIMENTO IMOBILIARIO TG REAL ESTATE,FUNDO DE INVESTIMENTO IMOBILIARIO TG REAL ESTATE,FII,FECHADO,QUALIFICADO,TG CORE ASSET LTDA,13.194.316/0001-03,OLIVEIRA TRUST DTVM S.A.,36.113.876/0001-91,2024-12-31
3983,32781 - TG REAL ESTATE FII,44.625.562/0001-04,31/01/2024,Fundos de Investimentos Imobiliário,BR0B4QCTF006,XP INVESTIMENTOS CCTVM S.A.,TG CORE ASSET LTDA,957540171.07,9.86705894,Renda Fixa | Definitiva,21C0822821,VIRGO COMPANHIA DE SECURITIZAÇÃO,20/01/2032,500.0,413758.84765,0.04321059942452823,2024-01-31,44.625.562/0001-04,FUNDO DE INVESTIMENTO IMOBILIARIO TG REAL ESTATE,FUNDO DE INVESTIMENTO IMOBILIARIO TG REAL ESTATE,FII,FECHADO,QUALIFICADO,TG CORE ASSET LTDA,13.194.316/0001-03,OLIVEIRA TRUST DTVM S.A.,36.113.876/0001-91,2024-12-31
3984,32781 - TG REAL ESTATE FII,44.625.562/0001-04,31/01/2024,Fundos de Investimentos Imobiliário,BR0B4QCTF006,XP INVESTIMENTOS CCTVM S.A.,TG CORE ASSET LTDA,957540171.07,9.86705894,Renda Fixa | Definitiva,22L0344525,VIRGO COMPANHIA DE SECURITIZAÇÃO,20/12/2034,1500.0,1490616.7233,0.15567145570867438,2024-01-31,44.625.562/0001-04,FUNDO DE INVESTIMENTO IMOBILIARIO TG REAL ESTATE,FUNDO DE INVESTIMENTO IMOBILIARIO TG REAL ESTATE,FII,FECHADO,QUALIFICADO,TG CORE ASSET LTDA,13.194.316/0001-03,OLIVEIRA TRUST DTVM S.A.,36.113.876/0001-91,2024-12-31
3985,32781 - TG REAL ESTATE FII,44.625.562/0001-04,31/01/2024,Fundos de Investimentos Imobiliário,BR0B4QCTF006,XP INVESTIMENTOS CCTVM S.A.,TG CORE ASSET LTDA,957540171.07,9.86705894,Renda Fixa | Definitiva,23B0330159,VIRGO COMPANHIA DE SECURITIZAÇÃO,19/02/2035,8000.0,7743739.804799999,0.8087117427299978,2024-01-31,44.625.562/0001-04,FUNDO DE INVESTIMENTO IMOBILIARIO TG REAL ESTATE,FUNDO DE INVESTIMENTO IMOBILIARIO TG REAL ESTATE,FII,FECHADO,QUALIFICADO,TG CORE ASSET LTDA,13.194.316/0001-03,OLIVEIRA TRUST DTVM S.A.,36.113.876/0001-91,2024-12-31
3986,32781 - TG REAL ESTATE FII,44.625.562/0001-04,31/01/2024,Fundos de Investimentos Imobiliário,BR0B4QCTF006,XP INVESTIMENTOS CCTVM S.A.,TG CORE ASSET LTDA,957540171.07,9.86705894,Renda Fixa | Definitiva,21C0830879,VIRGO COMPANHIA DE SECURITIZAÇÃO,20/01/2032,702.0,536860.6836371999,0.05606664867514506,2024-01-31,44.625.562/0001-04,FUNDO DE INVESTIMENTO IMOBILIARIO TG REAL ESTATE,FUNDO DE INVESTIMENTO IMOBILIARIO TG REAL ESTATE,FII,FECHADO,QUALIFICADO,TG CORE ASSET LTDA,13.194.316/0001-03,OLIVEIRA TRUST DTVM S.A.,36.113.876/0001-91,2024-12-31
3987,32781 - TG REAL ESTATE FII,44.625.562/0001-04,31/01/2024,Fundos de Investimentos Imobiliário,BR0B4QCTF006,XP INVESTIMENTOS CCTVM S.A.,TG CORE ASSET LTDA,957540171.07,9.86705894,Renda Fixa | Definitiva,22J1206765,BARIGUI SECURITIZADORA S.A.,20/10/2031,1677.0,1764207.447912,0.18424370080897937,2024-01-31,44.625.562/0001-04,FUNDO DE INVESTIMENTO IMOBILIARIO TG REAL ESTATE,FUNDO DE INVESTIMENTO IMOBILIARIO TG REAL ESTATE,FII,FECHADO,QUALIFICADO,TG CORE ASSET LTDA,13.194.316/0001-03,OLIVEIRA TRUST DTVM S.A.,36.113.876/0001-91,2024-12-31
3988,32781 - TG REAL ESTATE FII,44.625.562/0001-04,31/01/2024,Fundos de Investimentos Imobiliário,BR0B4QCTF006,XP INVESTIMENTOS CCTVM S.A.,TG CORE ASSET LTDA,957540171.07,9.86705894,Renda Fixa | Definitiva,22L0344492,VIRGO COMPANHIA DE SECURITIZAÇÃO,20/12/2034,2000.0,1984173.7822,0.20721572234225863,2024-01-31,44.625.562/0001-04,FUNDO DE INVESTIMENTO IMOBILIARIO TG REAL ESTATE,FUNDO DE INVESTIMENTO IMOBILIARIO TG REAL ESTATE,FII,FECHADO,QUALIFICADO,TG CORE ASSET LTDA,13.194.316/0001-03,OLIVEIRA TRUST DTVM S.A.,36.113.876/0001-91,2024-12-31
3989,32781 - TG REAL ESTATE FII,44.625.562/0001-04,31/01/2024,Fundos de Investimentos Imobiliário,BR0B4QCTF006,XP INVESTIMENTOS CCTVM S.A.,TG CORE ASSET LTDA,957540171.07,9.86705894,Renda Fixa | Definitiva,20K0713315,VIRGO COMPANHIA DE SECURITIZAÇÃO,24/11/2025,344.0,2116194.51456,0.22100320994316777,2024-01-31,44.625.562/0001-04,FUNDO DE INVESTIMENTO IMOBILIARIO TG REAL ESTATE,FUNDO DE INVESTIMENTO IMOBILIARIO TG REAL ESTATE,FII,FECHADO,QUALIFICADO,TG CORE ASSET LTDA,13.194.316/0001-03,OLIVEIRA TRUST DTVM S.A.,36.113.876/0001-91,2024-12-31
3990,32781 - TG REAL ESTATE FII,44.625.562/0001-04,31/01/2024,Fundos de Investimentos Imobiliário,BR0B4QCTF006,XP INVESTIMENTOS CCTVM S.A.,TG CORE ASSET LTDA,957540171.07,9.86705894,Renda Fixa | Definitiva,21C0528814,VIRGO COMPANHIA DE SECURITIZAÇÃO,20/01/2032,429.0,221429.153517,0.023124789978217285,2024-01-31,44.625.562/0001-04,FUNDO DE INVESTIMENTO IMOBILIARIO TG REAL ESTATE,FUNDO DE INVESTIMENTO IMOBILIARIO TG REAL ESTATE,FII,FECHADO,QUALIFICADO,TG CORE ASSET LTDA,13.194.316/0001-03,OLIVEIRA TRUST DTVM S.A.,36.113.876/0001-91,2024-12-31
3991,32781 - TG REAL ESTATE FII,44.625.562/0001-04,31/01/2024,Fundos de Investimentos Imobiliário,BR0B4QCTF006,XP INVESTIMENTOS CCTVM S.A.,TG CORE ASSET LTDA,957540171.07,9.86705894,Renda Fixa | Definitiva,21A0796003,Forte Securitizadora SA,20/11/2031,1070.0,810412.3951259999,0.0846348194687652,2024-01-31,44.625.562/0001-04,FUNDO DE INVESTIMENTO IMOBILIARIO TG REAL ESTATE,FUNDO DE INVESTIMENTO IMOBILIARIO TG REAL ESTATE,FII,FECHADO,QUALIFICADO,TG CORE ASSET LTDA,13.194.316/0001-03,OLIVEIRA TRUST DTVM S.A.,36.113.876/0001-91,2024-12-31
3992,32781 - TG REAL ESTATE FII,44.625.562/0001-04,31/01/2024,Fundos de Investimentos Imobiliário,BR0B4QCTF006,XP INVESTIMENTOS CCTVM S.A.,TG CORE ASSET LTDA,957540171.07,9.86705894,Renda Fixa | Definitiva,22F0636862,RB CAPITAL SECURITIZADORA S.A.,24/05/2028,3924.0,2935712.0383812,0.30658891679716144,2024-01-31,44.625.562/0001-04,FUNDO DE INVESTIMENTO IMOBILIARIO TG REAL ESTATE,FUNDO DE INVESTIMENTO IMOBILIARIO TG REAL ESTATE,FII,FECHADO,QUALIFICADO,TG CORE ASSET LTDA,13.194.316/0001-03,OLIVEIRA TRUST DTVM S.A.,36.113.876/0001-91,2024-12-31
3993,32781 - TG REAL ESTATE FII,44.625.562/0001-04,31/01/2024,Fundos de Investimentos Imobiliário,BR0B4QCTF006,XP INVESTIMENTOS CCTVM S.A.,TG CORE ASSET LTDA,957540171.07,9.86705894,Renda Fixa | Definitiva,22H1237510,VIRGO COMPANHIA DE SECURITIZAÇÃO,21/07/2027,2000.0,1911068.3352,0.1995810090206955,2024-01-31,44.625.562/0001-04,FUNDO DE INVESTIMENTO IMOBILIARIO TG REAL ESTATE,FUNDO DE INVESTIMENTO IMOBILIARIO TG REAL ESTATE,FII,FECHADO,QUALIFICADO,TG CORE ASSET LTDA,13.194.316/0001-03,OLIVEIRA TRUST DTVM S.A.,36.113.876/0001-91,2024-12-31
3994,32781 - TG REAL ESTATE FII,44.625.562/0001-04,31/01/2024,Fundos de Investimentos Imobiliário,BR0B4QCTF006,XP INVESTIMENTOS CCTVM S.A.,TG CORE ASSET LTDA,957540171.07,9.86705894,Renda Fixa | Definitiva,21C0830878,VIRGO COMPANHIA DE SECURITIZAÇÃO,20/01/2032,2200.0,1712085.20516,0.1788003529133233,2024-01-31,44.625.562/0001-04,FUNDO DE INVESTIMENTO IMOBILIARIO TG REAL ESTATE,FUNDO DE INVESTIMENTO IMOBILIARIO TG REAL ESTATE,FII,FECHADO,QUALIFICADO,TG CORE ASSET LTDA,13.194.316/0001-03,OLIVEIRA TRUST DTVM S.A.,36.113.876/0001-91,2024-12-31
3995,32781 - TG REAL ESTATE FII,44.625.562/0001-04,31/01/2024,Fundos de Investimentos Imobiliário,BR0B4QCTF006,XP INVESTIMENTOS CCTVM S.A.,TG CORE ASSET LTDA,957540171.07,9.86705894,Renda Fixa | Definitiva,21A0608492,VIRGO COMPANHIA DE SECURITIZAÇÃO,20/01/2026,1800.0,1921464.7866,0.2006667547381188,2024-01-31,44.625.562/0001-04,FUNDO DE INVESTIMENTO IMOBILIARIO TG REAL ESTATE,FUNDO DE INVESTIMENTO IMOBILIARIO TG REAL ESTATE,FII,FECHADO,QUALIFICADO,TG CORE ASSET LTDA,13.194.316/0001-03,OLIVEIRA TRUST DTVM S.A.,36.113.876/0001-91,2024-12-31
3996,32781 - TG REAL ESTATE FII,44.625.562/0001-04,31/01/2024,Fundos de Investimentos Imobiliário,BR0B4QCTF006,XP INVESTIMENTOS CCTVM S.A.,TG CORE ASSET LTDA,957540171.07,9.86705894,Renda Fixa | Definitiva,21C0830879,VIRGO COMPANHIA DE SECURITIZAÇÃO,20/01/2032,563.0,430559.2092418,0.04496513276938273,2024-01-31,44.625.562/0001-04,FUNDO DE INVESTIMENTO IMOBILIARIO TG REAL ESTATE,FUNDO DE INVESTIMENTO IMOBILIARIO TG REAL ESTATE,FII,FECHADO,QUALIFICADO,TG CORE ASSET LTDA,13.194.316/0001-03,OLIVEIRA TRUST DTVM S.A.,36.113.876/0001-91,2024-12-31
3997,32781 - TG REAL ESTATE FII,44.625.562/0001-04,31/01/2024,Fundos de Investimentos Imobiliário,BR0B4QCTF006,XP INVESTIMENTOS CCTVM S.A.,TG CORE ASSET LTDA,957540171.07,9.86705894,Renda Fixa | Definitiva,20D0942992,VIRGO COMPANHIA DE SECURITIZAÇÃO,20/04/2030,4469.0,2138248.5214625,0.22330640385281397,2024-01-31,44.625.562/0001-04,FUNDO DE INVESTIMENTO IMOBILIARIO TG REAL ESTATE,FUNDO DE INVESTIMENTO IMOBILIARIO TG REAL ESTATE,FII,FECHADO,QUALIFICADO,TG CORE ASSET LTDA,13.194.316/0001-03,OLIVEIRA TRUST DTVM S.A.,36.113.876/0001-91,2024-12-31
3998,32781 - TG REAL ESTATE FII,44.625.562/0001-04,31/01/2024,Fundos de Investimentos Imobiliário,BR0B4QCTF006,XP INVESTIMENTOS CCTVM S.A.,TG CORE ASSET LTDA,957540171.07,9.86705894,Renda Fixa | Definitiva,20F0851402,Forte Securitizadora SA,20/08/2029,3500.0,2074047.31695,0.21660159851386315,2024-01-31,44.625.562/0001-04,FUNDO DE INVESTIMENTO IMOBILIARIO TG REAL ESTATE,FUNDO DE INVESTIMENTO IMOBILIARIO TG REAL ESTATE,FII,FECHADO,QUALIFICADO,TG CORE ASSET LTDA,13.194.316/0001-03,OLIVEIRA TRUST DTVM S.A.,36.113.876/0001-91,2024-12-31
3999,32781 - TG REAL ESTATE FII,44.625.562/0001-04,31/01/2024,Fundos de Investimentos Imobiliário,BR0B4QCTF006,XP INVESTIMENTOS CCTVM S.A.,TG CORE ASSET LTDA,957540171.07,9.86705894,Renda Fixa | Definitiva,19K1139242,Forte Securitizadora SA,20/11/2025,3129.0,3154097.186457,0.32939580831710324,2024-01-31,44.625.562/0001-04,FUNDO DE INVESTIMENTO IMOBILIARIO TG REAL ESTATE,FUNDO DE INVESTIMENTO IMOBILIARIO TG REAL ESTATE,FII,FECHADO,QUALIFICADO,TG CORE ASSET LTDA,13.194.316/0001-03,OLIVEIRA TRUST DTVM S.A.,36.113.876/0001-91,2024-12-31
4000,32781 - TG REAL ESTATE FII,44.625.562/0001-04,31/01/2024,Fundos de Investimentos Imobiliário,BR0B4QCTF006,XP INVESTIMENTOS CCTVM S.A.,TG CORE ASSET LTDA,957540171.07,9.86705894,Renda Fixa | Definitiva,21J0856192,Forte Securitizadora SA,20/04/2029,1000.0,799408.193,0.08348560375349098,2024-01-31,44.625.562/0001-04,FUNDO DE INVESTIMENTO IMOBILIARIO TG REAL ESTATE,FUNDO DE INVESTIMENTO IMOBILIARIO TG REAL ESTATE,FII,FECHADO,QUALIFICADO,TG CORE ASSET LTDA,13.194.316/0001-03,OLIVEIRA TRUST DTVM S.A.,36.113.876/0001-91,2024-12-31
4001,32781 - TG REAL ESTATE FII,44.625.562/0001-04,31/01/2024,Fundos de Investimentos Imobiliário,BR0B4QCTF006,XP INVESTIMENTOS CCTVM S.A.,TG CORE ASSET LTDA,957540171.07,9.86705894,Renda Fixa | Definitiva,21G0511750,Forte Securitizadora SA,20/01/2029,1700.0,1502804.58966,0.15694428652332112,2024-01-31,44.625.562/0001-04,FUNDO DE INVESTIMENTO IMOBILIARIO TG REAL ESTATE,FUNDO DE INVESTIMENTO IMOBILIARIO TG REAL ESTATE,FII,FECHADO,QUALIFICADO,TG CORE ASSET LTDA,13.194.316/0001-03,OLIVEIRA TRUST DTVM S.A.,36.113.876/0001-91,2024-12-31
4002,32781 - TG REAL ESTATE FII,44.625.562/0001-04,31/01/2024,Fundos de Investimentos Imobiliário,BR0B4QCTF006,XP INVESTIMENTOS CCTVM S.A.,TG CORE ASSET LTDA,957540171.07,9.86705894,Renda Fixa | Definitiva,21L0967490,HABITASEC SECURITIZADORA,24/12/2024,1000.0,1027369.321,0.10729255565873226,2024-01-31,44.625.562/0001-04,FUNDO DE INVESTIMENTO IMOBILIARIO TG REAL ESTATE,FUNDO DE INVESTIMENTO IMOBILIARIO TG REAL ESTATE,FII,FECHADO,QUALIFICADO,TG CORE ASSET LTDA,13.194.316/0001-03,OLIVEIRA TRUST DTVM S.A.,36.113.876/0001-91,2024-12-31
4743,22691 - XP SELECTION FII,30.983.020/0001-90,31/01/2024,Fundos de Investimentos Imobiliário,-,XP INVESTIMENTOS CCTVM S.A.,XP VISTA ASSET MANAGEMENT LTDA.,373941445.93,8.63563431,Cotas de fundos,OT SOBERANO FIRF REF DI LP,OLIVEIRA TRUST,2099-12-01 00:00:00,8695.17902212,22073701.17,5.902983317375333,2024-01-31,30.983.020/0001-90,XP SELECTION FUNDO DE FUNDOS DE INVESTIMENTO IMOBILIÁRIO - FII,XP SELECTION FUNDO DE FUNDOS DE INVESTIMENTO IMOBILIÁRIO - FII,FII,FECHADO,GERAL,XP VISTA ASSET MANAGMENT LTDA.,16.789.525/0001-98,OLIVEIRA TRUST DTVM S.A.,36.113.876/0001-91,2024-12-31
4780,32781 - TG REAL ESTATE FII,44.625.562/0001-04,31/01/2024,Fundos de Investimentos Imobiliário,BR0B4QCTF006,XP INVESTIMENTOS CCTVM S.A.,TG CORE ASSET LTDA,957540171.07,9.86705894,Cotas de fundos,TREND PE XXII FIC RF,XP - 02220030-7,2099-12-01 00:00:00,2940702.85179173,3005212.81,0.31384717850968435,2024-01-31,44.625.562/0001-04,FUNDO DE INVESTIMENTO IMOBILIARIO TG REAL ESTATE,FUNDO DE INVESTIMENTO IMOBILIARIO TG REAL ESTATE,FII,FECHADO,QUALIFICADO,TG CORE ASSET LTDA,13.194.316/0001-03,OLIVEIRA TRUST DTVM S.A.,36.113.876/0001-91,2024-12-31
4781,32781 - TG REAL ESTATE FII,44.625.562/0001-04,31/01/2024,Fundos de Investimentos Imobiliário,BR0B4QCTF006,XP INVESTIMENTOS CCTVM S.A.,TG CORE ASSET LTDA,957540171.07,9.86705894,Cotas de fundos,FUNDO DE INVESTIMENTO IMOBILIÁRIO XP GRUPO CARNAÚBA,XP - 02220030-7,2099-12-01 00:00:00,2128.90000351,1877758.61,0.19610233249031267,2024-01-31,44.625.562/0001-04,FUNDO DE INVESTIMENTO IMOBILIARIO TG REAL ESTATE,FUNDO DE INVESTIMENTO IMOBILIARIO TG REAL ESTATE,FII,FECHADO,QUALIFICADO,TG CORE ASSET LTDA,13.194.316/0001-03,OLIVEIRA TRUST DTVM S.A.,36.113.876/0001-91,2024-12-31
4782,32781 - TG REAL ESTATE FII,44.625.562/0001-04,31/01/2024,Fundos de Investimentos Imobiliário,BR0B4QCTF006,XP INVESTIMENTOS CCTVM S.A.,TG CORE ASSET LTDA,957540171.07,9.86705894,Cotas de fundos,BLUE FII,XP - 02220030-7,2099-12-01 00:00:00,300000.0,31202295.73,3.258588691389636,2024-01-31,44.625.562/0001-04,FUNDO DE INVESTIMENTO IMOBILIARIO TG REAL ESTATE,FUNDO DE INVESTIMENTO IMOBILIARIO TG REAL ESTATE,FII,FECHADO,QUALIFICADO,TG CORE ASSET LTDA,13.194.316/0001-03,OLIVEIRA TRUST DTVM S.A.,36.113.876/0001-91,2024-12-31
4783,32781 - TG REAL ESTATE FII,44.625.562/0001-04,31/01/2024,Fundos de Investimentos Imobiliário,BR0B4QCTF006,XP INVESTIMENTOS CCTVM S.A.,TG CORE ASSET LTDA,957540171.07,9.86705894,Cotas de fundos,OT SOBERANO FIRF REF DI LP,OLIVEIRA TRUST,2099-12-01 00:00:00,14431.00368734,36634744.62,3.825922475822882,2024-01-31,44.625.562/0001-04,FUNDO DE INVESTIMENTO IMOBILIARIO TG REAL ESTATE,FUNDO DE INVESTIMENTO IMOBILIARIO TG REAL ESTATE,FII,FECHADO,QUALIFICADO,TG CORE ASSET LTDA,13.194.316/0001-03,OLIVEIRA TRUST DTVM S.A.,36.113.876/0001-91,2024-12-31
5238,22691 - XP SELECTION FII,30.983.020/0001-90,31/01/2024,Fundos de Investimentos Imobiliário,-,XP INVESTIMENTOS CCTVM S.A.,XP VISTA ASSET MANAGEMENT LTDA.,373941445.93,8.63563431,Renda Variável,XPCI11,FII XP CRED CI,2099-12-01 00:00:00,135612.0,12088453.68,3.2327129853006182,2024-01-31,30.983.020/0001-90,XP SELECTION FUNDO DE FUNDOS DE INVESTIMENTO IMOBILIÁRIO - FII,XP SELECTION FUNDO DE FUNDOS DE INVESTIMENTO IMOBILIÁRIO - FII,FII,FECHADO,GERAL,XP VISTA ASSET MANAGMENT LTDA.,16.789.525/0001-98,OLIVEIRA TRUST DTVM S.A.,36.113.876/0001-91,2024-12-31
5239,22691 - XP SELECTION FII,30.983.020/0001-90,31/01/2024,Fundos de Investimentos Imobiliário,-,XP INVESTIMENTOS CCTVM S.A.,XP VISTA ASSET MANAGEMENT LTDA.,373941445.93,8.63563431,Renda Variável,MCCI11,FII MAUA    CI,2099-12-01 00:00:00,202776.0,18959556.0,5.070193798081728,2024-01-31,30.983.020/0001-90,XP SELECTION FUNDO DE FUNDOS DE INVESTIMENTO IMOBILIÁRIO - FII,XP SELECTION FUNDO DE FUNDOS DE INVESTIMENTO IMOBILIÁRIO - FII,FII,FECHADO,GERAL,XP VISTA ASSET MANAGMENT LTDA.,16.789.525/0001-98,OLIVEIRA TRUST DTVM S.A.,36.113.876/0001-91,2024-12-31
5240,22691 - XP SELECTION FII,30.983.020/0001-90,31/01/2024,Fundos de Investimentos Imobiliário,-,XP INVESTIMENTOS CCTVM S.A.,XP VISTA ASSET MANAGEMENT LTDA.,373941445.93,8.63563431,Renda Variável,MXRF11,FII MAXI RENCI,2099-12-01 00:00:00,544122.0,5849311.5,1.5642319308715946,2024-01-31,30.983.020/0001-90,XP SELECTION FUNDO DE FUNDOS DE INVESTIMENTO IMOBILIÁRIO - FII,XP SELECTION FUNDO DE FUNDOS DE INVESTIMENTO IMOBILIÁRIO - FII,FII,FECHADO,GERAL,XP VISTA ASSET MANAGMENT LTDA.,16.789.525/0001-98,OLIVEIRA TRUST DTVM S.A.,36.113.876/0001-91,2024-12-31
5241,22691 - XP SELECTION FII,30.983.020/0001-90,31/01/2024,Fundos de Investimentos Imobiliário,-,XP INVESTIMENTOS CCTVM S.A.,XP VISTA ASSET MANAGEMENT LTDA.,373941445.93,8.63563431,Renda Variável,KNIP11,FII KINEA IPCI,2099-12-01 00:00:00,88241.0,8523198.19,2.2792868463143026,2024-01-31,30.983.020/0001-90,XP SELECTION FUNDO DE FUNDOS DE INVESTIMENTO IMOBILIÁRIO - FII,XP SELECTION FUNDO DE FUNDOS DE INVESTIMENTO IMOBILIÁRIO - FII,FII,FECHADO,GERAL,XP VISTA ASSET MANAGMENT LTDA.,16.789.525/0001-98,OLIVEIRA TRUST DTVM S.A.,36.113.876/0001-91,2024-12-31
5242,22691 - XP SELECTION FII,30.983.020/0001-90,31/01/2024,Fundos de Investimentos Imobiliário,-,XP INVESTIMENTOS CCTVM S.A.,XP VISTA ASSET MANAGEMENT LTDA.,373941445.93,8.63563431,Renda Variável,VILG11,FII VINCI LGCI,2099-12-01 00:00:00,97580.0,9074940.0,2.4268344947510267,2024-01-31,30.983.020/0001-90,XP SELECTION FUNDO DE FUNDOS DE INVESTIMENTO IMOBILIÁRIO - FII,XP SELECTION FUNDO DE FUNDOS DE INVESTIMENTO IMOBILIÁRIO - FII,FII,FECHADO,GERAL,XP VISTA ASSET MANAGMENT LTDA.,16.789.525/0001-98,OLIVEIRA TRUST DTVM S.A.,36.113.876/0001-91,2024-12-31
5243,22691 - XP SELECTION FII,30.983.020/0001-90,31/01/2024,Fundos de Investimentos Imobiliário,-,XP INVESTIMENTOS CCTVM S.A.,XP VISTA ASSET MANAGEMENT LTDA.,373941445.93,8.63563431,Renda Variável,TRXF11,FII TRX REALCI,2099-12-01 00:00:00,61385.0,6846882.9,1.8310040180145488,2024-01-31,30.983.020/0001-90,XP SELECTION FUNDO DE FUNDOS DE INVESTIMENTO IMOBILIÁRIO - FII,XP SELECTION FUNDO DE FUNDOS DE INVESTIMENTO IMOBILIÁRIO - FII,FII,FECHADO,GERAL,XP VISTA ASSET MANAGMENT LTDA.,16.789.525/0001-98,OLIVEIRA TRUST DTVM S.A.,36.113.876/0001-91,2024-12-31
5244,22691 - XP SELECTION FII,30.983.020/0001-90,31/01/2024,Fundos de Investimentos Imobiliário,-,XP INVESTIMENTOS CCTVM S.A.,XP VISTA ASSET MANAGEMENT LTDA.,373941445.93,8.63563431,Renda Variável,KNSC11,FII KINEA SCCI  ES,2099-12-01 00:00:00,61630.0,560216.7,0.14981401663213062,2024-01-31,30.983.020/0001-90,XP SELECTION FUNDO DE FUNDOS DE INVESTIMENTO IMOBILIÁRIO - FII,XP SELECTION FUNDO DE FUNDOS DE INVESTIMENTO IMOBILIÁRIO - FII,FII,FECHADO,GERAL,XP VISTA ASSET MANAGMENT LTDA.,16.789.525/0001-98,OLIVEIRA TRUST DTVM S.A.,36.113.876/0001-91,2024-12-31
5245,22691 - XP SELECTION FII,30.983.020/0001-90,31/01/2024,Fundos de Investimentos Imobiliário,-,XP INVESTIMENTOS CCTVM S.A.,XP VISTA ASSET MANAGEMENT LTDA.,373941445.93,8.63563431,Renda Variável,RBRL11,FII RBR LOG CI,2099-12-01 00:00:00,225968.0,19661475.68,5.257902244855878,2024-01-31,30.983.020/0001-90,XP SELECTION FUNDO DE FUNDOS DE INVESTIMENTO IMOBILIÁRIO - FII,XP SELECTION FUNDO DE FUNDOS DE INVESTIMENTO IMOBILIÁRIO - FII,FII,FECHADO,GERAL,XP VISTA ASSET MANAGMENT LTDA.,16.789.525/0001-98,OLIVEIRA TRUST DTVM S.A.,36.113.876/0001-91,2024-12-31
5246,22691 - XP SELECTION FII,30.983.020/0001-90,31/01/2024,Fundos de Investimentos Imobiliário,-,XP INVESTIMENTOS CCTVM S.A.,XP VISTA ASSET MANAGEMENT LTDA.,373941445.93,8.63563431,Renda Variável,RBRP11,FII RBR PROPCI,2099-12-01 00:00:00,139424.0,7983418.24,2.134938056985119,2024-01-31,30.983.020/0001-90,XP SELECTION FUNDO DE FUNDOS DE INVESTIMENTO IMOBILIÁRIO - FII,XP SELECTION FUNDO DE FUNDOS DE INVESTIMENTO IMOBILIÁRIO - FII,FII,FECHADO,GERAL,XP VISTA ASSET MANAGMENT LTDA.,16.789.525/0001-98,OLIVEIRA TRUST DTVM S.A.,36.113.876/0001-91,2024-12-31
5247,22691 - XP SELECTION FII,30.983.020/0001-90,31/01/2024,Fundos de Investimentos Imobiliário,-,XP INVESTIMENTOS CCTVM S.A.,XP VISTA ASSET MANAGEMENT LTDA.,373941445.93,8.63563431,Renda Variável,XPML11,FII XP MALLSCI  ER,2099-12-01 00:00:00,1000.0,116970.0,0.03128029836572227,2024-01-31,30.983.020/0001-90,XP SELECTION FUNDO DE FUNDOS DE INVESTIMENTO IMOBILIÁRIO - FII,XP SELECTION FUNDO DE FUNDOS DE INVESTIMENTO IMOBILIÁRIO - FII,FII,FECHADO,GERAL,XP VISTA ASSET MANAGMENT LTDA.,16.789.525/0001-98,OLIVEIRA TRUST DTVM S.A.,36.113.876/0001-91,2024-12-31
5248,22691 - XP SELECTION FII,30.983.020/0001-90,31/01/2024,Fundos de Investimentos Imobiliário,-,XP INVESTIMENTOS CCTVM S.A.,XP VISTA ASSET MANAGEMENT LTDA.,373941445.93,8.63563431,Renda Variável,XPPR11,FII XP PROP CI,2099-12-01 00:00:00,109593.0,2287205.91,0.6116481430165283,2024-01-31,30.983.020/0001-90,XP SELECTION FUNDO DE FUNDOS DE INVESTIMENTO IMOBILIÁRIO - FII,XP SELECTION FUNDO DE FUNDOS DE INVESTIMENTO IMOBILIÁRIO - FII,FII,FECHADO,GERAL,XP VISTA ASSET MANAGMENT LTDA.,16.789.525/0001-98,OLIVEIRA TRUST DTVM S.A.,36.113.876/0001-91,2024-12-31
5249,22691 - XP SELECTION FII,30.983.020/0001-90,31/01/2024,Fundos de Investimentos Imobiliário,-,XP INVESTIMENTOS CCTVM S.A.,XP VISTA ASSET MANAGEMENT LTDA.,373941445.93,8.63563431,Renda Variável,CBOP11,FII C BRANCOCI,2099-12-01 00:00:00,60402.0,1867025.82,0.4992829332829552,2024-01-31,30.983.020/0001-90,XP SELECTION FUNDO DE FUNDOS DE INVESTIMENTO IMOBILIÁRIO - FII,XP SELECTION FUNDO DE FUNDOS DE INVESTIMENTO IMOBILIÁRIO - FII,FII,FECHADO,GERAL,XP VISTA ASSET MANAGMENT LTDA.,16.789.525/0001-98,OLIVEIRA TRUST DTVM S.A.,36.113.876/0001-91,2024-12-31
5250,22691 - XP SELECTION FII,30.983.020/0001-90,31/01/2024,Fundos de Investimentos Imobiliário,-,XP INVESTIMENTOS CCTVM S.A.,XP VISTA ASSET MANAGEMENT LTDA.,373941445.93,8.63563431,Renda Variável,CPTS11,FII CAPI SECCI,2099-12-01 00:00:00,2768150.0,23584638.0,6.307040382042842,2024-01-31,30.983.020/0001-90,XP SELECTION FUNDO DE FUNDOS DE INVESTIMENTO IMOBILIÁRIO - FII,XP SELECTION FUNDO DE FUNDOS DE INVESTIMENTO IMOBILIÁRIO - FII,FII,FECHADO,GERAL,XP VISTA ASSET MANAGMENT LTDA.,16.789.525/0001-98,OLIVEIRA TRUST DTVM S.A.,36.113.876/0001-91,2024-12-31
5251,22691 - XP SELECTION FII,30.983.020/0001-90,31/01/2024,Fundos de Investimentos Imobiliário,-,XP INVESTIMENTOS CCTVM S.A.,XP VISTA ASSET MANAGEMENT LTDA.,373941445.93,8.63563431,Renda Variável,HBRH11,FII MULT RENCI,2099-12-01 00:00:00,207774.0,18865879.2,5.045142603297202,2024-01-31,30.983.020/0001-90,XP SELECTION FUNDO DE FUNDOS DE INVESTIMENTO IMOBILIÁRIO - FII,XP SELECTION FUNDO DE FUNDOS DE INVESTIMENTO IMOBILIÁRIO - FII,FII,FECHADO,GERAL,XP VISTA ASSET MANAGMENT LTDA.,16.789.525/0001-98,OLIVEIRA TRUST DTVM S.A.,36.113.876/0001-91,2024-12-31
5252,22691 - XP SELECTION FII,30.983.020/0001-90,31/01/2024,Fundos de Investimentos Imobiliário,-,XP INVESTIMENTOS CCTVM S.A.,XP VISTA ASSET MANAGEMENT LTDA.,373941445.93,8.63563431,Renda Variável,MXRF13,FII MAX RENCI,2099-12-01 00:00:00,126548.0,1360391.0,0.3637978658976086,2024-01-31,30.983.020/0001-90,XP SELECTION FUNDO DE FUNDOS DE INVESTIMENTO IMOBILIÁRIO - FII,XP SELECTION FUNDO DE FUNDOS DE INVESTIMENTO IMOBILIÁRIO - FII,FII,FECHADO,GERAL,XP VISTA ASSET MANAGMENT LTDA.,16.789.525/0001-98,OLIVEIRA TRUST DTVM S.A.,36.113.876/0001-91,2024-12-31
5253,22691 - XP SELECTION FII,30.983.020/0001-90,31/01/2024,Fundos de Investimentos Imobiliário,-,XP INVESTIMENTOS CCTVM S.A.,XP VISTA ASSET MANAGEMENT LTDA.,373941445.93,8.63563431,Renda Variável,TEPP11,FII TEL PROPCI,2099-12-01 00:00:00,65562.0,6097921.62,1.630715633789762,2024-01-31,30.983.020/0001-90,XP SELECTION FUNDO DE FUNDOS DE INVESTIMENTO IMOBILIÁRIO - FII,XP SELECTION FUNDO DE FUNDOS DE INVESTIMENTO IMOBILIÁRIO - FII,FII,FECHADO,GERAL,XP VISTA ASSET MANAGMENT LTDA.,16.789.525/0001-98,OLIVEIRA TRUST DTVM S.A.,36.113.876/0001-91,2024-12-31
5254,22691 - XP SELECTION FII,30.983.020/0001-90,31/01/2024,Fundos de Investimentos Imobiliário,-,XP INVESTIMENTOS CCTVM S.A.,XP VISTA ASSET MANAGEMENT LTDA.,373941445.93,8.63563431,Renda Variável,HGBS11,FII HEDGEBS CI,2099-12-01 00:00:00,33000.0,7540500.0,2.016492176000075,2024-01-31,30.983.020/0001-90,XP SELECTION FUNDO DE FUNDOS DE INVESTIMENTO IMOBILIÁRIO - FII,XP SELECTION FUNDO DE FUNDOS DE INVESTIMENTO IMOBILIÁRIO - FII,FII,FECHADO,GERAL,XP VISTA ASSET MANAGMENT LTDA.,16.789.525/0001-98,OLIVEIRA TRUST DTVM S.A.,36.113.876/0001-91,2024-12-31
5255,22691 - XP SELECTION FII,30.983.020/0001-90,31/01/2024,Fundos de Investimentos Imobiliário,-,XP INVESTIMENTOS CCTVM S.A.,XP VISTA ASSET MANAGEMENT LTDA.,373941445.93,8.63563431,Renda Variável,RBRR11,FII RBRHGRADCI,2099-12-01 00:00:00,191789.0,16927297.14,4.526723989607909,2024-01-31,30.983.020/0001-90,XP SELECTION FUNDO DE FUNDOS DE INVESTIMENTO IMOBILIÁRIO - FII,XP SELECTION FUNDO DE FUNDOS DE INVESTIMENTO IMOBILIÁRIO - FII,FII,FECHADO,GERAL,XP VISTA ASSET MANAGMENT LTDA.,16.789.525/0001-98,OLIVEIRA TRUST DTVM S.A.,36.113.876/0001-91,2024-12-31
5256,22691 - XP SELECTION FII,30.983.020/0001-90,31/01/2024,Fundos de Investimentos Imobiliário,-,XP INVESTIMENTOS CCTVM S.A.,XP VISTA ASSET MANAGEMENT LTDA.,373941445.93,8.63563431,Renda Variável,HGRE11,FII HG REAL CI,2099-12-01 00:00:00,36062.0,4812473.9,1.2869592157754215,2024-01-31,30.983.020/0001-90,XP SELECTION FUNDO DE FUNDOS DE INVESTIMENTO IMOBILIÁRIO - FII,XP SELECTION FUNDO DE FUNDOS DE INVESTIMENTO IMOBILIÁRIO - FII,FII,FECHADO,GERAL,XP VISTA ASSET MANAGMENT LTDA.,16.789.525/0001-98,OLIVEIRA TRUST DTVM S.A.,36.113.876/0001-91,2024-12-31
5257,22691 - XP SELECTION FII,30.983.020/0001-90,31/01/2024,Fundos de Investimentos Imobiliário,-,XP INVESTIMENTOS CCTVM S.A.,XP VISTA ASSET MANAGEMENT LTDA.,373941445.93,8.63563431,Renda Variável,MXRF14,FII MAX RENCI,2099-12-01 00:00:00,625184.0,6720728.0,1.7972674794807548,2024-01-31,30.983.020/0001-90,XP SELECTION FUNDO DE FUNDOS DE INVESTIMENTO IMOBILIÁRIO - FII,XP SELECTION FUNDO DE FUNDOS DE INVESTIMENTO IMOBILIÁRIO - FII,FII,FECHADO,GERAL,XP VISTA ASSET MANAGMENT LTDA.,16.789.525/0001-98,OLIVEIRA TRUST DTVM S.A.,36.113.876/0001-91,2024-12-31
5258,22691 - XP SELECTION FII,30.983.020/0001-90,31/01/2024,Fundos de Investimentos Imobiliário,-,XP INVESTIMENTOS CCTVM S.A.,XP VISTA ASSET MANAGEMENT LTDA.,373941445.93,8.63563431,Renda Variável,VINO11,FII VINCI OFCI,2099-12-01 00:00:00,1010325.0,7739089.5,2.069599287330327,2024-01-31,30.983.020/0001-90,XP SELECTION FUNDO DE FUNDOS DE INVESTIMENTO IMOBILIÁRIO - FII,XP SELECTION FUNDO DE FUNDOS DE INVESTIMENTO IMOBILIÁRIO - FII,FII,FECHADO,GERAL,XP VISTA ASSET MANAGMENT LTDA.,16.789.525/0001-98,OLIVEIRA TRUST DTVM S.A.,36.113.876/0001-91,2024-12-31
5259,22691 - XP SELECTION FII,30.983.020/0001-90,31/01/2024,Fundos de Investimentos Imobiliário,-,XP INVESTIMENTOS CCTVM S.A.,XP VISTA ASSET MANAGEMENT LTDA.,373941445.93,8.63563431,Renda Variável,KNCR11,FII KINEA RICI,2099-12-01 00:00:00,125236.0,12996992.08,3.475675729839525,2024-01-31,30.983.020/0001-90,XP SELECTION FUNDO DE FUNDOS DE INVESTIMENTO IMOBILIÁRIO - FII,XP SELECTION FUNDO DE FUNDOS DE INVESTIMENTO IMOBILIÁRIO - FII,FII,FECHADO,GERAL,XP VISTA ASSET MANAGMENT LTDA.,16.789.525/0001-98,OLIVEIRA TRUST DTVM S.A.,36.113.876/0001-91,2024-12-31
5260,22691 - XP SELECTION FII,30.983.020/0001-90,31/01/2024,Fundos de Investimentos Imobiliário,-,XP INVESTIMENTOS CCTVM S.A.,XP VISTA ASSET MANAGEMENT LTDA.,373941445.93,8.63563431,Renda Variável,XPLG11,FII XP LOG  CI,2099-12-01 00:00:00,148215.0,16210274.55,4.334976699275662,2024-01-31,30.983.020/0001-90,XP SELECTION FUNDO DE FUNDOS DE INVESTIMENTO IMOBILIÁRIO - FII,XP SELECTION FUNDO DE FUNDOS DE INVESTIMENTO IMOBILIÁRIO - FII,FII,FECHADO,GERAL,XP VISTA ASSET MANAGMENT LTDA.,16.789.525/0001-98,OLIVEIRA TRUST DTVM S.A.,36.113.876/0001-91,2024-12-31
5261,22691 - XP SELECTION FII,30.983.020/0001-90,31/01/2024,Fundos de Investimentos Imobiliário,-,XP INVESTIMENTOS CCTVM S.A.,XP VISTA ASSET MANAGEMENT LTDA.,373941445.93,8.63563431,Renda Variável,PVBI11,FII VBI PRI CI,2099-12-01 00:00:00,11954.0,1231142.46,0.3292340213688064,2024-01-31,30.983.020/0001-90,XP SELECTION FUNDO DE FUNDOS DE INVESTIMENTO IMOBILIÁRIO - FII,XP SELECTION FUNDO DE FUNDOS DE INVESTIMENTO IMOBILIÁRIO - FII,FII,FECHADO,GERAL,XP VISTA ASSET MANAGMENT LTDA.,16.789.525/0001-98,OLIVEIRA TRUST DTVM S.A.,36.113.876/0001-91,2024-12-31
5262,22691 - XP SELECTION FII,30.983.020/0001-90,31/01/2024,Fundos de Investimentos Imobiliário,-,XP INVESTIMENTOS CCTVM S.A.,XP VISTA ASSET MANAGEMENT LTDA.,373941445.93,8.63563431,Renda Variável,MXRF15,FII MAXI RENCI,2099-12-01 00:00:00,150000.0,1612500.0,0.4312172447185359,2024-01-31,30.983.020/0001-90,XP SELECTION FUNDO DE FUNDOS DE INVESTIMENTO IMOBILIÁRIO - FII,XP SELECTION FUNDO DE FUNDOS DE INVESTIMENTO IMOBILIÁRIO - FII,FII,FECHADO,GERAL,XP VISTA ASSET MANAGMENT LTDA.,16.789.525/0001-98,OLIVEIRA TRUST DTVM S.A.,36.113.876/0001-91,2024-12-31
5263,22691 - XP SELECTION FII,30.983.020/0001-90,31/01/2024,Fundos de Investimentos Imobiliário,-,XP INVESTIMENTOS CCTVM S.A.,XP VISTA ASSET MANAGEMENT LTDA.,373941445.93,8.63563431,Renda Variável,HSAF11,FII HSI CRI CI,2099-12-01 00:00:00,2698.0,240337.84,0.0642715170024213,2024-01-31,30.983.020/0001-90,XP SELECTION FUNDO DE FUNDOS DE INVESTIMENTO IMOBILIÁRIO - FII,XP SELECTION FUNDO DE FUNDOS DE INVESTIMENTO IMOBILIÁRIO - FII,FII,FECHADO,GERAL,XP VISTA ASSET MANAGMENT LTDA.,16.789.525/0001-98,OLIVEIRA TRUST DTVM S.A.,36.113.876/0001-91,2024-12-31
5264,22691 - XP SELECTION FII,30.983.020/0001-90,31/01/2024,Fundos de Investimentos Imobiliário,-,XP INVESTIMENTOS CCTVM S.A.,XP VISTA ASSET MANAGEMENT LTDA.,373941445.93,8.63563431,Renda Variável,BLMC11,FII BLUE CRICI  ER,2099-12-01 00:00:00,9296.0,800385.6,0.2140403554383828,2024-01-31,30.983.020/0001-90,XP SELECTION FUNDO DE FUNDOS DE INVESTIMENTO IMOBILIÁRIO - FII,XP SELECTION FUNDO DE FUNDOS DE INVESTIMENTO IMOBILIÁRIO - FII,FII,FECHADO,GERAL,XP VISTA ASSET MANAGMENT LTDA.,16.789.525/0001-98,OLIVEIRA TRUST DTVM S.A.,36.113.876/0001-91,2024-12-31
5265,22691 - XP SELECTION FII,30.983.020/0001-90,31/01/2024,Fundos de Investimentos Imobiliário,-,XP INVESTIMENTOS CCTVM S.A.,XP VISTA ASSET MANAGEMENT LTDA.,373941445.93,8.63563431,Renda Variável,LPLP11,FII LAGO PDRCI,2099-12-01 00:00:00,11300.0,5144551.0,1.3757637876179776,2024-01-31,30.983.020/0001-90,XP SELECTION FUNDO DE FUNDOS DE INVESTIMENTO IMOBILIÁRIO - FII,XP SELECTION FUNDO DE FUNDOS DE INVESTIMENTO IMOBILIÁRIO - FII,FII,FECHADO,GERAL,XP VISTA ASSET MANAGMENT LTDA.,16.789.525/0001-98,OLIVEIRA TRUST DTVM S.A.,36.113.876/0001-91,2024-12-31
5266,22691 - XP SELECTION FII,30.983.020/0001-90,31/01/2024,Fundos de Investimentos Imobiliário,-,XP INVESTIMENTOS CCTVM S.A.,XP VISTA ASSET MANAGEMENT LTDA.,373941445.93,8.63563431,Renda Variável,BTLG12,FII BTLG CI ER,2099-12-01 00:00:00,42899.0,0.0,0.0,2024-01-31,30.983.020/0001-90,XP SELECTION FUNDO DE FUNDOS DE INVESTIMENTO IMOBILIÁRIO - FII,XP SELECTION FUNDO DE FUNDOS DE INVESTIMENTO IMOBILIÁRIO - FII,FII,FECHADO,GERAL,XP VISTA ASSET MANAGMENT LTDA.,16.789.525/0001-98,OLIVEIRA TRUST DTVM S.A.,36.113.876/0001-91,2024-12-31
5267,22691 - XP SELECTION FII,30.983.020/0001-90,31/01/2024,Fundos de Investimentos Imobiliário,-,XP INVESTIMENTOS CCTVM S.A.,XP VISTA ASSET MANAGEMENT LTDA.,373941445.93,8.63563431,Renda Variável,HSML11,FII HSI MALLCI,2099-12-01 00:00:00,88608.0,8566621.44,2.2908991590099452,2024-01-31,30.983.020/0001-90,XP SELECTION FUNDO DE FUNDOS DE INVESTIMENTO IMOBILIÁRIO - FII,XP SELECTION FUNDO DE FUNDOS DE INVESTIMENTO IMOBILIÁRIO - FII,FII,FECHADO,GERAL,XP VISTA ASSET MANAGMENT LTDA.,16.789.525/0001-98,OLIVEIRA TRUST DTVM S.A.,36.113.876/0001-91,2024-12-31
5268,22691 - XP SELECTION FII,30.983.020/0001-90,31/01/2024,Fundos de Investimentos Imobiliário,-,XP INVESTIMENTOS CCTVM S.A.,XP VISTA ASSET MANAGEMENT LTDA.,373941445.93,8.63563431,Renda Variável,JFLL11,FII JFL LIV CI,2099-12-01 00:00:00,19722.0,1473430.62,0.3940270959629918,2024-01-31,30.983.020/0001-90,XP SELECTION FUNDO DE FUNDOS DE INVESTIMENTO IMOBILIÁRIO - FII,XP SELECTION FUNDO DE FUNDOS DE INVESTIMENTO IMOBILIÁRIO - FII,FII,FECHADO,GERAL,XP VISTA ASSET MANAGMENT LTDA.,16.789.525/0001-98,OLIVEIRA TRUST DTVM S.A.,36.113.876/0001-91,2024-12-31
5269,22691 - XP SELECTION FII,30.983.020/0001-90,31/01/2024,Fundos de Investimentos Imobiliário,-,XP INVESTIMENTOS CCTVM S.A.,XP VISTA ASSET MANAGEMENT LTDA.,373941445.93,8.63563431,Renda Variável,TGAR11,FII TG ATIVOCI,2099-12-01 00:00:00,171020.0,21163725.0,5.659636082158634,2024-01-31,30.983.020/0001-90,XP SELECTION FUNDO DE FUNDOS DE INVESTIMENTO IMOBILIÁRIO - FII,XP SELECTION FUNDO DE FUNDOS DE INVESTIMENTO IMOBILIÁRIO - FII,FII,FECHADO,GERAL,XP VISTA ASSET MANAGMENT LTDA.,16.789.525/0001-98,OLIVEIRA TRUST DTVM S.A.,36.113.876/0001-91,2024-12-31
5270,22691 - XP SELECTION FII,30.983.020/0001-90,31/01/2024,Fundos de Investimentos Imobiliário,-,XP INVESTIMENTOS CCTVM S.A.,XP VISTA ASSET MANAGEMENT LTDA.,373941445.93,8.63563431,Renda Variável,IRDM11,FII IRIDIUM CI,2099-12-01 00:00:00,13515.0,1050115.5,0.2808235116565754,2024-01-31,30.983.020/0001-90,XP SELECTION FUNDO DE FUNDOS DE INVESTIMENTO IMOBILIÁRIO - FII,XP SELECTION FUNDO DE FUNDOS DE INVESTIMENTO IMOBILIÁRIO - FII,FII,FECHADO,GERAL,XP VISTA ASSET MANAGMENT LTDA.,16.789.525/0001-98,OLIVEIRA TRUST DTVM S.A.,36.113.876/0001-91,2024-12-31
5271,22691 - XP SELECTION FII,30.983.020/0001-90,31/01/2024,Fundos de Investimentos Imobiliário,-,XP INVESTIMENTOS CCTVM S.A.,XP VISTA ASSET MANAGEMENT LTDA.,373941445.93,8.63563431,Renda Variável,RBED11,FII RIOB ED CI,2099-12-01 00:00:00,61152.0,9129993.6,2.441557013637127,2024-01-31,30.983.020/0001-90,XP SELECTION FUNDO DE FUNDOS DE INVESTIMENTO IMOBILIÁRIO - FII,XP SELECTION FUNDO DE FUNDOS DE INVESTIMENTO IMOBILIÁRIO - FII,FII,FECHADO,GERAL,XP VISTA ASSET MANAGMENT LTDA.,16.789.525/0001-98,OLIVEIRA TRUST DTVM S.A.,36.113.876/0001-91,2024-12-31
5272,22691 - XP SELECTION FII,30.983.020/0001-90,31/01/2024,Fundos de Investimentos Imobiliário,-,XP INVESTIMENTOS CCTVM S.A.,XP VISTA ASSET MANAGEMENT LTDA.,373941445.93,8.63563431,Renda Variável,BARI11,FII BARIGUI CI,2099-12-01 00:00:00,195299.0,16664863.67,4.456543625046468,2024-01-31,30.983.020/0001-90,XP SELECTION FUNDO DE FUNDOS DE INVESTIMENTO IMOBILIÁRIO - FII,XP SELECTION FUNDO DE FUNDOS DE INVESTIMENTO IMOBILIÁRIO - FII,FII,FECHADO,GERAL,XP VISTA ASSET MANAGMENT LTDA.,16.789.525/0001-98,OLIVEIRA TRUST DTVM S.A.,36.113.876/0001-91,2024-12-31
5273,22691 - XP SELECTION FII,30.983.020/0001-90,31/01/2024,Fundos de Investimentos Imobiliário,-,XP INVESTIMENTOS CCTVM S.A.,XP VISTA ASSET MANAGEMENT LTDA.,373941445.93,8.63563431,Renda Variável,AIEC11,FII AUTONOMYCI,2099-12-01 00:00:00,77196.0,4299817.2,1.1498637679239505,2024-01-31,30.983.020/0001-90,XP SELECTION FUNDO DE FUNDOS DE INVESTIMENTO IMOBILIÁRIO - FII,XP SELECTION FUNDO DE FUNDOS DE INVESTIMENTO IMOBILIÁRIO - FII,FII,FECHADO,GERAL,XP VISTA ASSET MANAGMENT LTDA.,16.789.525/0001-98,OLIVEIRA TRUST DTVM S.A.,36.113.876/0001-91,2024-12-31
5274,22691 - XP SELECTION FII,30.983.020/0001-90,31/01/2024,Fundos de Investimentos Imobiliário,-,XP INVESTIMENTOS CCTVM S.A.,XP VISTA ASSET MANAGEMENT LTDA.,373941445.93,8.63563431,Renda Variável,XPIN11,FII XP INDL CI,2099-12-01 00:00:00,7005.0,567054.75,0.1516426585423617,2024-01-31,30.983.020/0001-90,XP SELECTION FUNDO DE FUNDOS DE INVESTIMENTO IMOBILIÁRIO - FII,XP SELECTION FUNDO DE FUNDOS DE INVESTIMENTO IMOBILIÁRIO - FII,FII,FECHADO,GERAL,XP VISTA ASSET MANAGMENT LTDA.,16.789.525/0001-98,OLIVEIRA TRUST DTVM S.A.,36.113.876/0001-91,2024-12-31
5275,22691 - XP SELECTION FII,30.983.020/0001-90,31/01/2024,Fundos de Investimentos Imobiliário,-,XP INVESTIMENTOS CCTVM S.A.,XP VISTA ASSET MANAGEMENT LTDA.,373941445.93,8.63563431,Renda Variável,BTLG11,FII BTLG    CI  ER,2099-12-01 00:00:00,103541.0,10606740.04,2.836470831314464,2024-01-31,30.983.020/0001-90,XP SELECTION FUNDO DE FUNDOS DE INVESTIMENTO IMOBILIÁRIO - FII,XP SELECTION FUNDO DE FUNDOS DE INVESTIMENTO IMOBILIÁRIO - FII,FII,FECHADO,GERAL,XP VISTA ASSET MANAGMENT LTDA.,16.789.525/0001-98,OLIVEIRA TRUST DTVM S.A.,36.113.876/0001-91,2024-12-31
5276,22691 - XP SELECTION FII,30.983.020/0001-90,31/01/2024,Fundos de Investimentos Imobiliário,-,XP INVESTIMENTOS CCTVM S.A.,XP VISTA ASSET MANAGEMENT LTDA.,373941445.93,8.63563431,Renda Variável,GTWR11,FII G TOWERSCI,2099-12-01 00:00:00,58419.0,5137951.05,1.373998818778114,2024-01-31,30.983.020/0001-90,XP SELECTION FUNDO DE FUNDOS DE INVESTIMENTO IMOBILIÁRIO - FII,XP SELECTION FUNDO DE FUNDOS DE INVESTIMENTO IMOBILIÁRIO - FII,FII,FECHADO,GERAL,XP VISTA ASSET MANAGMENT LTDA.,16.789.525/0001-98,OLIVEIRA TRUST DTVM S.A.,36.113.876/0001-91,2024-12-31
5277,22691 - XP SELECTION FII,30.983.020/0001-90,31/01/2024,Fundos de Investimentos Imobiliário,-,XP INVESTIMENTOS CCTVM S.A.,XP VISTA ASSET MANAGEMENT LTDA.,373941445.93,8.63563431,Renda Variável,SPVJ11,FII S VAREJOCI  ERS,2099-12-01 00:00:00,75117.0,8724393.93,2.3330909223775005,2024-01-31,30.983.020/0001-90,XP SELECTION FUNDO DE FUNDOS DE INVESTIMENTO IMOBILIÁRIO - FII,XP SELECTION FUNDO DE FUNDOS DE INVESTIMENTO IMOBILIÁRIO - FII,FII,FECHADO,GERAL,XP VISTA ASSET MANAGMENT LTDA.,16.789.525/0001-98,OLIVEIRA TRUST DTVM S.A.,36.113.876/0001-91,2024-12-31
5278,22691 - XP SELECTION FII,30.983.020/0001-90,31/01/2024,Fundos de Investimentos Imobiliário,-,XP INVESTIMENTOS CCTVM S.A.,XP VISTA ASSET MANAGEMENT LTDA.,373941445.93,8.63563431,Renda Variável,BROF11,FII BROF    CI,2099-12-01 00:00:00,59639.0,3401808.56,0.9097169080949646,2024-01-31,30.983.020/0001-90,XP SELECTION FUNDO DE FUNDOS DE INVESTIMENTO IMOBILIÁRIO - FII,XP SELECTION FUNDO DE FUNDOS DE INVESTIMENTO IMOBILIÁRIO - FII,FII,FECHADO,GERAL,XP VISTA ASSET MANAGMENT LTDA.,16.789.525/0001-98,OLIVEIRA TRUST DTVM S.A.,36.113.876/0001-91,2024-12-31
5279,22691 - XP SELECTION FII,30.983.020/0001-90,31/01/2024,Fundos de Investimentos Imobiliário,-,XP INVESTIMENTOS CCTVM S.A.,XP VISTA ASSET MANAGEMENT LTDA.,373941445.93,8.63563431,Renda Variável,PATL11,FII PATR LOGCI,2099-12-01 00:00:00,43014.0,2920650.6,0.7810449020263808,2024-01-31,30.983.020/0001-90,XP SELECTION FUNDO DE FUNDOS DE INVESTIMENTO IMOBILIÁRIO - FII,XP SELECTION FUNDO DE FUNDOS DE INVESTIMENTO IMOBILIÁRIO - FII,FII,FECHADO,GERAL,XP VISTA ASSET MANAGMENT LTDA.,16.789.525/0001-98,OLIVEIRA TRUST DTVM S.A.,36.113.876/0001-91,2024-12-31
5280,22691 - XP SELECTION FII,30.983.020/0001-90,31/01/2024,Fundos de Investimentos Imobiliário,-,XP INVESTIMENTOS CCTVM S.A.,XP VISTA ASSET MANAGEMENT LTDA.,373941445.93,8.63563431,Renda Variável,VISC11,FII VINCI SCCI,2099-12-01 00:00:00,97111.0,11769853.2,3.147512352028306,2024-01-31,30.983.020/0001-90,XP SELECTION FUNDO DE FUNDOS DE INVESTIMENTO IMOBILIÁRIO - FII,XP SELECTION FUNDO DE FUNDOS DE INVESTIMENTO IMOBILIÁRIO - FII,FII,FECHADO,GERAL,XP VISTA ASSET MANAGMENT LTDA.,16.789.525/0001-98,OLIVEIRA TRUST DTVM S.A.,36.113.876/0001-91,2024-12-31
5301,32781 - TG REAL ESTATE FII,44.625.562/0001-04,31/01/2024,Fundos de Investimentos Imobiliário,BR0B4QCTF006,XP INVESTIMENTOS CCTVM S.A.,TG CORE ASSET LTDA,957540171.07,9.86705894,Renda Variável,RBRY11,FII RBR PCRICI,2099-12-01 00:00:00,89919.0,8947839.69,0.934461024230583,2024-01-31,44.625.562/0001-04,FUNDO DE INVESTIMENTO IMOBILIARIO TG REAL ESTATE,FUNDO DE INVESTIMENTO IMOBILIARIO TG REAL ESTATE,FII,FECHADO,QUALIFICADO,TG CORE ASSET LTDA,13.194.316/0001-03,OLIVEIRA TRUST DTVM S.A.,36.113.876/0001-91,2024-12-31
5302,32781 - TG REAL ESTATE FII,44.625.562/0001-04,31/01/2024,Fundos de Investimentos Imobiliário,BR0B4QCTF006,XP INVESTIMENTOS CCTVM S.A.,TG CORE ASSET LTDA,957540171.07,9.86705894,Renda Variável,SNME16,SUNO MUT FII,2099-12-01 00:00:00,750000.0,7500000.0,0.7832569563759556,2024-01-31,44.625.562/0001-04,FUNDO DE INVESTIMENTO IMOBILIARIO TG REAL ESTATE,FUNDO DE INVESTIMENTO IMOBILIARIO TG REAL ESTATE,FII,FECHADO,QUALIFICADO,TG CORE ASSET LTDA,13.194.316/0001-03,OLIVEIRA TRUST DTVM S.A.,36.113.876/0001-91,2024-12-31
5303,32781 - TG REAL ESTATE FII,44.625.562/0001-04,31/01/2024,Fundos de Investimentos Imobiliário,BR0B4QCTF006,XP INVESTIMENTOS CCTVM S.A.,TG CORE ASSET LTDA,957540171.07,9.86705894,Renda Variável,HGIC11,FII HGI CRI CI,2099-12-01 00:00:00,352513.0,37013865.0,3.8655156324814,2024-01-31,44.625.562/0001-04,FUNDO DE INVESTIMENTO IMOBILIARIO TG REAL ESTATE,FUNDO DE INVESTIMENTO IMOBILIARIO TG REAL ESTATE,FII,FECHADO,QUALIFICADO,TG CORE ASSET LTDA,13.194.316/0001-03,OLIVEIRA TRUST DTVM S.A.,36.113.876/0001-91,2024-12-31
5304,32781 - TG REAL ESTATE FII,44.625.562/0001-04,31/01/2024,Fundos de Investimentos Imobiliário,BR0B4QCTF006,XP INVESTIMENTOS CCTVM S.A.,TG CORE ASSET LTDA,957540171.07,9.86705894,Renda Variável,EQIR11,FII EQI RECECI  ER,2099-12-01 00:00:00,494149.0,4694415.5,0.4902578128658812,2024-01-31,44.625.562/0001-04,FUNDO DE INVESTIMENTO IMOBILIARIO TG REAL ESTATE,FUNDO DE INVESTIMENTO IMOBILIARIO TG REAL ESTATE,FII,FECHADO,QUALIFICADO,TG CORE ASSET LTDA,13.194.316/0001-03,OLIVEIRA TRUST DTVM S.A.,36.113.876/0001-91,2024-12-31
5305,32781 - TG REAL ESTATE FII,44.625.562/0001-04,31/01/2024,Fundos de Investimentos Imobiliário,BR0B4QCTF006,XP INVESTIMENTOS CCTVM S.A.,TG CORE ASSET LTDA,957540171.07,9.86705894,Renda Variável,KIVO11,FII KIVO    CI,2099-12-01 00:00:00,29732.0,2820080.2,0.29451299122507946,2024-01-31,44.625.562/0001-04,FUNDO DE INVESTIMENTO IMOBILIARIO TG REAL ESTATE,FUNDO DE INVESTIMENTO IMOBILIARIO TG REAL ESTATE,FII,FECHADO,QUALIFICADO,TG CORE ASSET LTDA,13.194.316/0001-03,OLIVEIRA TRUST DTVM S.A.,36.113.876/0001-91,2024-12-31
5306,32781 - TG REAL ESTATE FII,44.625.562/0001-04,31/01/2024,Fundos de Investimentos Imobiliário,BR0B4QCTF006,XP INVESTIMENTOS CCTVM S.A.,TG CORE ASSET LTDA,957540171.07,9.86705894,Renda Variável,MANA11,FII MANATI  CI,2099-12-01 00:00:00,529837.0,5022854.76,0.5245581242181441,2024-01-31,44.625.562/0001-04,FUNDO DE INVESTIMENTO IMOBILIARIO TG REAL ESTATE,FUNDO DE INVESTIMENTO IMOBILIARIO TG REAL ESTATE,FII,FECHADO,QUALIFICADO,TG CORE ASSET LTDA,13.194.316/0001-03,OLIVEIRA TRUST DTVM S.A.,36.113.876/0001-91,2024-12-31
5307,32781 - TG REAL ESTATE FII,44.625.562/0001-04,31/01/2024,Fundos de Investimentos Imobiliário,BR0B4QCTF006,XP INVESTIMENTOS CCTVM S.A.,TG CORE ASSET LTDA,957540171.07,9.86705894,Renda Variável,LSPA11,FII LESTE PACI  ER,2099-12-01 00:00:00,40246.0,4346165.54,0.45388858570219487,2024-01-31,44.625.562/0001-04,FUNDO DE INVESTIMENTO IMOBILIARIO TG REAL ESTATE,FUNDO DE INVESTIMENTO IMOBILIARIO TG REAL ESTATE,FII,FECHADO,QUALIFICADO,TG CORE ASSET LTDA,13.194.316/0001-03,OLIVEIRA TRUST DTVM S.A.,36.113.876/0001-91,2024-12-31
5308,32781 - TG REAL ESTATE FII,44.625.562/0001-04,31/01/2024,Fundos de Investimentos Imobiliário,BR0B4QCTF006,XP INVESTIMENTOS CCTVM S.A.,TG CORE ASSET LTDA,957540171.07,9.86705894,Renda Variável,ARXD11,FII ARXD R  CI,2099-12-01 00:00:00,59563.0,5742468.83,0.5997104877159459,2024-01-31,44.625.562/0001-04,FUNDO DE INVESTIMENTO IMOBILIARIO TG REAL ESTATE,FUNDO DE INVESTIMENTO IMOBILIARIO TG REAL ESTATE,FII,FECHADO,QUALIFICADO,TG CORE ASSET LTDA,13.194.316/0001-03,OLIVEIRA TRUST DTVM S.A.,36.113.876/0001-91,2024-12-31
5309,32781 - TG REAL ESTATE FII,44.625.562/0001-04,31/01/2024,Fundos de Investimentos Imobiliário,BR0B4QCTF006,XP INVESTIMENTOS CCTVM S.A.,TG CORE ASSET LTDA,957540171.07,9.86705894,Renda Variável,TGRE INCORPORACOES,TGLT,2099-12-01 00:00:00,160000000.0,156617559.32,16.356239043735183,2024-01-31,44.625.562/0001-04,FUNDO DE INVESTIMENTO IMOBILIARIO TG REAL ESTATE,FUNDO DE INVESTIMENTO IMOBILIARIO TG REAL ESTATE,FII,FECHADO,QUALIFICADO,TG CORE ASSET LTDA,13.194.316/0001-03,OLIVEIRA TRUST DTVM S.A.,36.113.876/0001-91,2024-12-31
5310,32781 - TG REAL ESTATE FII,44.625.562/0001-04,31/01/2024,Fundos de Investimentos Imobiliário,BR0B4QCTF006,XP INVESTIMENTOS CCTVM S.A.,TG CORE ASSET LTDA,957540171.07,9.86705894,Renda Variável,TGRE SHARE,TGLT,2099-12-01 00:00:00,50000000.0,56972822.09,5.949914563514961,2024-01-31,44.625.562/0001-04,FUNDO DE INVESTIMENTO IMOBILIARIO TG REAL ESTATE,FUNDO DE INVESTIMENTO IMOBILIARIO TG REAL ESTATE,FII,FECHADO,QUALIFICADO,TG CORE ASSET LTDA,13.194.316/0001-03,OLIVEIRA TRUST DTVM S.A.,36.113.876/0001-91,2024-12-31
5311,32781 - TG REAL ESTATE FII,44.625.562/0001-04,31/01/2024,Fundos de Investimentos Imobiliário,BR0B4QCTF006,XP INVESTIMENTOS CCTVM S.A.,TG CORE ASSET LTDA,957540171.07,9.86705894,Renda Variável,TGRE MALL,TGLT,2099-12-01 00:00:00,49139225.0,46107055.32,4.815156242320135,2024-01-31,44.625.562/0001-04,FUNDO DE INVESTIMENTO IMOBILIARIO TG REAL ESTATE,FUNDO DE INVESTIMENTO IMOBILIARIO TG REAL ESTATE,FII,FECHADO,QUALIFICADO,TG CORE ASSET LTDA,13.194.316/0001-03,OLIVEIRA TRUST DTVM S.A.,36.113.876/0001-91,2024-12-31
5312,32781 - TG REAL ESTATE FII,44.625.562/0001-04,31/01/2024,Fundos de Investimentos Imobiliário,BR0B4QCTF006,XP INVESTIMENTOS CCTVM S.A.,TG CORE ASSET LTDA,957540171.07,9.86705894,Renda Variável,TGRE LOTEAMENTOS,TGLT,2099-12-01 00:00:00,620000000.0,634803726.54,66.2952579661113,2024-01-31,44.625.562/0001-04,FUNDO DE INVESTIMENTO IMOBILIARIO TG REAL ESTATE,FUNDO DE INVESTIMENTO IMOBILIARIO TG REAL ESTATE,FII,FECHADO,QUALIFICADO,TG CORE ASSET LTDA,13.194.316/0001-03,OLIVEIRA TRUST DTVM S.A.,36.113.876/0001-91,2024-12-31
5313,32781 - TG REAL ESTATE FII,44.625.562/0001-04,31/01/2024,Fundos de Investimentos Imobiliário,BR0B4QCTF006,XP INVESTIMENTOS CCTVM S.A.,TG CORE ASSET LTDA,957540171.07,9.86705894,Renda Variável,TGRE LAND,TGLT,2099-12-01 00:00:00,50000000.0,49909918.59,5.212305457036683,2024-01-31,44.625.562/0001-04,FUNDO DE INVESTIMENTO IMOBILIARIO TG REAL ESTATE,FUNDO DE INVESTIMENTO IMOBILIARIO TG REAL ESTATE,FII,FECHADO,QUALIFICADO,TG CORE ASSET LTDA,13.194.316/0001-03,OLIVEIRA TRUST DTVM S.A.,36.113.876/0001-91,2024-12-31
5451,22691 - XP SELECTION FII,30.983.020/0001-90,31/01/2024,Fundos de Investimentos Imobiliário,-,XP INVESTIMENTOS CCTVM S.A.,XP VISTA ASSET MANAGEMENT LTDA.,373941445.93,8.63563431,Dinheiro,Caixa,n/a,2099-12-01 00:00:00,1.0,87.85,2.349298291381295e-05,2024-01-31,30.983.020/0001-90,XP SELECTION FUNDO DE FUNDOS DE INVESTIMENTO IMOBILIÁRIO - FII,XP SELECTION FUNDO DE FUNDOS DE INVESTIMENTO IMOBILIÁRIO - FII,FII,FECHADO,GERAL,XP VISTA ASSET MANAGMENT LTDA.,16.789.525/0001-98,OLIVEIRA TRUST DTVM S.A.,36.113.876/0001-91,2024-12-31
5464,32781 - TG REAL ESTATE FII,44.625.562/0001-04,31/01/2024,Fundos de Investimentos Imobiliário,BR0B4QCTF006,XP INVESTIMENTOS CCTVM S.A.,TG CORE ASSET LTDA,957540171.07,9.86705894,Dinheiro,Caixa,n/a,2099-12-01 00:00:00,1.0,0.11,1.1487768693514016e-08,2024-01-31,44.625.562/0001-04,FUNDO DE INVESTIMENTO IMOBILIARIO TG REAL ESTATE,FUNDO DE INVESTIMENTO IMOBILIARIO TG REAL ESTATE,FII,FECHADO,QUALIFICADO,TG CORE ASSET LTDA,13.194.316/0001-03,OLIVEIRA TRUST DTVM S.A.,36.113.876/0001-91,2024-12-31
5539,22691 - XP SELECTION FII,30.983.020/0001-90,29/02/2024,Fundos de Investimentos Imobiliário,-,XP INVESTIMENTOS CCTVM S.A.,XP VISTA ASSET MANAGEMENT LTDA.,374866895.87,8.65700623,Renda Fixa | Definitiva,21K0938631,BARIGUI SECURITIZADORA S.A.,20/11/2024,2970.0,1275831.528822556,0.340342543681158,2024-02-29,30.983.020/0001-90,XP SELECTION FUNDO DE FUNDOS DE INVESTIMENTO IMOBILIÁRIO - FII,XP SELECTION FUNDO DE FUNDOS DE INVESTIMENTO IMOBILIÁRIO - FII,FII,FECHADO,GERAL,XP VISTA ASSET MANAGMENT LTDA.,16.789.525/0001-98,OLIVEIRA TRUST DTVM S.A.,36.113.876/0001-91,2024-12-31
5540,22691 - XP SELECTION FII,30.983.020/0001-90,29/02/2024,Fundos de Investimentos Imobiliário,-,XP INVESTIMENTOS CCTVM S.A.,XP VISTA ASSET MANAGEMENT LTDA.,374866895.87,8.65700623,Renda Fixa | Definitiva,20D1006203,TRUE SECURITIZADORA S.A.,03/05/2032,9196.0,8935527.90541501,2.3836535057802912,2024-02-29,30.983.020/0001-90,XP SELECTION FUNDO DE FUNDOS DE INVESTIMENTO IMOBILIÁRIO - FII,XP SELECTION FUNDO DE FUNDOS DE INVESTIMENTO IMOBILIÁRIO - FII,FII,FECHADO,GERAL,XP VISTA ASSET MANAGMENT LTDA.,16.789.525/0001-98,OLIVEIRA TRUST DTVM S.A.,36.113.876/0001-91,2024-12-31
5541,22691 - XP SELECTION FII,30.983.020/0001-90,29/02/2024,Fundos de Investimentos Imobiliário,-,XP INVESTIMENTOS CCTVM S.A.,XP VISTA ASSET MANAGEMENT LTDA.,374866895.87,8.65700623,Renda Fixa | Definitiva,20D1006203,TRUE SECURITIZADORA S.A.,03/05/2032,1023.0,994024.0373248756,0.26516719621718554,2024-02-29,30.983.020/0001-90,XP SELECTION FUNDO DE FUNDOS DE INVESTIMENTO IMOBILIÁRIO - FII,XP SELECTION FUNDO DE FUNDOS DE INVESTIMENTO IMOBILIÁRIO - FII,FII,FECHADO,GERAL,XP VISTA ASSET MANAGMENT LTDA.,16.789.525/0001-98,OLIVEIRA TRUST DTVM S.A.,36.113.876/0001-91,2024-12-31
5542,22691 - XP SELECTION FII,30.983.020/0001-90,29/02/2024,Fundos de Investimentos Imobiliário,-,XP INVESTIMENTOS CCTVM S.A.,XP VISTA ASSET MANAGEMENT LTDA.,374866895.87,8.65700623,Renda Fixa | Definitiva,21K0938631,BARIGUI SECURITIZADORA S.A.,20/11/2024,10913.0,4687929.115838571,1.250558309492417,2024-02-29,30.983.020/0001-90,XP SELECTION FUNDO DE FUNDOS DE INVESTIMENTO IMOBILIÁRIO - FII,XP SELECTION FUNDO DE FUNDOS DE INVESTIMENTO IMOBILIÁRIO - FII,FII,FECHADO,GERAL,XP VISTA ASSET MANAGMENT LTDA.,16.789.525/0001-98,OLIVEIRA TRUST DTVM S.A.,36.113.876/0001-91,2024-12-31
5600,32781 - TG REAL ESTATE FII,44.625.562/0001-04,29/02/2024,Fundos de Investimentos Imobiliário,BR0B4QCTF006,XP INVESTIMENTOS CCTVM S.A.,TG CORE ASSET LTDA,945434442.55,9.74231437,Renda Fixa | Definitiva,21A0608480,VIRGO COMPANHIA DE SECURITIZAÇÃO,20/01/2026,3300.0,3580132.8882,0.37867595330499737,2024-02-29,44.625.562/0001-04,FUNDO DE INVESTIMENTO IMOBILIARIO TG REAL ESTATE,FUNDO DE INVESTIMENTO IMOBILIARIO TG REAL ESTATE,FII,FECHADO,QUALIFICADO,TG CORE ASSET LTDA,13.194.316/0001-03,OLIVEIRA TRUST DTVM S.A.,36.113.876/0001-91,2024-12-31
5601,32781 - TG REAL ESTATE FII,44.625.562/0001-04,29/02/2024,Fundos de Investimentos Imobiliário,BR0B4QCTF006,XP INVESTIMENTOS CCTVM S.A.,TG CORE ASSET LTDA,945434442.55,9.74231437,Renda Fixa | Definitiva,20D0995632,Forte Securitizadora SA,20/06/2029,3955.0,3271992.1383765,0.34608345022330395,2024-02-29,44.625.562/0001-04,FUNDO DE INVESTIMENTO IMOBILIARIO TG REAL ESTATE,FUNDO DE INVESTIMENTO IMOBILIARIO TG REAL ESTATE,FII,FECHADO,QUALIFICADO,TG CORE ASSET LTDA,13.194.316/0001-03,OLIVEIRA TRUST DTVM S.A.,36.113.876/0001-91,2024-12-31
5602,32781 - TG REAL ESTATE FII,44.625.562/0001-04,29/02/2024,Fundos de Investimentos Imobiliário,BR0B4QCTF006,XP INVESTIMENTOS CCTVM S.A.,TG CORE ASSET LTDA,945434442.55,9.74231437,Renda Fixa | Definitiva,21C0528435,VIRGO COMPANHIA DE SECURITIZAÇÃO,20/01/2032,2571.0,1498666.6216503,0.1585161862316056,2024-02-29,44.625.562/0001-04,FUNDO DE INVESTIMENTO IMOBILIARIO TG REAL ESTATE,FUNDO DE INVESTIMENTO IMOBILIARIO TG REAL ESTATE,FII,FECHADO,QUALIFICADO,TG CORE ASSET LTDA,13.194.316/0001-03,OLIVEIRA TRUST DTVM S.A.,36.113.876/0001-91,2024-12-31
5603,32781 - TG REAL ESTATE FII,44.625.562/0001-04,29/02/2024,Fundos de Investimentos Imobiliário,BR0B4QCTF006,XP INVESTIMENTOS CCTVM S.A.,TG CORE ASSET LTDA,945434442.55,9.74231437,Renda Fixa | Definitiva,21C0775913,VIRGO COMPANHIA DE SECURITIZAÇÃO,20/06/2024,2000.0,2392148.066,0.25302104073424314,2024-02-29,44.625.562/0001-04,FUNDO DE INVESTIMENTO IMOBILIARIO TG REAL ESTATE,FUNDO DE INVESTIMENTO IMOBILIARIO TG REAL ESTATE,FII,FECHADO,QUALIFICADO,TG CORE ASSET LTDA,13.194.316/0001-03,OLIVEIRA TRUST DTVM S.A.,36.113.876/0001-91,2024-12-31
5604,32781 - TG REAL ESTATE FII,44.625.562/0001-04,29/02/2024,Fundos de Investimentos Imobiliário,BR0B4QCTF006,XP INVESTIMENTOS CCTVM S.A.,TG CORE ASSET LTDA,945434442.55,9.74231437,Renda Fixa | Definitiva,21C0775913,VIRGO COMPANHIA DE SECURITIZAÇÃO,20/06/2024,2200.0,2631362.8726,0.27832314480766746,2024-02-29,44.625.562/0001-04,FUNDO DE INVESTIMENTO IMOBILIARIO TG REAL ESTATE,FUNDO DE INVESTIMENTO IMOBILIARIO TG REAL ESTATE,FII,FECHADO,QUALIFICADO,TG CORE ASSET LTDA,13.194.316/0001-03,OLIVEIRA TRUST DTVM S.A.,36.113.876/0001-91,2024-12-31
5605,32781 - TG REAL ESTATE FII,44.625.562/0001-04,29/02/2024,Fundos de Investimentos Imobiliário,BR0B4QCTF006,XP INVESTIMENTOS CCTVM S.A.,TG CORE ASSET LTDA,945434442.55,9.74231437,Renda Fixa | Definitiva,22G0893940,VIRGO COMPANHIA DE SECURITIZAÇÃO,23/06/2027,4300.0,4496643.0893,0.4756165934860356,2024-02-29,44.625.562/0001-04,FUNDO DE INVESTIMENTO IMOBILIARIO TG REAL ESTATE,FUNDO DE INVESTIMENTO IMOBILIARIO TG REAL ESTATE,FII,FECHADO,QUALIFICADO,TG CORE ASSET LTDA,13.194.316/0001-03,OLIVEIRA TRUST DTVM S.A.,36.113.876/0001-91,2024-12-31
5606,32781 - TG REAL ESTATE FII,44.625.562/0001-04,29/02/2024,Fundos de Investimentos Imobiliário,BR0B4QCTF006,XP INVESTIMENTOS CCTVM S.A.,TG CORE ASSET LTDA,945434442.55,9.74231437,Renda Fixa | Definitiva,22I0351637,VIRGO COMPANHIA DE SECURITIZAÇÃO,21/01/2026,4500.0,4838663.285999999,0.5117925757971424,2024-02-29,44.625.562/0001-04,FUNDO DE INVESTIMENTO IMOBILIARIO TG REAL ESTATE,FUNDO DE INVESTIMENTO IMOBILIARIO TG REAL ESTATE,FII,FECHADO,QUALIFICADO,TG CORE ASSET LTDA,13.194.316/0001-03,OLIVEIRA TRUST DTVM S.A.,36.113.876/0001-91,2024-12-31
5607,32781 - TG REAL ESTATE FII,44.625.562/0001-04,29/02/2024,Fundos de Investimentos Imobiliário,BR0B4QCTF006,XP INVESTIMENTOS CCTVM S.A.,TG CORE ASSET LTDA,945434442.55,9.74231437,Renda Fixa | Definitiva,22I1290893,VIRGO COMPANHIA DE SECURITIZAÇÃO,22/10/2025,5000.0,5342489.765000001,0.5650830480208002,2024-02-29,44.625.562/0001-04,FUNDO DE INVESTIMENTO IMOBILIARIO TG REAL ESTATE,FUNDO DE INVESTIMENTO IMOBILIARIO TG REAL ESTATE,FII,FECHADO,QUALIFICADO,TG CORE ASSET LTDA,13.194.316/0001-03,OLIVEIRA TRUST DTVM S.A.,36.113.876/0001-91,2024-12-31
5608,32781 - TG REAL ESTATE FII,44.625.562/0001-04,29/02/2024,Fundos de Investimentos Imobiliário,BR0B4QCTF006,XP INVESTIMENTOS CCTVM S.A.,TG CORE ASSET LTDA,945434442.55,9.74231437,Renda Fixa | Definitiva,22J1206765,BARIGUI SECURITIZADORA S.A.,20/10/2031,1161.0,1156805.095956682,0.12235698678763796,2024-02-29,44.625.562/0001-04,FUNDO DE INVESTIMENTO IMOBILIARIO TG REAL ESTATE,FUNDO DE INVESTIMENTO IMOBILIARIO TG REAL ESTATE,FII,FECHADO,QUALIFICADO,TG CORE ASSET LTDA,13.194.316/0001-03,OLIVEIRA TRUST DTVM S.A.,36.113.876/0001-91,2024-12-31
5609,32781 - TG REAL ESTATE FII,44.625.562/0001-04,29/02/2024,Fundos de Investimentos Imobiliário,BR0B4QCTF006,XP INVESTIMENTOS CCTVM S.A.,TG CORE ASSET LTDA,945434442.55,9.74231437,Renda Fixa | Definitiva,20F0851404,Forte Securitizadora SA,20/08/2029,782.0,445629.0900347999,0.0471348482749223,2024-02-29,44.625.562/0001-04,FUNDO DE INVESTIMENTO IMOBILIARIO TG REAL ESTATE,FUNDO DE INVESTIMENTO IMOBILIARIO TG REAL ESTATE,FII,FECHADO,QUALIFICADO,TG CORE ASSET LTDA,13.194.316/0001-03,OLIVEIRA TRUST DTVM S.A.,36.113.876/0001-91,2024-12-31
5610,32781 - TG REAL ESTATE FII,44.625.562/0001-04,29/02/2024,Fundos de Investimentos Imobiliário,BR0B4QCTF006,XP INVESTIMENTOS CCTVM S.A.,TG CORE ASSET LTDA,945434442.55,9.74231437,Renda Fixa | Definitiva,20F0851408,Forte Securitizadora SA,20/08/2029,1500.0,844640.9664,0.08933892487794898,2024-02-29,44.625.562/0001-04,FUNDO DE INVESTIMENTO IMOBILIARIO TG REAL ESTATE,FUNDO DE INVESTIMENTO IMOBILIARIO TG REAL ESTATE,FII,FECHADO,QUALIFICADO,TG CORE ASSET LTDA,13.194.316/0001-03,OLIVEIRA TRUST DTVM S.A.,36.113.876/0001-91,2024-12-31
5611,32781 - TG REAL ESTATE FII,44.625.562/0001-04,29/02/2024,Fundos de Investimentos Imobiliário,BR0B4QCTF006,XP INVESTIMENTOS CCTVM S.A.,TG CORE ASSET LTDA,945434442.55,9.74231437,Renda Fixa | Definitiva,21A0607973,VIRGO COMPANHIA DE SECURITIZAÇÃO,20/01/2026,3300.0,3948200.5662,0.4176070162570999,2024-02-29,44.625.562/0001-04,FUNDO DE INVESTIMENTO IMOBILIARIO TG REAL ESTATE,FUNDO DE INVESTIMENTO IMOBILIARIO TG REAL ESTATE,FII,FECHADO,QUALIFICADO,TG CORE ASSET LTDA,13.194.316/0001-03,OLIVEIRA TRUST DTVM S.A.,36.113.876/0001-91,2024-12-31
5612,32781 - TG REAL ESTATE FII,44.625.562/0001-04,29/02/2024,Fundos de Investimentos Imobiliário,BR0B4QCTF006,XP INVESTIMENTOS CCTVM S.A.,TG CORE ASSET LTDA,945434442.55,9.74231437,Renda Fixa | Definitiva,21C0775913,VIRGO COMPANHIA DE SECURITIZAÇÃO,20/06/2024,6000.0,7176444.198000001,0.7590631222027295,2024-02-29,44.625.562/0001-04,FUNDO DE INVESTIMENTO IMOBILIARIO TG REAL ESTATE,FUNDO DE INVESTIMENTO IMOBILIARIO TG REAL ESTATE,FII,FECHADO,QUALIFICADO,TG CORE ASSET LTDA,13.194.316/0001-03,OLIVEIRA TRUST DTVM S.A.,36.113.876/0001-91,2024-12-31
5613,32781 - TG REAL ESTATE FII,44.625.562/0001-04,29/02/2024,Fundos de Investimentos Imobiliário,BR0B4QCTF006,XP INVESTIMENTOS CCTVM S.A.,TG CORE ASSET LTDA,945434442.55,9.74231437,Renda Fixa | Definitiva,21I0142421,Forte Securitizadora SA,20/05/2028,1000.0,718346.39298683,0.0759805609629924,2024-02-29,44.625.562/0001-04,FUNDO DE INVESTIMENTO IMOBILIARIO TG REAL ESTATE,FUNDO DE INVESTIMENTO IMOBILIARIO TG REAL ESTATE,FII,FECHADO,QUALIFICADO,TG CORE ASSET LTDA,13.194.316/0001-03,OLIVEIRA TRUST DTVM S.A.,36.113.876/0001-91,2024-12-31
5614,32781 - TG REAL ESTATE FII,44.625.562/0001-04,29/02/2024,Fundos de Investimentos Imobiliário,BR0B4QCTF006,XP INVESTIMENTOS CCTVM S.A.,TG CORE ASSET LTDA,945434442.55,9.74231437,Renda Fixa | Definitiva,21I0566608,HABITASEC SECURITIZADORA,24/09/2025,3298.0,486373.3652656,0.051444430557635173,2024-02-29,44.625.562/0001-04,FUNDO DE INVESTIMENTO IMOBILIARIO TG REAL ESTATE,FUNDO DE INVESTIMENTO IMOBILIARIO TG REAL ESTATE,FII,FECHADO,QUALIFICADO,TG CORE ASSET LTDA,13.194.316/0001-03,OLIVEIRA TRUST DTVM S.A.,36.113.876/0001-91,2024-12-31
5615,32781 - TG REAL ESTATE FII,44.625.562/0001-04,29/02/2024,Fundos de Investimentos Imobiliário,BR0B4QCTF006,XP INVESTIMENTOS CCTVM S.A.,TG CORE ASSET LTDA,945434442.55,9.74231437,Renda Fixa | Definitiva,22B0581013,BARIGUI SECURITIZADORA S.A.,15/02/2032,8467.0,5751670.0154401,0.6083626485964329,2024-02-29,44.625.562/0001-04,FUNDO DE INVESTIMENTO IMOBILIARIO TG REAL ESTATE,FUNDO DE INVESTIMENTO IMOBILIARIO TG REAL ESTATE,FII,FECHADO,QUALIFICADO,TG CORE ASSET LTDA,13.194.316/0001-03,OLIVEIRA TRUST DTVM S.A.,36.113.876/0001-91,2024-12-31
5616,32781 - TG REAL ESTATE FII,44.625.562/0001-04,29/02/2024,Fundos de Investimentos Imobiliário,BR0B4QCTF006,XP INVESTIMENTOS CCTVM S.A.,TG CORE ASSET LTDA,945434442.55,9.74231437,Renda Fixa | Definitiva,22H1237505,VIRGO COMPANHIA DE SECURITIZAÇÃO,21/07/2027,5000.0,4773055.916999999,0.5048531872951701,2024-02-29,44.625.562/0001-04,FUNDO DE INVESTIMENTO IMOBILIARIO TG REAL ESTATE,FUNDO DE INVESTIMENTO IMOBILIARIO TG REAL ESTATE,FII,FECHADO,QUALIFICADO,TG CORE ASSET LTDA,13.194.316/0001-03,OLIVEIRA TRUST DTVM S.A.,36.113.876/0001-91,2024-12-31
5617,32781 - TG REAL ESTATE FII,44.625.562/0001-04,29/02/2024,Fundos de Investimentos Imobiliário,BR0B4QCTF006,XP INVESTIMENTOS CCTVM S.A.,TG CORE ASSET LTDA,945434442.55,9.74231437,Renda Fixa | Definitiva,22H1237507,VIRGO COMPANHIA DE SECURITIZAÇÃO,21/07/2027,5000.0,4772467.895,0.5047909913381017,2024-02-29,44.625.562/0001-04,FUNDO DE INVESTIMENTO IMOBILIARIO TG REAL ESTATE,FUNDO DE INVESTIMENTO IMOBILIARIO TG REAL ESTATE,FII,FECHADO,QUALIFICADO,TG CORE ASSET LTDA,13.194.316/0001-03,OLIVEIRA TRUST DTVM S.A.,36.113.876/0001-91,2024-12-31
5618,32781 - TG REAL ESTATE FII,44.625.562/0001-04,29/02/2024,Fundos de Investimentos Imobiliário,BR0B4QCTF006,XP INVESTIMENTOS CCTVM S.A.,TG CORE ASSET LTDA,945434442.55,9.74231437,Renda Fixa | Definitiva,22H1237510,VIRGO COMPANHIA DE SECURITIZAÇÃO,21/07/2027,2192.0,2092789.3020592,0.2213574212945517,2024-02-29,44.625.562/0001-04,FUNDO DE INVESTIMENTO IMOBILIARIO TG REAL ESTATE,FUNDO DE INVESTIMENTO IMOBILIARIO TG REAL ESTATE,FII,FECHADO,QUALIFICADO,TG CORE ASSET LTDA,13.194.316/0001-03,OLIVEIRA TRUST DTVM S.A.,36.113.876/0001-91,2024-12-31
5619,32781 - TG REAL ESTATE FII,44.625.562/0001-04,29/02/2024,Fundos de Investimentos Imobiliário,BR0B4QCTF006,XP INVESTIMENTOS CCTVM S.A.,TG CORE ASSET LTDA,945434442.55,9.74231437,Renda Fixa | Definitiva,22L0344525,VIRGO COMPANHIA DE SECURITIZAÇÃO,20/12/2034,1500.0,1485101.1963,0.1570813511187963,2024-02-29,44.625.562/0001-04,FUNDO DE INVESTIMENTO IMOBILIARIO TG REAL ESTATE,FUNDO DE INVESTIMENTO IMOBILIARIO TG REAL ESTATE,FII,FECHADO,QUALIFICADO,TG CORE ASSET LTDA,13.194.316/0001-03,OLIVEIRA TRUST DTVM S.A.,36.113.876/0001-91,2024-12-31
5620,32781 - TG REAL ESTATE FII,44.625.562/0001-04,29/02/2024,Fundos de Investimentos Imobiliário,BR0B4QCTF006,XP INVESTIMENTOS CCTVM S.A.,TG CORE ASSET LTDA,945434442.55,9.74231437,Renda Fixa | Definitiva,22D0059915,VIRGO COMPANHIA DE SECURITIZAÇÃO,23/04/2027,3262.0,2469456.0767618,0.26119802342944587,2024-02-29,44.625.562/0001-04,FUNDO DE INVESTIMENTO IMOBILIARIO TG REAL ESTATE,FUNDO DE INVESTIMENTO IMOBILIARIO TG REAL ESTATE,FII,FECHADO,QUALIFICADO,TG CORE ASSET LTDA,13.194.316/0001-03,OLIVEIRA TRUST DTVM S.A.,36.113.876/0001-91,2024-12-31
5621,32781 - TG REAL ESTATE FII,44.625.562/0001-04,29/02/2024,Fundos de Investimentos Imobiliário,BR0B4QCTF006,XP INVESTIMENTOS CCTVM S.A.,TG CORE ASSET LTDA,945434442.55,9.74231437,Renda Fixa | Definitiva,20D0942992,VIRGO COMPANHIA DE SECURITIZAÇÃO,20/04/2030,1198.0,549407.9473229304,0.05811169157758653,2024-02-29,44.625.562/0001-04,FUNDO DE INVESTIMENTO IMOBILIARIO TG REAL ESTATE,FUNDO DE INVESTIMENTO IMOBILIARIO TG REAL ESTATE,FII,FECHADO,QUALIFICADO,TG CORE ASSET LTDA,13.194.316/0001-03,OLIVEIRA TRUST DTVM S.A.,36.113.876/0001-91,2024-12-31
5622,32781 - TG REAL ESTATE FII,44.625.562/0001-04,29/02/2024,Fundos de Investimentos Imobiliário,BR0B4QCTF006,XP INVESTIMENTOS CCTVM S.A.,TG CORE ASSET LTDA,945434442.55,9.74231437,Renda Fixa | Definitiva,20F0851404,Forte Securitizadora SA,20/08/2029,3418.0,1947775.2298452,0.20601906829115657,2024-02-29,44.625.562/0001-04,FUNDO DE INVESTIMENTO IMOBILIARIO TG REAL ESTATE,FUNDO DE INVESTIMENTO IMOBILIARIO TG REAL ESTATE,FII,FECHADO,QUALIFICADO,TG CORE ASSET LTDA,13.194.316/0001-03,OLIVEIRA TRUST DTVM S.A.,36.113.876/0001-91,2024-12-31
5623,32781 - TG REAL ESTATE FII,44.625.562/0001-04,29/02/2024,Fundos de Investimentos Imobiliário,BR0B4QCTF006,XP INVESTIMENTOS CCTVM S.A.,TG CORE ASSET LTDA,945434442.55,9.74231437,Renda Fixa | Definitiva,21A0796003,Forte Securitizadora SA,20/11/2031,1070.0,790642.303014,0.08362740634681144,2024-02-29,44.625.562/0001-04,FUNDO DE INVESTIMENTO IMOBILIARIO TG REAL ESTATE,FUNDO DE INVESTIMENTO IMOBILIARIO TG REAL ESTATE,FII,FECHADO,QUALIFICADO,TG CORE ASSET LTDA,13.194.316/0001-03,OLIVEIRA TRUST DTVM S.A.,36.113.876/0001-91,2024-12-31
5624,32781 - TG REAL ESTATE FII,44.625.562/0001-04,29/02/2024,Fundos de Investimentos Imobiliário,BR0B4QCTF006,XP INVESTIMENTOS CCTVM S.A.,TG CORE ASSET LTDA,945434442.55,9.74231437,Renda Fixa | Definitiva,22F0636862,RB CAPITAL SECURITIZADORA S.A.,24/05/2028,3924.0,2869555.124398079,0.30351709174656183,2024-02-29,44.625.562/0001-04,FUNDO DE INVESTIMENTO IMOBILIARIO TG REAL ESTATE,FUNDO DE INVESTIMENTO IMOBILIARIO TG REAL ESTATE,FII,FECHADO,QUALIFICADO,TG CORE ASSET LTDA,13.194.316/0001-03,OLIVEIRA TRUST DTVM S.A.,36.113.876/0001-91,2024-12-31
5625,32781 - TG REAL ESTATE FII,44.625.562/0001-04,29/02/2024,Fundos de Investimentos Imobiliário,BR0B4QCTF006,XP INVESTIMENTOS CCTVM S.A.,TG CORE ASSET LTDA,945434442.55,9.74231437,Renda Fixa | Definitiva,21C0822819,VIRGO COMPANHIA DE SECURITIZAÇÃO,20/01/2032,2422.0,1786048.3916352,0.18891298129756295,2024-02-29,44.625.562/0001-04,FUNDO DE INVESTIMENTO IMOBILIARIO TG REAL ESTATE,FUNDO DE INVESTIMENTO IMOBILIARIO TG REAL ESTATE,FII,FECHADO,QUALIFICADO,TG CORE ASSET LTDA,13.194.316/0001-03,OLIVEIRA TRUST DTVM S.A.,36.113.876/0001-91,2024-12-31
5626,32781 - TG REAL ESTATE FII,44.625.562/0001-04,29/02/2024,Fundos de Investimentos Imobiliário,BR0B4QCTF006,XP INVESTIMENTOS CCTVM S.A.,TG CORE ASSET LTDA,945434442.55,9.74231437,Renda Fixa | Definitiva,21D0503168,Forte Securitizadora SA,20/04/2028,2500.0,833079.47075,0.08811604837486572,2024-02-29,44.625.562/0001-04,FUNDO DE INVESTIMENTO IMOBILIARIO TG REAL ESTATE,FUNDO DE INVESTIMENTO IMOBILIARIO TG REAL ESTATE,FII,FECHADO,QUALIFICADO,TG CORE ASSET LTDA,13.194.316/0001-03,OLIVEIRA TRUST DTVM S.A.,36.113.876/0001-91,2024-12-31
5627,32781 - TG REAL ESTATE FII,44.625.562/0001-04,29/02/2024,Fundos de Investimentos Imobiliário,BR0B4QCTF006,XP INVESTIMENTOS CCTVM S.A.,TG CORE ASSET LTDA,945434442.55,9.74231437,Renda Fixa | Definitiva,20F0851410,Forte Securitizadora SA,20/08/2029,750.0,459990.387525,0.048653863961664705,2024-02-29,44.625.562/0001-04,FUNDO DE INVESTIMENTO IMOBILIARIO TG REAL ESTATE,FUNDO DE INVESTIMENTO IMOBILIARIO TG REAL ESTATE,FII,FECHADO,QUALIFICADO,TG CORE ASSET LTDA,13.194.316/0001-03,OLIVEIRA TRUST DTVM S.A.,36.113.876/0001-91,2024-12-31
5628,32781 - TG REAL ESTATE FII,44.625.562/0001-04,29/02/2024,Fundos de Investimentos Imobiliário,BR0B4QCTF006,XP INVESTIMENTOS CCTVM S.A.,TG CORE ASSET LTDA,945434442.55,9.74231437,Renda Fixa | Definitiva,21C0830879,VIRGO COMPANHIA DE SECURITIZAÇÃO,20/01/2032,235.0,175222.0183265,0.018533492164078128,2024-02-29,44.625.562/0001-04,FUNDO DE INVESTIMENTO IMOBILIARIO TG REAL ESTATE,FUNDO DE INVESTIMENTO IMOBILIARIO TG REAL ESTATE,FII,FECHADO,QUALIFICADO,TG CORE ASSET LTDA,13.194.316/0001-03,OLIVEIRA TRUST DTVM S.A.,36.113.876/0001-91,2024-12-31
5629,32781 - TG REAL ESTATE FII,44.625.562/0001-04,29/02/2024,Fundos de Investimentos Imobiliário,BR0B4QCTF006,XP INVESTIMENTOS CCTVM S.A.,TG CORE ASSET LTDA,945434442.55,9.74231437,Renda Fixa | Definitiva,21F0930064,VIRGO COMPANHIA DE SECURITIZAÇÃO,20/06/2033,1000.0,792087.50783892,0.08378026779969251,2024-02-29,44.625.562/0001-04,FUNDO DE INVESTIMENTO IMOBILIARIO TG REAL ESTATE,FUNDO DE INVESTIMENTO IMOBILIARIO TG REAL ESTATE,FII,FECHADO,QUALIFICADO,TG CORE ASSET LTDA,13.194.316/0001-03,OLIVEIRA TRUST DTVM S.A.,36.113.876/0001-91,2024-12-31
5630,32781 - TG REAL ESTATE FII,44.625.562/0001-04,29/02/2024,Fundos de Investimentos Imobiliário,BR0B4QCTF006,XP INVESTIMENTOS CCTVM S.A.,TG CORE ASSET LTDA,945434442.55,9.74231437,Renda Fixa | Definitiva,22D0749868,BARIGUI SECURITIZADORA S.A.,15/05/2032,3382.0,1788268.042755526,0.1891477570811,2024-02-29,44.625.562/0001-04,FUNDO DE INVESTIMENTO IMOBILIARIO TG REAL ESTATE,FUNDO DE INVESTIMENTO IMOBILIARIO TG REAL ESTATE,FII,FECHADO,QUALIFICADO,TG CORE ASSET LTDA,13.194.316/0001-03,OLIVEIRA TRUST DTVM S.A.,36.113.876/0001-91,2024-12-31
5631,32781 - TG REAL ESTATE FII,44.625.562/0001-04,29/02/2024,Fundos de Investimentos Imobiliário,BR0B4QCTF006,XP INVESTIMENTOS CCTVM S.A.,TG CORE ASSET LTDA,945434442.55,9.74231437,Renda Fixa | Definitiva,22L0344525,VIRGO COMPANHIA DE SECURITIZAÇÃO,20/12/2034,2111.0,2090032.4169262,0.22106582147451936,2024-02-29,44.625.562/0001-04,FUNDO DE INVESTIMENTO IMOBILIARIO TG REAL ESTATE,FUNDO DE INVESTIMENTO IMOBILIARIO TG REAL ESTATE,FII,FECHADO,QUALIFICADO,TG CORE ASSET LTDA,13.194.316/0001-03,OLIVEIRA TRUST DTVM S.A.,36.113.876/0001-91,2024-12-31
5632,32781 - TG REAL ESTATE FII,44.625.562/0001-04,29/02/2024,Fundos de Investimentos Imobiliário,BR0B4QCTF006,XP INVESTIMENTOS CCTVM S.A.,TG CORE ASSET LTDA,945434442.55,9.74231437,Renda Fixa | Definitiva,22H1237592,VIRGO COMPANHIA DE SECURITIZAÇÃO,21/07/2027,5300.0,5173623.91786,0.5472218574886951,2024-02-29,44.625.562/0001-04,FUNDO DE INVESTIMENTO IMOBILIARIO TG REAL ESTATE,FUNDO DE INVESTIMENTO IMOBILIARIO TG REAL ESTATE,FII,FECHADO,QUALIFICADO,TG CORE ASSET LTDA,13.194.316/0001-03,OLIVEIRA TRUST DTVM S.A.,36.113.876/0001-91,2024-12-31
5633,32781 - TG REAL ESTATE FII,44.625.562/0001-04,29/02/2024,Fundos de Investimentos Imobiliário,BR0B4QCTF006,XP INVESTIMENTOS CCTVM S.A.,TG CORE ASSET LTDA,945434442.55,9.74231437,Renda Fixa | Definitiva,20F0851409,Forte Securitizadora SA,20/08/2029,1800.0,1001902.37202,0.10597269645875142,2024-02-29,44.625.562/0001-04,FUNDO DE INVESTIMENTO IMOBILIARIO TG REAL ESTATE,FUNDO DE INVESTIMENTO IMOBILIARIO TG REAL ESTATE,FII,FECHADO,QUALIFICADO,TG CORE ASSET LTDA,13.194.316/0001-03,OLIVEIRA TRUST DTVM S.A.,36.113.876/0001-91,2024-12-31
5634,32781 - TG REAL ESTATE FII,44.625.562/0001-04,29/02/2024,Fundos de Investimentos Imobiliário,BR0B4QCTF006,XP INVESTIMENTOS CCTVM S.A.,TG CORE ASSET LTDA,945434442.55,9.74231437,Renda Fixa | Definitiva,22I1290978,VIRGO COMPANHIA DE SECURITIZAÇÃO,22/10/2025,4000.0,4148138.1,0.4387547050657215,2024-02-29,44.625.562/0001-04,FUNDO DE INVESTIMENTO IMOBILIARIO TG REAL ESTATE,FUNDO DE INVESTIMENTO IMOBILIARIO TG REAL ESTATE,FII,FECHADO,QUALIFICADO,TG CORE ASSET LTDA,13.194.316/0001-03,OLIVEIRA TRUST DTVM S.A.,36.113.876/0001-91,2024-12-31
5635,32781 - TG REAL ESTATE FII,44.625.562/0001-04,29/02/2024,Fundos de Investimentos Imobiliário,BR0B4QCTF006,XP INVESTIMENTOS CCTVM S.A.,TG CORE ASSET LTDA,945434442.55,9.74231437,Renda Fixa | Definitiva,21I0142395,Forte Securitizadora SA,20/05/2028,4000.0,2868357.05168252,0.30339036982258294,2024-02-29,44.625.562/0001-04,FUNDO DE INVESTIMENTO IMOBILIARIO TG REAL ESTATE,FUNDO DE INVESTIMENTO IMOBILIARIO TG REAL ESTATE,FII,FECHADO,QUALIFICADO,TG CORE ASSET LTDA,13.194.316/0001-03,OLIVEIRA TRUST DTVM S.A.,36.113.876/0001-91,2024-12-31
5636,32781 - TG REAL ESTATE FII,44.625.562/0001-04,29/02/2024,Fundos de Investimentos Imobiliário,BR0B4QCTF006,XP INVESTIMENTOS CCTVM S.A.,TG CORE ASSET LTDA,945434442.55,9.74231437,Renda Fixa | Definitiva,20K0713315,VIRGO COMPANHIA DE SECURITIZAÇÃO,24/11/2025,344.0,1964099.657632,0.20774572717432255,2024-02-29,44.625.562/0001-04,FUNDO DE INVESTIMENTO IMOBILIARIO TG REAL ESTATE,FUNDO DE INVESTIMENTO IMOBILIARIO TG REAL ESTATE,FII,FECHADO,QUALIFICADO,TG CORE ASSET LTDA,13.194.316/0001-03,OLIVEIRA TRUST DTVM S.A.,36.113.876/0001-91,2024-12-31
5637,32781 - TG REAL ESTATE FII,44.625.562/0001-04,29/02/2024,Fundos de Investimentos Imobiliário,BR0B4QCTF006,XP INVESTIMENTOS CCTVM S.A.,TG CORE ASSET LTDA,945434442.55,9.74231437,Renda Fixa | Definitiva,22L0344492,VIRGO COMPANHIA DE SECURITIZAÇÃO,20/12/2034,2500.0,2471028.3075,0.26136432060114184,2024-02-29,44.625.562/0001-04,FUNDO DE INVESTIMENTO IMOBILIARIO TG REAL ESTATE,FUNDO DE INVESTIMENTO IMOBILIARIO TG REAL ESTATE,FII,FECHADO,QUALIFICADO,TG CORE ASSET LTDA,13.194.316/0001-03,OLIVEIRA TRUST DTVM S.A.,36.113.876/0001-91,2024-12-31
5638,32781 - TG REAL ESTATE FII,44.625.562/0001-04,29/02/2024,Fundos de Investimentos Imobiliário,BR0B4QCTF006,XP INVESTIMENTOS CCTVM S.A.,TG CORE ASSET LTDA,945434442.55,9.74231437,Renda Fixa | Definitiva,20K0713315,VIRGO COMPANHIA DE SECURITIZAÇÃO,24/11/2025,166.0,947792.276648,0.1002493916015626,2024-02-29,44.625.562/0001-04,FUNDO DE INVESTIMENTO IMOBILIARIO TG REAL ESTATE,FUNDO DE INVESTIMENTO IMOBILIARIO TG REAL ESTATE,FII,FECHADO,QUALIFICADO,TG CORE ASSET LTDA,13.194.316/0001-03,OLIVEIRA TRUST DTVM S.A.,36.113.876/0001-91,2024-12-31
5639,32781 - TG REAL ESTATE FII,44.625.562/0001-04,29/02/2024,Fundos de Investimentos Imobiliário,BR0B4QCTF006,XP INVESTIMENTOS CCTVM S.A.,TG CORE ASSET LTDA,945434442.55,9.74231437,Renda Fixa | Definitiva,21F0929701,VIRGO COMPANHIA DE SECURITIZAÇÃO,20/06/2033,2891.0,2256286.5244262,0.2386507644401663,2024-02-29,44.625.562/0001-04,FUNDO DE INVESTIMENTO IMOBILIARIO TG REAL ESTATE,FUNDO DE INVESTIMENTO IMOBILIARIO TG REAL ESTATE,FII,FECHADO,QUALIFICADO,TG CORE ASSET LTDA,13.194.316/0001-03,OLIVEIRA TRUST DTVM S.A.,36.113.876/0001-91,2024-12-31
5640,32781 - TG REAL ESTATE FII,44.625.562/0001-04,29/02/2024,Fundos de Investimentos Imobiliário,BR0B4QCTF006,XP INVESTIMENTOS CCTVM S.A.,TG CORE ASSET LTDA,945434442.55,9.74231437,Renda Fixa | Definitiva,20F0851405,Forte Securitizadora SA,20/08/2029,1750.0,1079013.132925,0.11412881574471892,2024-02-29,44.625.562/0001-04,FUNDO DE INVESTIMENTO IMOBILIARIO TG REAL ESTATE,FUNDO DE INVESTIMENTO IMOBILIARIO TG REAL ESTATE,FII,FECHADO,QUALIFICADO,TG CORE ASSET LTDA,13.194.316/0001-03,OLIVEIRA TRUST DTVM S.A.,36.113.876/0001-91,2024-12-31
5641,32781 - TG REAL ESTATE FII,44.625.562/0001-04,29/02/2024,Fundos de Investimentos Imobiliário,BR0B4QCTF006,XP INVESTIMENTOS CCTVM S.A.,TG CORE ASSET LTDA,945434442.55,9.74231437,Renda Fixa | Definitiva,22H1237510,VIRGO COMPANHIA DE SECURITIZAÇÃO,21/07/2027,1108.0,1057851.5267708,0.11189052134779348,2024-02-29,44.625.562/0001-04,FUNDO DE INVESTIMENTO IMOBILIARIO TG REAL ESTATE,FUNDO DE INVESTIMENTO IMOBILIARIO TG REAL ESTATE,FII,FECHADO,QUALIFICADO,TG CORE ASSET LTDA,13.194.316/0001-03,OLIVEIRA TRUST DTVM S.A.,36.113.876/0001-91,2024-12-31
5642,32781 - TG REAL ESTATE FII,44.625.562/0001-04,29/02/2024,Fundos de Investimentos Imobiliário,BR0B4QCTF006,XP INVESTIMENTOS CCTVM S.A.,TG CORE ASSET LTDA,945434442.55,9.74231437,Renda Fixa | Definitiva,20F0851406,Forte Securitizadora SA,20/08/2029,2850.0,1624393.59354,0.17181451409351345,2024-02-29,44.625.562/0001-04,FUNDO DE INVESTIMENTO IMOBILIARIO TG REAL ESTATE,FUNDO DE INVESTIMENTO IMOBILIARIO TG REAL ESTATE,FII,FECHADO,QUALIFICADO,TG CORE ASSET LTDA,13.194.316/0001-03,OLIVEIRA TRUST DTVM S.A.,36.113.876/0001-91,2024-12-31
5643,32781 - TG REAL ESTATE FII,44.625.562/0001-04,29/02/2024,Fundos de Investimentos Imobiliário,BR0B4QCTF006,XP INVESTIMENTOS CCTVM S.A.,TG CORE ASSET LTDA,945434442.55,9.74231437,Renda Fixa | Definitiva,22B0581013,BARIGUI SECURITIZADORA S.A.,15/02/2032,436.0,296176.7009249892,0.031327047925834975,2024-02-29,44.625.562/0001-04,FUNDO DE INVESTIMENTO IMOBILIARIO TG REAL ESTATE,FUNDO DE INVESTIMENTO IMOBILIARIO TG REAL ESTATE,FII,FECHADO,QUALIFICADO,TG CORE ASSET LTDA,13.194.316/0001-03,OLIVEIRA TRUST DTVM S.A.,36.113.876/0001-91,2024-12-31
5644,32781 - TG REAL ESTATE FII,44.625.562/0001-04,29/02/2024,Fundos de Investimentos Imobiliário,BR0B4QCTF006,XP INVESTIMENTOS CCTVM S.A.,TG CORE ASSET LTDA,945434442.55,9.74231437,Renda Fixa | Definitiva,21B0718276,Forte Securitizadora SA,20/02/2031,9000.0,7602750.3933,0.804154159308399,2024-02-29,44.625.562/0001-04,FUNDO DE INVESTIMENTO IMOBILIARIO TG REAL ESTATE,FUNDO DE INVESTIMENTO IMOBILIARIO TG REAL ESTATE,FII,FECHADO,QUALIFICADO,TG CORE ASSET LTDA,13.194.316/0001-03,OLIVEIRA TRUST DTVM S.A.,36.113.876/0001-91,2024-12-31
5645,32781 - TG REAL ESTATE FII,44.625.562/0001-04,29/02/2024,Fundos de Investimentos Imobiliário,BR0B4QCTF006,XP INVESTIMENTOS CCTVM S.A.,TG CORE ASSET LTDA,945434442.55,9.74231437,Renda Fixa | Definitiva,20F0851407,Forte Securitizadora SA,20/08/2029,1500.0,841672.7492999999,0.0890249721630474,2024-02-29,44.625.562/0001-04,FUNDO DE INVESTIMENTO IMOBILIARIO TG REAL ESTATE,FUNDO DE INVESTIMENTO IMOBILIARIO TG REAL ESTATE,FII,FECHADO,QUALIFICADO,TG CORE ASSET LTDA,13.194.316/0001-03,OLIVEIRA TRUST DTVM S.A.,36.113.876/0001-91,2024-12-31
5646,32781 - TG REAL ESTATE FII,44.625.562/0001-04,29/02/2024,Fundos de Investimentos Imobiliário,BR0B4QCTF006,XP INVESTIMENTOS CCTVM S.A.,TG CORE ASSET LTDA,945434442.55,9.74231437,Renda Fixa | Definitiva,22F0636862,RB CAPITAL SECURITIZADORA S.A.,24/05/2028,718.0,525061.3097140216,0.05553651169062983,2024-02-29,44.625.562/0001-04,FUNDO DE INVESTIMENTO IMOBILIARIO TG REAL ESTATE,FUNDO DE INVESTIMENTO IMOBILIARIO TG REAL ESTATE,FII,FECHADO,QUALIFICADO,TG CORE ASSET LTDA,13.194.316/0001-03,OLIVEIRA TRUST DTVM S.A.,36.113.876/0001-91,2024-12-31
5647,32781 - TG REAL ESTATE FII,44.625.562/0001-04,29/02/2024,Fundos de Investimentos Imobiliário,BR0B4QCTF006,XP INVESTIMENTOS CCTVM S.A.,TG CORE ASSET LTDA,945434442.55,9.74231437,Renda Fixa | Definitiva,20K0713315,VIRGO COMPANHIA DE SECURITIZAÇÃO,24/11/2025,944.0,5389854.874432,0.5700929257341875,2024-02-29,44.625.562/0001-04,FUNDO DE INVESTIMENTO IMOBILIARIO TG REAL ESTATE,FUNDO DE INVESTIMENTO IMOBILIARIO TG REAL ESTATE,FII,FECHADO,QUALIFICADO,TG CORE ASSET LTDA,13.194.316/0001-03,OLIVEIRA TRUST DTVM S.A.,36.113.876/0001-91,2024-12-31
5648,32781 - TG REAL ESTATE FII,44.625.562/0001-04,29/02/2024,Fundos de Investimentos Imobiliário,BR0B4QCTF006,XP INVESTIMENTOS CCTVM S.A.,TG CORE ASSET LTDA,945434442.55,9.74231437,Renda Fixa | Definitiva,22L0344492,VIRGO COMPANHIA DE SECURITIZAÇÃO,20/12/2034,2000.0,1976822.646,0.20909145648091343,2024-02-29,44.625.562/0001-04,FUNDO DE INVESTIMENTO IMOBILIARIO TG REAL ESTATE,FUNDO DE INVESTIMENTO IMOBILIARIO TG REAL ESTATE,FII,FECHADO,QUALIFICADO,TG CORE ASSET LTDA,13.194.316/0001-03,OLIVEIRA TRUST DTVM S.A.,36.113.876/0001-91,2024-12-31
5649,32781 - TG REAL ESTATE FII,44.625.562/0001-04,29/02/2024,Fundos de Investimentos Imobiliário,BR0B4QCTF006,XP INVESTIMENTOS CCTVM S.A.,TG CORE ASSET LTDA,945434442.55,9.74231437,Renda Fixa | Definitiva,22D0749868,BARIGUI SECURITIZADORA S.A.,15/05/2032,4764.0,2519015.066731911,0.26643995113375524,2024-02-29,44.625.562/0001-04,FUNDO DE INVESTIMENTO IMOBILIARIO TG REAL ESTATE,FUNDO DE INVESTIMENTO IMOBILIARIO TG REAL ESTATE,FII,FECHADO,QUALIFICADO,TG CORE ASSET LTDA,13.194.316/0001-03,OLIVEIRA TRUST DTVM S.A.,36.113.876/0001-91,2024-12-31
5650,32781 - TG REAL ESTATE FII,44.625.562/0001-04,29/02/2024,Fundos de Investimentos Imobiliário,BR0B4QCTF006,XP INVESTIMENTOS CCTVM S.A.,TG CORE ASSET LTDA,945434442.55,9.74231437,Renda Fixa | Definitiva,23B0330159,VIRGO COMPANHIA DE SECURITIZAÇÃO,19/02/2035,8000.0,7668551.457599999,0.8111140352488737,2024-02-29,44.625.562/0001-04,FUNDO DE INVESTIMENTO IMOBILIARIO TG REAL ESTATE,FUNDO DE INVESTIMENTO IMOBILIARIO TG REAL ESTATE,FII,FECHADO,QUALIFICADO,TG CORE ASSET LTDA,13.194.316/0001-03,OLIVEIRA TRUST DTVM S.A.,36.113.876/0001-91,2024-12-31
5651,32781 - TG REAL ESTATE FII,44.625.562/0001-04,29/02/2024,Fundos de Investimentos Imobiliário,BR0B4QCTF006,XP INVESTIMENTOS CCTVM S.A.,TG CORE ASSET LTDA,945434442.55,9.74231437,Renda Fixa | Definitiva,22J1206765,BARIGUI SECURITIZADORA S.A.,20/10/2031,1677.0,1670940.694159652,0.17673786980436598,2024-02-29,44.625.562/0001-04,FUNDO DE INVESTIMENTO IMOBILIARIO TG REAL ESTATE,FUNDO DE INVESTIMENTO IMOBILIARIO TG REAL ESTATE,FII,FECHADO,QUALIFICADO,TG CORE ASSET LTDA,13.194.316/0001-03,OLIVEIRA TRUST DTVM S.A.,36.113.876/0001-91,2024-12-31
5652,32781 - TG REAL ESTATE FII,44.625.562/0001-04,29/02/2024,Fundos de Investimentos Imobiliário,BR0B4QCTF006,XP INVESTIMENTOS CCTVM S.A.,TG CORE ASSET LTDA,945434442.55,9.74231437,Renda Fixa | Definitiva,22H1237510,VIRGO COMPANHIA DE SECURITIZAÇÃO,21/07/2027,2000.0,1909479.2902,0.2019684500862698,2024-02-29,44.625.562/0001-04,FUNDO DE INVESTIMENTO IMOBILIARIO TG REAL ESTATE,FUNDO DE INVESTIMENTO IMOBILIARIO TG REAL ESTATE,FII,FECHADO,QUALIFICADO,TG CORE ASSET LTDA,13.194.316/0001-03,OLIVEIRA TRUST DTVM S.A.,36.113.876/0001-91,2024-12-31
5653,32781 - TG REAL ESTATE FII,44.625.562/0001-04,29/02/2024,Fundos de Investimentos Imobiliário,BR0B4QCTF006,XP INVESTIMENTOS CCTVM S.A.,TG CORE ASSET LTDA,945434442.55,9.74231437,Renda Fixa | Definitiva,21C0528435,VIRGO COMPANHIA DE SECURITIZAÇÃO,20/01/2032,2292.0,1336034.1877956,0.1413143130466122,2024-02-29,44.625.562/0001-04,FUNDO DE INVESTIMENTO IMOBILIARIO TG REAL ESTATE,FUNDO DE INVESTIMENTO IMOBILIARIO TG REAL ESTATE,FII,FECHADO,QUALIFICADO,TG CORE ASSET LTDA,13.194.316/0001-03,OLIVEIRA TRUST DTVM S.A.,36.113.876/0001-91,2024-12-31
5654,32781 - TG REAL ESTATE FII,44.625.562/0001-04,29/02/2024,Fundos de Investimentos Imobiliário,BR0B4QCTF006,XP INVESTIMENTOS CCTVM S.A.,TG CORE ASSET LTDA,945434442.55,9.74231437,Renda Fixa | Definitiva,21C0830879,VIRGO COMPANHIA DE SECURITIZAÇÃO,20/01/2032,702.0,523429.1781498,0.05536387871992701,2024-02-29,44.625.562/0001-04,FUNDO DE INVESTIMENTO IMOBILIARIO TG REAL ESTATE,FUNDO DE INVESTIMENTO IMOBILIARIO TG REAL ESTATE,FII,FECHADO,QUALIFICADO,TG CORE ASSET LTDA,13.194.316/0001-03,OLIVEIRA TRUST DTVM S.A.,36.113.876/0001-91,2024-12-31
5655,32781 - TG REAL ESTATE FII,44.625.562/0001-04,29/02/2024,Fundos de Investimentos Imobiliário,BR0B4QCTF006,XP INVESTIMENTOS CCTVM S.A.,TG CORE ASSET LTDA,945434442.55,9.74231437,Renda Fixa | Definitiva,21C0822821,VIRGO COMPANHIA DE SECURITIZAÇÃO,20/01/2032,500.0,404624.27605,0.04279770842266529,2024-02-29,44.625.562/0001-04,FUNDO DE INVESTIMENTO IMOBILIARIO TG REAL ESTATE,FUNDO DE INVESTIMENTO IMOBILIARIO TG REAL ESTATE,FII,FECHADO,QUALIFICADO,TG CORE ASSET LTDA,13.194.316/0001-03,OLIVEIRA TRUST DTVM S.A.,36.113.876/0001-91,2024-12-31
5656,32781 - TG REAL ESTATE FII,44.625.562/0001-04,29/02/2024,Fundos de Investimentos Imobiliário,BR0B4QCTF006,XP INVESTIMENTOS CCTVM S.A.,TG CORE ASSET LTDA,945434442.55,9.74231437,Renda Fixa | Definitiva,21C0822821,VIRGO COMPANHIA DE SECURITIZAÇÃO,20/01/2032,1500.0,1213872.82815,0.1283931252679959,2024-02-29,44.625.562/0001-04,FUNDO DE INVESTIMENTO IMOBILIARIO TG REAL ESTATE,FUNDO DE INVESTIMENTO IMOBILIARIO TG REAL ESTATE,FII,FECHADO,QUALIFICADO,TG CORE ASSET LTDA,13.194.316/0001-03,OLIVEIRA TRUST DTVM S.A.,36.113.876/0001-91,2024-12-31
5657,32781 - TG REAL ESTATE FII,44.625.562/0001-04,29/02/2024,Fundos de Investimentos Imobiliário,BR0B4QCTF006,XP INVESTIMENTOS CCTVM S.A.,TG CORE ASSET LTDA,945434442.55,9.74231437,Renda Fixa | Definitiva,21C0830878,VIRGO COMPANHIA DE SECURITIZAÇÃO,20/01/2032,1863.0,1413666.064919852,0.14952555156621442,2024-02-29,44.625.562/0001-04,FUNDO DE INVESTIMENTO IMOBILIARIO TG REAL ESTATE,FUNDO DE INVESTIMENTO IMOBILIARIO TG REAL ESTATE,FII,FECHADO,QUALIFICADO,TG CORE ASSET LTDA,13.194.316/0001-03,OLIVEIRA TRUST DTVM S.A.,36.113.876/0001-91,2024-12-31
5658,32781 - TG REAL ESTATE FII,44.625.562/0001-04,29/02/2024,Fundos de Investimentos Imobiliário,BR0B4QCTF006,XP INVESTIMENTOS CCTVM S.A.,TG CORE ASSET LTDA,945434442.55,9.74231437,Renda Fixa | Definitiva,21C0830878,VIRGO COMPANHIA DE SECURITIZAÇÃO,20/01/2032,2200.0,1669385.583909648,0.17657338349204063,2024-02-29,44.625.562/0001-04,FUNDO DE INVESTIMENTO IMOBILIARIO TG REAL ESTATE,FUNDO DE INVESTIMENTO IMOBILIARIO TG REAL ESTATE,FII,FECHADO,QUALIFICADO,TG CORE ASSET LTDA,13.194.316/0001-03,OLIVEIRA TRUST DTVM S.A.,36.113.876/0001-91,2024-12-31
5659,32781 - TG REAL ESTATE FII,44.625.562/0001-04,29/02/2024,Fundos de Investimentos Imobiliário,BR0B4QCTF006,XP INVESTIMENTOS CCTVM S.A.,TG CORE ASSET LTDA,945434442.55,9.74231437,Renda Fixa | Definitiva,21C0834078,VIRGO COMPANHIA DE SECURITIZAÇÃO,20/01/2032,3500.0,2911283.47545,0.30793076118506596,2024-02-29,44.625.562/0001-04,FUNDO DE INVESTIMENTO IMOBILIARIO TG REAL ESTATE,FUNDO DE INVESTIMENTO IMOBILIARIO TG REAL ESTATE,FII,FECHADO,QUALIFICADO,TG CORE ASSET LTDA,13.194.316/0001-03,OLIVEIRA TRUST DTVM S.A.,36.113.876/0001-91,2024-12-31
5660,32781 - TG REAL ESTATE FII,44.625.562/0001-04,29/02/2024,Fundos de Investimentos Imobiliário,BR0B4QCTF006,XP INVESTIMENTOS CCTVM S.A.,TG CORE ASSET LTDA,945434442.55,9.74231437,Renda Fixa | Definitiva,21A0608492,VIRGO COMPANHIA DE SECURITIZAÇÃO,20/01/2026,1800.0,1918265.1066,0.2028977388877549,2024-02-29,44.625.562/0001-04,FUNDO DE INVESTIMENTO IMOBILIARIO TG REAL ESTATE,FUNDO DE INVESTIMENTO IMOBILIARIO TG REAL ESTATE,FII,FECHADO,QUALIFICADO,TG CORE ASSET LTDA,13.194.316/0001-03,OLIVEIRA TRUST DTVM S.A.,36.113.876/0001-91,2024-12-31
5661,32781 - TG REAL ESTATE FII,44.625.562/0001-04,29/02/2024,Fundos de Investimentos Imobiliário,BR0B4QCTF006,XP INVESTIMENTOS CCTVM S.A.,TG CORE ASSET LTDA,945434442.55,9.74231437,Renda Fixa | Definitiva,21C0830879,VIRGO COMPANHIA DE SECURITIZAÇÃO,20/01/2032,563.0,419787.2183737,0.044401515269685055,2024-02-29,44.625.562/0001-04,FUNDO DE INVESTIMENTO IMOBILIARIO TG REAL ESTATE,FUNDO DE INVESTIMENTO IMOBILIARIO TG REAL ESTATE,FII,FECHADO,QUALIFICADO,TG CORE ASSET LTDA,13.194.316/0001-03,OLIVEIRA TRUST DTVM S.A.,36.113.876/0001-91,2024-12-31
5662,32781 - TG REAL ESTATE FII,44.625.562/0001-04,29/02/2024,Fundos de Investimentos Imobiliário,BR0B4QCTF006,XP INVESTIMENTOS CCTVM S.A.,TG CORE ASSET LTDA,945434442.55,9.74231437,Renda Fixa | Definitiva,22L1668403,CANAL COMPANHIA DE SECURITIZACAO,22/12/2027,2000.0,1871582.1722,0.19796001583695425,2024-02-29,44.625.562/0001-04,FUNDO DE INVESTIMENTO IMOBILIARIO TG REAL ESTATE,FUNDO DE INVESTIMENTO IMOBILIARIO TG REAL ESTATE,FII,FECHADO,QUALIFICADO,TG CORE ASSET LTDA,13.194.316/0001-03,OLIVEIRA TRUST DTVM S.A.,36.113.876/0001-91,2024-12-31
5663,32781 - TG REAL ESTATE FII,44.625.562/0001-04,29/02/2024,Fundos de Investimentos Imobiliário,BR0B4QCTF006,XP INVESTIMENTOS CCTVM S.A.,TG CORE ASSET LTDA,945434442.55,9.74231437,Renda Fixa | Definitiva,23B0330159,VIRGO COMPANHIA DE SECURITIZAÇÃO,19/02/2035,2000.0,1917137.8644,0.20277850881221848,2024-02-29,44.625.562/0001-04,FUNDO DE INVESTIMENTO IMOBILIARIO TG REAL ESTATE,FUNDO DE INVESTIMENTO IMOBILIARIO TG REAL ESTATE,FII,FECHADO,QUALIFICADO,TG CORE ASSET LTDA,13.194.316/0001-03,OLIVEIRA TRUST DTVM S.A.,36.113.876/0001-91,2024-12-31
5664,32781 - TG REAL ESTATE FII,44.625.562/0001-04,29/02/2024,Fundos de Investimentos Imobiliário,BR0B4QCTF006,XP INVESTIMENTOS CCTVM S.A.,TG CORE ASSET LTDA,945434442.55,9.74231437,Renda Fixa | Definitiva,21C0528814,VIRGO COMPANHIA DE SECURITIZAÇÃO,20/01/2032,571.0,284655.7952288,0.03010846468222949,2024-02-29,44.625.562/0001-04,FUNDO DE INVESTIMENTO IMOBILIARIO TG REAL ESTATE,FUNDO DE INVESTIMENTO IMOBILIARIO TG REAL ESTATE,FII,FECHADO,QUALIFICADO,TG CORE ASSET LTDA,13.194.316/0001-03,OLIVEIRA TRUST DTVM S.A.,36.113.876/0001-91,2024-12-31
5665,32781 - TG REAL ESTATE FII,44.625.562/0001-04,29/02/2024,Fundos de Investimentos Imobiliário,BR0B4QCTF006,XP INVESTIMENTOS CCTVM S.A.,TG CORE ASSET LTDA,945434442.55,9.74231437,Renda Fixa | Definitiva,21C0528814,VIRGO COMPANHIA DE SECURITIZAÇÃO,20/01/2032,429.0,213865.7375712,0.022620895531832667,2024-02-29,44.625.562/0001-04,FUNDO DE INVESTIMENTO IMOBILIARIO TG REAL ESTATE,FUNDO DE INVESTIMENTO IMOBILIARIO TG REAL ESTATE,FII,FECHADO,QUALIFICADO,TG CORE ASSET LTDA,13.194.316/0001-03,OLIVEIRA TRUST DTVM S.A.,36.113.876/0001-91,2024-12-31
5666,32781 - TG REAL ESTATE FII,44.625.562/0001-04,29/02/2024,Fundos de Investimentos Imobiliário,BR0B4QCTF006,XP INVESTIMENTOS CCTVM S.A.,TG CORE ASSET LTDA,945434442.55,9.74231437,Renda Fixa | Definitiva,20D0995555,Forte Securitizadora SA,20/06/2029,1695.0,1626699.850404313,0.1720584502947473,2024-02-29,44.625.562/0001-04,FUNDO DE INVESTIMENTO IMOBILIARIO TG REAL ESTATE,FUNDO DE INVESTIMENTO IMOBILIARIO TG REAL ESTATE,FII,FECHADO,QUALIFICADO,TG CORE ASSET LTDA,13.194.316/0001-03,OLIVEIRA TRUST DTVM S.A.,36.113.876/0001-91,2024-12-31
5667,32781 - TG REAL ESTATE FII,44.625.562/0001-04,29/02/2024,Fundos de Investimentos Imobiliário,BR0B4QCTF006,XP INVESTIMENTOS CCTVM S.A.,TG CORE ASSET LTDA,945434442.55,9.74231437,Renda Fixa | Definitiva,20D0942992,VIRGO COMPANHIA DE SECURITIZAÇÃO,20/04/2030,4469.0,2049502.6015054,0.21677892292325815,2024-02-29,44.625.562/0001-04,FUNDO DE INVESTIMENTO IMOBILIARIO TG REAL ESTATE,FUNDO DE INVESTIMENTO IMOBILIARIO TG REAL ESTATE,FII,FECHADO,QUALIFICADO,TG CORE ASSET LTDA,13.194.316/0001-03,OLIVEIRA TRUST DTVM S.A.,36.113.876/0001-91,2024-12-31
5668,32781 - TG REAL ESTATE FII,44.625.562/0001-04,29/02/2024,Fundos de Investimentos Imobiliário,BR0B4QCTF006,XP INVESTIMENTOS CCTVM S.A.,TG CORE ASSET LTDA,945434442.55,9.74231437,Renda Fixa | Definitiva,20F0851401,Forte Securitizadora SA,20/04/2030,1019.0,573656.9598216,0.06067654551217196,2024-02-29,44.625.562/0001-04,FUNDO DE INVESTIMENTO IMOBILIARIO TG REAL ESTATE,FUNDO DE INVESTIMENTO IMOBILIARIO TG REAL ESTATE,FII,FECHADO,QUALIFICADO,TG CORE ASSET LTDA,13.194.316/0001-03,OLIVEIRA TRUST DTVM S.A.,36.113.876/0001-91,2024-12-31
5669,32781 - TG REAL ESTATE FII,44.625.562/0001-04,29/02/2024,Fundos de Investimentos Imobiliário,BR0B4QCTF006,XP INVESTIMENTOS CCTVM S.A.,TG CORE ASSET LTDA,945434442.55,9.74231437,Renda Fixa | Definitiva,20F0851402,Forte Securitizadora SA,20/08/2029,3500.0,2015055.2212,0.2131353725346676,2024-02-29,44.625.562/0001-04,FUNDO DE INVESTIMENTO IMOBILIARIO TG REAL ESTATE,FUNDO DE INVESTIMENTO IMOBILIARIO TG REAL ESTATE,FII,FECHADO,QUALIFICADO,TG CORE ASSET LTDA,13.194.316/0001-03,OLIVEIRA TRUST DTVM S.A.,36.113.876/0001-91,2024-12-31
5670,32781 - TG REAL ESTATE FII,44.625.562/0001-04,29/02/2024,Fundos de Investimentos Imobiliário,BR0B4QCTF006,XP INVESTIMENTOS CCTVM S.A.,TG CORE ASSET LTDA,945434442.55,9.74231437,Renda Fixa | Definitiva,20F0851403,Forte Securitizadora SA,20/08/2029,3500.0,2142996.3163,0.22666789148488908,2024-02-29,44.625.562/0001-04,FUNDO DE INVESTIMENTO IMOBILIARIO TG REAL ESTATE,FUNDO DE INVESTIMENTO IMOBILIARIO TG REAL ESTATE,FII,FECHADO,QUALIFICADO,TG CORE ASSET LTDA,13.194.316/0001-03,OLIVEIRA TRUST DTVM S.A.,36.113.876/0001-91,2024-12-31
5671,32781 - TG REAL ESTATE FII,44.625.562/0001-04,29/02/2024,Fundos de Investimentos Imobiliário,BR0B4QCTF006,XP INVESTIMENTOS CCTVM S.A.,TG CORE ASSET LTDA,945434442.55,9.74231437,Renda Fixa | Definitiva,19K1139242,Forte Securitizadora SA,20/11/2025,3129.0,3121326.8781471,0.33014736270114536,2024-02-29,44.625.562/0001-04,FUNDO DE INVESTIMENTO IMOBILIARIO TG REAL ESTATE,FUNDO DE INVESTIMENTO IMOBILIARIO TG REAL ESTATE,FII,FECHADO,QUALIFICADO,TG CORE ASSET LTDA,13.194.316/0001-03,OLIVEIRA TRUST DTVM S.A.,36.113.876/0001-91,2024-12-31
6435,22691 - XP SELECTION FII,30.983.020/0001-90,29/02/2024,Fundos de Investimentos Imobiliário,-,XP INVESTIMENTOS CCTVM S.A.,XP VISTA ASSET MANAGEMENT LTDA.,374866895.87,8.65700623,Cotas de fundos,OT SOBERANO FIRF REF DI LP,OLIVEIRA TRUST,2099-12-01 00:00:00,2038.62094332,5215969.96,1.3914191990452112,2024-02-29,30.983.020/0001-90,XP SELECTION FUNDO DE FUNDOS DE INVESTIMENTO IMOBILIÁRIO - FII,XP SELECTION FUNDO DE FUNDOS DE INVESTIMENTO IMOBILIÁRIO - FII,FII,FECHADO,GERAL,XP VISTA ASSET MANAGMENT LTDA.,16.789.525/0001-98,OLIVEIRA TRUST DTVM S.A.,36.113.876/0001-91,2024-12-31
6472,32781 - TG REAL ESTATE FII,44.625.562/0001-04,29/02/2024,Fundos de Investimentos Imobiliário,BR0B4QCTF006,XP INVESTIMENTOS CCTVM S.A.,TG CORE ASSET LTDA,945434442.55,9.74231437,Cotas de fundos,TREND PE XXII FIC RF,XP - 02220030-7,2099-12-01 00:00:00,1981561.06,2041056.58,0.2158855747305882,2024-02-29,44.625.562/0001-04,FUNDO DE INVESTIMENTO IMOBILIARIO TG REAL ESTATE,FUNDO DE INVESTIMENTO IMOBILIARIO TG REAL ESTATE,FII,FECHADO,QUALIFICADO,TG CORE ASSET LTDA,13.194.316/0001-03,OLIVEIRA TRUST DTVM S.A.,36.113.876/0001-91,2024-12-31
6473,32781 - TG REAL ESTATE FII,44.625.562/0001-04,29/02/2024,Fundos de Investimentos Imobiliário,BR0B4QCTF006,XP INVESTIMENTOS CCTVM S.A.,TG CORE ASSET LTDA,945434442.55,9.74231437,Cotas de fundos,FUNDO DE INVESTIMENTO IMOBILIÁRIO XP GRUPO CARNAÚBA,XP - 02220030-7,2099-12-01 00:00:00,2940.0,2591620.02,0.2741194844784746,2024-02-29,44.625.562/0001-04,FUNDO DE INVESTIMENTO IMOBILIARIO TG REAL ESTATE,FUNDO DE INVESTIMENTO IMOBILIARIO TG REAL ESTATE,FII,FECHADO,QUALIFICADO,TG CORE ASSET LTDA,13.194.316/0001-03,OLIVEIRA TRUST DTVM S.A.,36.113.876/0001-91,2024-12-31
6474,32781 - TG REAL ESTATE FII,44.625.562/0001-04,29/02/2024,Fundos de Investimentos Imobiliário,BR0B4QCTF006,XP INVESTIMENTOS CCTVM S.A.,TG CORE ASSET LTDA,945434442.55,9.74231437,Cotas de fundos,BLUE FII,XP - 02220030-7,2099-12-01 00:00:00,240000.0,24211534.36,2.560889816399888,2024-02-29,44.625.562/0001-04,FUNDO DE INVESTIMENTO IMOBILIARIO TG REAL ESTATE,FUNDO DE INVESTIMENTO IMOBILIARIO TG REAL ESTATE,FII,FECHADO,QUALIFICADO,TG CORE ASSET LTDA,13.194.316/0001-03,OLIVEIRA TRUST DTVM S.A.,36.113.876/0001-91,2024-12-31
6475,32781 - TG REAL ESTATE FII,44.625.562/0001-04,29/02/2024,Fundos de Investimentos Imobiliário,BR0B4QCTF006,XP INVESTIMENTOS CCTVM S.A.,TG CORE ASSET LTDA,945434442.55,9.74231437,Cotas de fundos,OT SOBERANO FIRF REF DI LP,OLIVEIRA TRUST,2099-12-01 00:00:00,19701.73751548,50408425.08,5.3317737128382765,2024-02-29,44.625.562/0001-04,FUNDO DE INVESTIMENTO IMOBILIARIO TG REAL ESTATE,FUNDO DE INVESTIMENTO IMOBILIARIO TG REAL ESTATE,FII,FECHADO,QUALIFICADO,TG CORE ASSET LTDA,13.194.316/0001-03,OLIVEIRA TRUST DTVM S.A.,36.113.876/0001-91,2024-12-31
6939,22691 - XP SELECTION FII,30.983.020/0001-90,29/02/2024,Fundos de Investimentos Imobiliário,-,XP INVESTIMENTOS CCTVM S.A.,XP VISTA ASSET MANAGEMENT LTDA.,374866895.87,8.65700623,Renda Variável,KNSC11,FII KINEA SCCI  ES,2099-12-01 00:00:00,123626.0,1132414.16,0.30208433245935634,2024-02-29,30.983.020/0001-90,XP SELECTION FUNDO DE FUNDOS DE INVESTIMENTO IMOBILIÁRIO - FII,XP SELECTION FUNDO DE FUNDOS DE INVESTIMENTO IMOBILIÁRIO - FII,FII,FECHADO,GERAL,XP VISTA ASSET MANAGMENT LTDA.,16.789.525/0001-98,OLIVEIRA TRUST DTVM S.A.,36.113.876/0001-91,2024-12-31
6940,22691 - XP SELECTION FII,30.983.020/0001-90,29/02/2024,Fundos de Investimentos Imobiliário,-,XP INVESTIMENTOS CCTVM S.A.,XP VISTA ASSET MANAGEMENT LTDA.,374866895.87,8.65700623,Renda Variável,BROF11,FII BROF    CI,2099-12-01 00:00:00,62521.0,3863797.8,1.0307119253709522,2024-02-29,30.983.020/0001-90,XP SELECTION FUNDO DE FUNDOS DE INVESTIMENTO IMOBILIÁRIO - FII,XP SELECTION FUNDO DE FUNDOS DE INVESTIMENTO IMOBILIÁRIO - FII,FII,FECHADO,GERAL,XP VISTA ASSET MANAGMENT LTDA.,16.789.525/0001-98,OLIVEIRA TRUST DTVM S.A.,36.113.876/0001-91,2024-12-31
6941,22691 - XP SELECTION FII,30.983.020/0001-90,29/02/2024,Fundos de Investimentos Imobiliário,-,XP INVESTIMENTOS CCTVM S.A.,XP VISTA ASSET MANAGEMENT LTDA.,374866895.87,8.65700623,Renda Variável,HABT11,FII HABIT IICI,2099-12-01 00:00:00,6462.0,595796.4,0.15893545324061267,2024-02-29,30.983.020/0001-90,XP SELECTION FUNDO DE FUNDOS DE INVESTIMENTO IMOBILIÁRIO - FII,XP SELECTION FUNDO DE FUNDOS DE INVESTIMENTO IMOBILIÁRIO - FII,FII,FECHADO,GERAL,XP VISTA ASSET MANAGMENT LTDA.,16.789.525/0001-98,OLIVEIRA TRUST DTVM S.A.,36.113.876/0001-91,2024-12-31
6942,22691 - XP SELECTION FII,30.983.020/0001-90,29/02/2024,Fundos de Investimentos Imobiliário,-,XP INVESTIMENTOS CCTVM S.A.,XP VISTA ASSET MANAGEMENT LTDA.,374866895.87,8.65700623,Renda Variável,TEPP11,FII TEL PROPCI,2099-12-01 00:00:00,74423.0,6946642.82,1.8530958312224572,2024-02-29,30.983.020/0001-90,XP SELECTION FUNDO DE FUNDOS DE INVESTIMENTO IMOBILIÁRIO - FII,XP SELECTION FUNDO DE FUNDOS DE INVESTIMENTO IMOBILIÁRIO - FII,FII,FECHADO,GERAL,XP VISTA ASSET MANAGMENT LTDA.,16.789.525/0001-98,OLIVEIRA TRUST DTVM S.A.,36.113.876/0001-91,2024-12-31
6943,22691 - XP SELECTION FII,30.983.020/0001-90,29/02/2024,Fundos de Investimentos Imobiliário,-,XP INVESTIMENTOS CCTVM S.A.,XP VISTA ASSET MANAGEMENT LTDA.,374866895.87,8.65700623,Renda Variável,RBRP11,FII RBR PROPCI,2099-12-01 00:00:00,139424.0,8288756.8,2.211119971200246,2024-02-29,30.983.020/0001-90,XP SELECTION FUNDO DE FUNDOS DE INVESTIMENTO IMOBILIÁRIO - FII,XP SELECTION FUNDO DE FUNDOS DE INVESTIMENTO IMOBILIÁRIO - FII,FII,FECHADO,GERAL,XP VISTA ASSET MANAGMENT LTDA.,16.789.525/0001-98,OLIVEIRA TRUST DTVM S.A.,36.113.876/0001-91,2024-12-31
6944,22691 - XP SELECTION FII,30.983.020/0001-90,29/02/2024,Fundos de Investimentos Imobiliário,-,XP INVESTIMENTOS CCTVM S.A.,XP VISTA ASSET MANAGEMENT LTDA.,374866895.87,8.65700623,Renda Variável,CBOP11,FII C BRANCOCI,2099-12-01 00:00:00,60402.0,1856757.48,0.49531113588752435,2024-02-29,30.983.020/0001-90,XP SELECTION FUNDO DE FUNDOS DE INVESTIMENTO IMOBILIÁRIO - FII,XP SELECTION FUNDO DE FUNDOS DE INVESTIMENTO IMOBILIÁRIO - FII,FII,FECHADO,GERAL,XP VISTA ASSET MANAGMENT LTDA.,16.789.525/0001-98,OLIVEIRA TRUST DTVM S.A.,36.113.876/0001-91,2024-12-31
6945,22691 - XP SELECTION FII,30.983.020/0001-90,29/02/2024,Fundos de Investimentos Imobiliário,-,XP INVESTIMENTOS CCTVM S.A.,XP VISTA ASSET MANAGEMENT LTDA.,374866895.87,8.65700623,Renda Variável,VVMR11,FII MULT RENCI,2099-12-01 00:00:00,207635.0,19206237.5,5.123481884263402,2024-02-29,30.983.020/0001-90,XP SELECTION FUNDO DE FUNDOS DE INVESTIMENTO IMOBILIÁRIO - FII,XP SELECTION FUNDO DE FUNDOS DE INVESTIMENTO IMOBILIÁRIO - FII,FII,FECHADO,GERAL,XP VISTA ASSET MANAGMENT LTDA.,16.789.525/0001-98,OLIVEIRA TRUST DTVM S.A.,36.113.876/0001-91,2024-12-31
6946,22691 - XP SELECTION FII,30.983.020/0001-90,29/02/2024,Fundos de Investimentos Imobiliário,-,XP INVESTIMENTOS CCTVM S.A.,XP VISTA ASSET MANAGEMENT LTDA.,374866895.87,8.65700623,Renda Variável,HGBS11,FII HEDGEBS CI,2099-12-01 00:00:00,31929.0,7330898.4,1.9556003692954207,2024-02-29,30.983.020/0001-90,XP SELECTION FUNDO DE FUNDOS DE INVESTIMENTO IMOBILIÁRIO - FII,XP SELECTION FUNDO DE FUNDOS DE INVESTIMENTO IMOBILIÁRIO - FII,FII,FECHADO,GERAL,XP VISTA ASSET MANAGMENT LTDA.,16.789.525/0001-98,OLIVEIRA TRUST DTVM S.A.,36.113.876/0001-91,2024-12-31
6947,22691 - XP SELECTION FII,30.983.020/0001-90,29/02/2024,Fundos de Investimentos Imobiliário,-,XP INVESTIMENTOS CCTVM S.A.,XP VISTA ASSET MANAGEMENT LTDA.,374866895.87,8.65700623,Renda Variável,TGAR11,FII TG ATIVOCI,2099-12-01 00:00:00,171020.0,21374079.6,5.701778373999797,2024-02-29,30.983.020/0001-90,XP SELECTION FUNDO DE FUNDOS DE INVESTIMENTO IMOBILIÁRIO - FII,XP SELECTION FUNDO DE FUNDOS DE INVESTIMENTO IMOBILIÁRIO - FII,FII,FECHADO,GERAL,XP VISTA ASSET MANAGMENT LTDA.,16.789.525/0001-98,OLIVEIRA TRUST DTVM S.A.,36.113.876/0001-91,2024-12-31
6948,22691 - XP SELECTION FII,30.983.020/0001-90,29/02/2024,Fundos de Investimentos Imobiliário,-,XP INVESTIMENTOS CCTVM S.A.,XP VISTA ASSET MANAGEMENT LTDA.,374866895.87,8.65700623,Renda Variável,RBRL11,FII RBR LOG CI,2099-12-01 00:00:00,225968.0,18854769.92,5.0297239174031105,2024-02-29,30.983.020/0001-90,XP SELECTION FUNDO DE FUNDOS DE INVESTIMENTO IMOBILIÁRIO - FII,XP SELECTION FUNDO DE FUNDOS DE INVESTIMENTO IMOBILIÁRIO - FII,FII,FECHADO,GERAL,XP VISTA ASSET MANAGMENT LTDA.,16.789.525/0001-98,OLIVEIRA TRUST DTVM S.A.,36.113.876/0001-91,2024-12-31
6949,22691 - XP SELECTION FII,30.983.020/0001-90,29/02/2024,Fundos de Investimentos Imobiliário,-,XP INVESTIMENTOS CCTVM S.A.,XP VISTA ASSET MANAGEMENT LTDA.,374866895.87,8.65700623,Renda Variável,MXRF11,FII MAXI RENCI,2099-12-01 00:00:00,1420854.0,14691630.36,3.919159179394412,2024-02-29,30.983.020/0001-90,XP SELECTION FUNDO DE FUNDOS DE INVESTIMENTO IMOBILIÁRIO - FII,XP SELECTION FUNDO DE FUNDOS DE INVESTIMENTO IMOBILIÁRIO - FII,FII,FECHADO,GERAL,XP VISTA ASSET MANAGMENT LTDA.,16.789.525/0001-98,OLIVEIRA TRUST DTVM S.A.,36.113.876/0001-91,2024-12-31
6950,22691 - XP SELECTION FII,30.983.020/0001-90,29/02/2024,Fundos de Investimentos Imobiliário,-,XP INVESTIMENTOS CCTVM S.A.,XP VISTA ASSET MANAGEMENT LTDA.,374866895.87,8.65700623,Renda Variável,RBRR11,FII RBRHGRADCI,2099-12-01 00:00:00,197761.0,17798490.0,4.7479492577472975,2024-02-29,30.983.020/0001-90,XP SELECTION FUNDO DE FUNDOS DE INVESTIMENTO IMOBILIÁRIO - FII,XP SELECTION FUNDO DE FUNDOS DE INVESTIMENTO IMOBILIÁRIO - FII,FII,FECHADO,GERAL,XP VISTA ASSET MANAGMENT LTDA.,16.789.525/0001-98,OLIVEIRA TRUST DTVM S.A.,36.113.876/0001-91,2024-12-31
6951,22691 - XP SELECTION FII,30.983.020/0001-90,29/02/2024,Fundos de Investimentos Imobiliário,-,XP INVESTIMENTOS CCTVM S.A.,XP VISTA ASSET MANAGEMENT LTDA.,374866895.87,8.65700623,Renda Variável,VISC11,FII VINCI SCCI,2099-12-01 00:00:00,85415.0,10330090.1,2.7556688023960296,2024-02-29,30.983.020/0001-90,XP SELECTION FUNDO DE FUNDOS DE INVESTIMENTO IMOBILIÁRIO - FII,XP SELECTION FUNDO DE FUNDOS DE INVESTIMENTO IMOBILIÁRIO - FII,FII,FECHADO,GERAL,XP VISTA ASSET MANAGMENT LTDA.,16.789.525/0001-98,OLIVEIRA TRUST DTVM S.A.,36.113.876/0001-91,2024-12-31
6952,22691 - XP SELECTION FII,30.983.020/0001-90,29/02/2024,Fundos de Investimentos Imobiliário,-,XP INVESTIMENTOS CCTVM S.A.,XP VISTA ASSET MANAGEMENT LTDA.,374866895.87,8.65700623,Renda Variável,KNIP11,FII KINEA IPCI,2099-12-01 00:00:00,111206.0,10864826.2,2.8983157274489795,2024-02-29,30.983.020/0001-90,XP SELECTION FUNDO DE FUNDOS DE INVESTIMENTO IMOBILIÁRIO - FII,XP SELECTION FUNDO DE FUNDOS DE INVESTIMENTO IMOBILIÁRIO - FII,FII,FECHADO,GERAL,XP VISTA ASSET MANAGMENT LTDA.,16.789.525/0001-98,OLIVEIRA TRUST DTVM S.A.,36.113.876/0001-91,2024-12-31
6953,22691 - XP SELECTION FII,30.983.020/0001-90,29/02/2024,Fundos de Investimentos Imobiliário,-,XP INVESTIMENTOS CCTVM S.A.,XP VISTA ASSET MANAGEMENT LTDA.,374866895.87,8.65700623,Renda Variável,JSRE11,FII JS REAL CI,2099-12-01 00:00:00,9056.0,682912.96,0.1821747845765573,2024-02-29,30.983.020/0001-90,XP SELECTION FUNDO DE FUNDOS DE INVESTIMENTO IMOBILIÁRIO - FII,XP SELECTION FUNDO DE FUNDOS DE INVESTIMENTO IMOBILIÁRIO - FII,FII,FECHADO,GERAL,XP VISTA ASSET MANAGMENT LTDA.,16.789.525/0001-98,OLIVEIRA TRUST DTVM S.A.,36.113.876/0001-91,2024-12-31
6954,22691 - XP SELECTION FII,30.983.020/0001-90,29/02/2024,Fundos de Investimentos Imobiliário,-,XP INVESTIMENTOS CCTVM S.A.,XP VISTA ASSET MANAGEMENT LTDA.,374866895.87,8.65700623,Renda Variável,RBRY11,FII RBR PCRICI,2099-12-01 00:00:00,30228.0,3015847.56,0.8045115728346055,2024-02-29,30.983.020/0001-90,XP SELECTION FUNDO DE FUNDOS DE INVESTIMENTO IMOBILIÁRIO - FII,XP SELECTION FUNDO DE FUNDOS DE INVESTIMENTO IMOBILIÁRIO - FII,FII,FECHADO,GERAL,XP VISTA ASSET MANAGMENT LTDA.,16.789.525/0001-98,OLIVEIRA TRUST DTVM S.A.,36.113.876/0001-91,2024-12-31
6955,22691 - XP SELECTION FII,30.983.020/0001-90,29/02/2024,Fundos de Investimentos Imobiliário,-,XP INVESTIMENTOS CCTVM S.A.,XP VISTA ASSET MANAGEMENT LTDA.,374866895.87,8.65700623,Renda Variável,BLMC11,FII BLUE CRICI  ER,2099-12-01 00:00:00,9296.0,787185.28,0.20999060964641375,2024-02-29,30.983.020/0001-90,XP SELECTION FUNDO DE FUNDOS DE INVESTIMENTO IMOBILIÁRIO - FII,XP SELECTION FUNDO DE FUNDOS DE INVESTIMENTO IMOBILIÁRIO - FII,FII,FECHADO,GERAL,XP VISTA ASSET MANAGMENT LTDA.,16.789.525/0001-98,OLIVEIRA TRUST DTVM S.A.,36.113.876/0001-91,2024-12-31
6956,22691 - XP SELECTION FII,30.983.020/0001-90,29/02/2024,Fundos de Investimentos Imobiliário,-,XP INVESTIMENTOS CCTVM S.A.,XP VISTA ASSET MANAGEMENT LTDA.,374866895.87,8.65700623,Renda Variável,XPML15,FII XP MALLSCI ER,2099-12-01 00:00:00,138900.0,16415202.0,4.3789414805228954,2024-02-29,30.983.020/0001-90,XP SELECTION FUNDO DE FUNDOS DE INVESTIMENTO IMOBILIÁRIO - FII,XP SELECTION FUNDO DE FUNDOS DE INVESTIMENTO IMOBILIÁRIO - FII,FII,FECHADO,GERAL,XP VISTA ASSET MANAGMENT LTDA.,16.789.525/0001-98,OLIVEIRA TRUST DTVM S.A.,36.113.876/0001-91,2024-12-31
6957,22691 - XP SELECTION FII,30.983.020/0001-90,29/02/2024,Fundos de Investimentos Imobiliário,-,XP INVESTIMENTOS CCTVM S.A.,XP VISTA ASSET MANAGEMENT LTDA.,374866895.87,8.65700623,Renda Variável,XPPR11,FII XP PROP CI,2099-12-01 00:00:00,109593.0,2751880.23,0.7340952909734456,2024-02-29,30.983.020/0001-90,XP SELECTION FUNDO DE FUNDOS DE INVESTIMENTO IMOBILIÁRIO - FII,XP SELECTION FUNDO DE FUNDOS DE INVESTIMENTO IMOBILIÁRIO - FII,FII,FECHADO,GERAL,XP VISTA ASSET MANAGMENT LTDA.,16.789.525/0001-98,OLIVEIRA TRUST DTVM S.A.,36.113.876/0001-91,2024-12-31
6958,22691 - XP SELECTION FII,30.983.020/0001-90,29/02/2024,Fundos de Investimentos Imobiliário,-,XP INVESTIMENTOS CCTVM S.A.,XP VISTA ASSET MANAGEMENT LTDA.,374866895.87,8.65700623,Renda Variável,HSAF11,FII HSI CRI CI,2099-12-01 00:00:00,2698.0,236236.88,0.06301886952480448,2024-02-29,30.983.020/0001-90,XP SELECTION FUNDO DE FUNDOS DE INVESTIMENTO IMOBILIÁRIO - FII,XP SELECTION FUNDO DE FUNDOS DE INVESTIMENTO IMOBILIÁRIO - FII,FII,FECHADO,GERAL,XP VISTA ASSET MANAGMENT LTDA.,16.789.525/0001-98,OLIVEIRA TRUST DTVM S.A.,36.113.876/0001-91,2024-12-31
6959,22691 - XP SELECTION FII,30.983.020/0001-90,29/02/2024,Fundos de Investimentos Imobiliário,-,XP INVESTIMENTOS CCTVM S.A.,XP VISTA ASSET MANAGEMENT LTDA.,374866895.87,8.65700623,Renda Variável,XPLG11,FII XP LOG  CI,2099-12-01 00:00:00,148215.0,16567472.7,4.4195614183401855,2024-02-29,30.983.020/0001-90,XP SELECTION FUNDO DE FUNDOS DE INVESTIMENTO IMOBILIÁRIO - FII,XP SELECTION FUNDO DE FUNDOS DE INVESTIMENTO IMOBILIÁRIO - FII,FII,FECHADO,GERAL,XP VISTA ASSET MANAGMENT LTDA.,16.789.525/0001-98,OLIVEIRA TRUST DTVM S.A.,36.113.876/0001-91,2024-12-31
6960,22691 - XP SELECTION FII,30.983.020/0001-90,29/02/2024,Fundos de Investimentos Imobiliário,-,XP INVESTIMENTOS CCTVM S.A.,XP VISTA ASSET MANAGEMENT LTDA.,374866895.87,8.65700623,Renda Variável,KNCR11,FII KINEA RICI,2099-12-01 00:00:00,76795.0,8002039.0,2.134634743200964,2024-02-29,30.983.020/0001-90,XP SELECTION FUNDO DE FUNDOS DE INVESTIMENTO IMOBILIÁRIO - FII,XP SELECTION FUNDO DE FUNDOS DE INVESTIMENTO IMOBILIÁRIO - FII,FII,FECHADO,GERAL,XP VISTA ASSET MANAGMENT LTDA.,16.789.525/0001-98,OLIVEIRA TRUST DTVM S.A.,36.113.876/0001-91,2024-12-31
6961,22691 - XP SELECTION FII,30.983.020/0001-90,29/02/2024,Fundos de Investimentos Imobiliário,-,XP INVESTIMENTOS CCTVM S.A.,XP VISTA ASSET MANAGEMENT LTDA.,374866895.87,8.65700623,Renda Variável,VILG11,FII VINCI LGCI,2099-12-01 00:00:00,97580.0,8977360.0,2.3948126918929797,2024-02-29,30.983.020/0001-90,XP SELECTION FUNDO DE FUNDOS DE INVESTIMENTO IMOBILIÁRIO - FII,XP SELECTION FUNDO DE FUNDOS DE INVESTIMENTO IMOBILIÁRIO - FII,FII,FECHADO,GERAL,XP VISTA ASSET MANAGMENT LTDA.,16.789.525/0001-98,OLIVEIRA TRUST DTVM S.A.,36.113.876/0001-91,2024-12-31
6962,22691 - XP SELECTION FII,30.983.020/0001-90,29/02/2024,Fundos de Investimentos Imobiliário,-,XP INVESTIMENTOS CCTVM S.A.,XP VISTA ASSET MANAGEMENT LTDA.,374866895.87,8.65700623,Renda Variável,BTLG15,FII BTLG CI ER,2099-12-01 00:00:00,25000.0,2592500.0,0.6915788053205563,2024-02-29,30.983.020/0001-90,XP SELECTION FUNDO DE FUNDOS DE INVESTIMENTO IMOBILIÁRIO - FII,XP SELECTION FUNDO DE FUNDOS DE INVESTIMENTO IMOBILIÁRIO - FII,FII,FECHADO,GERAL,XP VISTA ASSET MANAGMENT LTDA.,16.789.525/0001-98,OLIVEIRA TRUST DTVM S.A.,36.113.876/0001-91,2024-12-31
6963,22691 - XP SELECTION FII,30.983.020/0001-90,29/02/2024,Fundos de Investimentos Imobiliário,-,XP INVESTIMENTOS CCTVM S.A.,XP VISTA ASSET MANAGEMENT LTDA.,374866895.87,8.65700623,Renda Variável,AIEC11,FII AUTONOMYCI,2099-12-01 00:00:00,77196.0,3879099.0,1.0347936941717124,2024-02-29,30.983.020/0001-90,XP SELECTION FUNDO DE FUNDOS DE INVESTIMENTO IMOBILIÁRIO - FII,XP SELECTION FUNDO DE FUNDOS DE INVESTIMENTO IMOBILIÁRIO - FII,FII,FECHADO,GERAL,XP VISTA ASSET MANAGMENT LTDA.,16.789.525/0001-98,OLIVEIRA TRUST DTVM S.A.,36.113.876/0001-91,2024-12-31
6964,22691 - XP SELECTION FII,30.983.020/0001-90,29/02/2024,Fundos de Investimentos Imobiliário,-,XP INVESTIMENTOS CCTVM S.A.,XP VISTA ASSET MANAGEMENT LTDA.,374866895.87,8.65700623,Renda Variável,BARI11,FII BARIGUI CI,2099-12-01 00:00:00,195299.0,16698064.5,4.4543982634814245,2024-02-29,30.983.020/0001-90,XP SELECTION FUNDO DE FUNDOS DE INVESTIMENTO IMOBILIÁRIO - FII,XP SELECTION FUNDO DE FUNDOS DE INVESTIMENTO IMOBILIÁRIO - FII,FII,FECHADO,GERAL,XP VISTA ASSET MANAGMENT LTDA.,16.789.525/0001-98,OLIVEIRA TRUST DTVM S.A.,36.113.876/0001-91,2024-12-31
6965,22691 - XP SELECTION FII,30.983.020/0001-90,29/02/2024,Fundos de Investimentos Imobiliário,-,XP INVESTIMENTOS CCTVM S.A.,XP VISTA ASSET MANAGEMENT LTDA.,374866895.87,8.65700623,Renda Variável,BTLG11,FII BTLG    CI  ER,2099-12-01 00:00:00,132458.0,13735894.6,3.66420581580601,2024-02-29,30.983.020/0001-90,XP SELECTION FUNDO DE FUNDOS DE INVESTIMENTO IMOBILIÁRIO - FII,XP SELECTION FUNDO DE FUNDOS DE INVESTIMENTO IMOBILIÁRIO - FII,FII,FECHADO,GERAL,XP VISTA ASSET MANAGMENT LTDA.,16.789.525/0001-98,OLIVEIRA TRUST DTVM S.A.,36.113.876/0001-91,2024-12-31
6966,22691 - XP SELECTION FII,30.983.020/0001-90,29/02/2024,Fundos de Investimentos Imobiliário,-,XP INVESTIMENTOS CCTVM S.A.,XP VISTA ASSET MANAGEMENT LTDA.,374866895.87,8.65700623,Renda Variável,RBED11,FII RIOB ED CI,2099-12-01 00:00:00,61152.0,9153231.36,2.441728373682334,2024-02-29,30.983.020/0001-90,XP SELECTION FUNDO DE FUNDOS DE INVESTIMENTO IMOBILIÁRIO - FII,XP SELECTION FUNDO DE FUNDOS DE INVESTIMENTO IMOBILIÁRIO - FII,FII,FECHADO,GERAL,XP VISTA ASSET MANAGMENT LTDA.,16.789.525/0001-98,OLIVEIRA TRUST DTVM S.A.,36.113.876/0001-91,2024-12-31
6967,22691 - XP SELECTION FII,30.983.020/0001-90,29/02/2024,Fundos de Investimentos Imobiliário,-,XP INVESTIMENTOS CCTVM S.A.,XP VISTA ASSET MANAGEMENT LTDA.,374866895.87,8.65700623,Renda Variável,JFLL11,FII JFL LIV CI,2099-12-01 00:00:00,19722.0,1534371.6,0.4093110426406136,2024-02-29,30.983.020/0001-90,XP SELECTION FUNDO DE FUNDOS DE INVESTIMENTO IMOBILIÁRIO - FII,XP SELECTION FUNDO DE FUNDOS DE INVESTIMENTO IMOBILIÁRIO - FII,FII,FECHADO,GERAL,XP VISTA ASSET MANAGMENT LTDA.,16.789.525/0001-98,OLIVEIRA TRUST DTVM S.A.,36.113.876/0001-91,2024-12-31
6968,22691 - XP SELECTION FII,30.983.020/0001-90,29/02/2024,Fundos de Investimentos Imobiliário,-,XP INVESTIMENTOS CCTVM S.A.,XP VISTA ASSET MANAGEMENT LTDA.,374866895.87,8.65700623,Renda Variável,HGRE11,FII HG REAL CI,2099-12-01 00:00:00,36062.0,4703566.66,1.254729801916451,2024-02-29,30.983.020/0001-90,XP SELECTION FUNDO DE FUNDOS DE INVESTIMENTO IMOBILIÁRIO - FII,XP SELECTION FUNDO DE FUNDOS DE INVESTIMENTO IMOBILIÁRIO - FII,FII,FECHADO,GERAL,XP VISTA ASSET MANAGMENT LTDA.,16.789.525/0001-98,OLIVEIRA TRUST DTVM S.A.,36.113.876/0001-91,2024-12-31
6969,22691 - XP SELECTION FII,30.983.020/0001-90,29/02/2024,Fundos de Investimentos Imobiliário,-,XP INVESTIMENTOS CCTVM S.A.,XP VISTA ASSET MANAGEMENT LTDA.,374866895.87,8.65700623,Renda Variável,LPLP11,FII LAGO PDRCI,2099-12-01 00:00:00,11300.0,4964465.87,1.3243276279380043,2024-02-29,30.983.020/0001-90,XP SELECTION FUNDO DE FUNDOS DE INVESTIMENTO IMOBILIÁRIO - FII,XP SELECTION FUNDO DE FUNDOS DE INVESTIMENTO IMOBILIÁRIO - FII,FII,FECHADO,GERAL,XP VISTA ASSET MANAGMENT LTDA.,16.789.525/0001-98,OLIVEIRA TRUST DTVM S.A.,36.113.876/0001-91,2024-12-31
6970,22691 - XP SELECTION FII,30.983.020/0001-90,29/02/2024,Fundos de Investimentos Imobiliário,-,XP INVESTIMENTOS CCTVM S.A.,XP VISTA ASSET MANAGEMENT LTDA.,374866895.87,8.65700623,Renda Variável,IRDM11,FII IRIDIUM CI,2099-12-01 00:00:00,13515.0,1012138.35,0.26999939475877305,2024-02-29,30.983.020/0001-90,XP SELECTION FUNDO DE FUNDOS DE INVESTIMENTO IMOBILIÁRIO - FII,XP SELECTION FUNDO DE FUNDOS DE INVESTIMENTO IMOBILIÁRIO - FII,FII,FECHADO,GERAL,XP VISTA ASSET MANAGMENT LTDA.,16.789.525/0001-98,OLIVEIRA TRUST DTVM S.A.,36.113.876/0001-91,2024-12-31
6971,22691 - XP SELECTION FII,30.983.020/0001-90,29/02/2024,Fundos de Investimentos Imobiliário,-,XP INVESTIMENTOS CCTVM S.A.,XP VISTA ASSET MANAGEMENT LTDA.,374866895.87,8.65700623,Renda Variável,XPIN11,FII XP INDL CI,2099-12-01 00:00:00,7005.0,555776.7,0.1482597439579561,2024-02-29,30.983.020/0001-90,XP SELECTION FUNDO DE FUNDOS DE INVESTIMENTO IMOBILIÁRIO - FII,XP SELECTION FUNDO DE FUNDOS DE INVESTIMENTO IMOBILIÁRIO - FII,FII,FECHADO,GERAL,XP VISTA ASSET MANAGMENT LTDA.,16.789.525/0001-98,OLIVEIRA TRUST DTVM S.A.,36.113.876/0001-91,2024-12-31
6972,22691 - XP SELECTION FII,30.983.020/0001-90,29/02/2024,Fundos de Investimentos Imobiliário,-,XP INVESTIMENTOS CCTVM S.A.,XP VISTA ASSET MANAGEMENT LTDA.,374866895.87,8.65700623,Renda Variável,GTWR11,FII G TOWERSCI,2099-12-01 00:00:00,58419.0,5014102.77,1.3375688344960817,2024-02-29,30.983.020/0001-90,XP SELECTION FUNDO DE FUNDOS DE INVESTIMENTO IMOBILIÁRIO - FII,XP SELECTION FUNDO DE FUNDOS DE INVESTIMENTO IMOBILIÁRIO - FII,FII,FECHADO,GERAL,XP VISTA ASSET MANAGMENT LTDA.,16.789.525/0001-98,OLIVEIRA TRUST DTVM S.A.,36.113.876/0001-91,2024-12-31
6973,22691 - XP SELECTION FII,30.983.020/0001-90,29/02/2024,Fundos de Investimentos Imobiliário,-,XP INVESTIMENTOS CCTVM S.A.,XP VISTA ASSET MANAGEMENT LTDA.,374866895.87,8.65700623,Renda Variável,PATL11,FII PATR LOGCI,2099-12-01 00:00:00,43014.0,3001086.78,0.8005739672037474,2024-02-29,30.983.020/0001-90,XP SELECTION FUNDO DE FUNDOS DE INVESTIMENTO IMOBILIÁRIO - FII,XP SELECTION FUNDO DE FUNDOS DE INVESTIMENTO IMOBILIÁRIO - FII,FII,FECHADO,GERAL,XP VISTA ASSET MANAGMENT LTDA.,16.789.525/0001-98,OLIVEIRA TRUST DTVM S.A.,36.113.876/0001-91,2024-12-31
6974,22691 - XP SELECTION FII,30.983.020/0001-90,29/02/2024,Fundos de Investimentos Imobiliário,-,XP INVESTIMENTOS CCTVM S.A.,XP VISTA ASSET MANAGEMENT LTDA.,374866895.87,8.65700623,Renda Variável,MCCI11,FII MAUA    CI,2099-12-01 00:00:00,204584.0,19230896.0,5.130059819064172,2024-02-29,30.983.020/0001-90,XP SELECTION FUNDO DE FUNDOS DE INVESTIMENTO IMOBILIÁRIO - FII,XP SELECTION FUNDO DE FUNDOS DE INVESTIMENTO IMOBILIÁRIO - FII,FII,FECHADO,GERAL,XP VISTA ASSET MANAGMENT LTDA.,16.789.525/0001-98,OLIVEIRA TRUST DTVM S.A.,36.113.876/0001-91,2024-12-31
6975,22691 - XP SELECTION FII,30.983.020/0001-90,29/02/2024,Fundos de Investimentos Imobiliário,-,XP INVESTIMENTOS CCTVM S.A.,XP VISTA ASSET MANAGEMENT LTDA.,374866895.87,8.65700623,Renda Variável,HSML11,FII HSI MALLCI,2099-12-01 00:00:00,134156.0,13005082.64,3.46925342922519,2024-02-29,30.983.020/0001-90,XP SELECTION FUNDO DE FUNDOS DE INVESTIMENTO IMOBILIÁRIO - FII,XP SELECTION FUNDO DE FUNDOS DE INVESTIMENTO IMOBILIÁRIO - FII,FII,FECHADO,GERAL,XP VISTA ASSET MANAGMENT LTDA.,16.789.525/0001-98,OLIVEIRA TRUST DTVM S.A.,36.113.876/0001-91,2024-12-31
6976,22691 - XP SELECTION FII,30.983.020/0001-90,29/02/2024,Fundos de Investimentos Imobiliário,-,XP INVESTIMENTOS CCTVM S.A.,XP VISTA ASSET MANAGEMENT LTDA.,374866895.87,8.65700623,Renda Variável,CPTS11,FII CAPI SECCI,2099-12-01 00:00:00,2768150.0,23584638.0,6.291469921680924,2024-02-29,30.983.020/0001-90,XP SELECTION FUNDO DE FUNDOS DE INVESTIMENTO IMOBILIÁRIO - FII,XP SELECTION FUNDO DE FUNDOS DE INVESTIMENTO IMOBILIÁRIO - FII,FII,FECHADO,GERAL,XP VISTA ASSET MANAGMENT LTDA.,16.789.525/0001-98,OLIVEIRA TRUST DTVM S.A.,36.113.876/0001-91,2024-12-31
6977,22691 - XP SELECTION FII,30.983.020/0001-90,29/02/2024,Fundos de Investimentos Imobiliário,-,XP INVESTIMENTOS CCTVM S.A.,XP VISTA ASSET MANAGEMENT LTDA.,374866895.87,8.65700623,Renda Variável,PVBI11,FII VBI PRI CI,2099-12-01 00:00:00,8416.0,866595.52,0.23117419263943925,2024-02-29,30.983.020/0001-90,XP SELECTION FUNDO DE FUNDOS DE INVESTIMENTO IMOBILIÁRIO - FII,XP SELECTION FUNDO DE FUNDOS DE INVESTIMENTO IMOBILIÁRIO - FII,FII,FECHADO,GERAL,XP VISTA ASSET MANAGMENT LTDA.,16.789.525/0001-98,OLIVEIRA TRUST DTVM S.A.,36.113.876/0001-91,2024-12-31
6978,22691 - XP SELECTION FII,30.983.020/0001-90,29/02/2024,Fundos de Investimentos Imobiliário,-,XP INVESTIMENTOS CCTVM S.A.,XP VISTA ASSET MANAGEMENT LTDA.,374866895.87,8.65700623,Renda Variável,XPCI11,FII XP CRED CI,2099-12-01 00:00:00,135612.0,12054550.68,3.2156882383608485,2024-02-29,30.983.020/0001-90,XP SELECTION FUNDO DE FUNDOS DE INVESTIMENTO IMOBILIÁRIO - FII,XP SELECTION FUNDO DE FUNDOS DE INVESTIMENTO IMOBILIÁRIO - FII,FII,FECHADO,GERAL,XP VISTA ASSET MANAGMENT LTDA.,16.789.525/0001-98,OLIVEIRA TRUST DTVM S.A.,36.113.876/0001-91,2024-12-31
6979,22691 - XP SELECTION FII,30.983.020/0001-90,29/02/2024,Fundos de Investimentos Imobiliário,-,XP INVESTIMENTOS CCTVM S.A.,XP VISTA ASSET MANAGEMENT LTDA.,374866895.87,8.65700623,Renda Variável,VINO11,FII VINCI OFCI,2099-12-01 00:00:00,1010325.0,7506714.75,2.002501376542796,2024-02-29,30.983.020/0001-90,XP SELECTION FUNDO DE FUNDOS DE INVESTIMENTO IMOBILIÁRIO - FII,XP SELECTION FUNDO DE FUNDOS DE INVESTIMENTO IMOBILIÁRIO - FII,FII,FECHADO,GERAL,XP VISTA ASSET MANAGMENT LTDA.,16.789.525/0001-98,OLIVEIRA TRUST DTVM S.A.,36.113.876/0001-91,2024-12-31
6980,22691 - XP SELECTION FII,30.983.020/0001-90,29/02/2024,Fundos de Investimentos Imobiliário,-,XP INVESTIMENTOS CCTVM S.A.,XP VISTA ASSET MANAGEMENT LTDA.,374866895.87,8.65700623,Renda Variável,SPVJ11,FII S VAREJOCI  ERS,2099-12-01 00:00:00,75117.0,8724393.93,2.327331121024229,2024-02-29,30.983.020/0001-90,XP SELECTION FUNDO DE FUNDOS DE INVESTIMENTO IMOBILIÁRIO - FII,XP SELECTION FUNDO DE FUNDOS DE INVESTIMENTO IMOBILIÁRIO - FII,FII,FECHADO,GERAL,XP VISTA ASSET MANAGMENT LTDA.,16.789.525/0001-98,OLIVEIRA TRUST DTVM S.A.,36.113.876/0001-91,2024-12-31
7001,32781 - TG REAL ESTATE FII,44.625.562/0001-04,29/02/2024,Fundos de Investimentos Imobiliário,BR0B4QCTF006,XP INVESTIMENTOS CCTVM S.A.,TG CORE ASSET LTDA,945434442.55,9.74231437,Renda Variável,HGIC11,FII HGI CRI CI,2099-12-01 00:00:00,353693.0,37120080.35,3.926245827249612,2024-02-29,44.625.562/0001-04,FUNDO DE INVESTIMENTO IMOBILIARIO TG REAL ESTATE,FUNDO DE INVESTIMENTO IMOBILIARIO TG REAL ESTATE,FII,FECHADO,QUALIFICADO,TG CORE ASSET LTDA,13.194.316/0001-03,OLIVEIRA TRUST DTVM S.A.,36.113.876/0001-91,2024-12-31
7002,32781 - TG REAL ESTATE FII,44.625.562/0001-04,29/02/2024,Fundos de Investimentos Imobiliário,BR0B4QCTF006,XP INVESTIMENTOS CCTVM S.A.,TG CORE ASSET LTDA,945434442.55,9.74231437,Renda Variável,RBHG15,RBHG15,2099-12-01 00:00:00,22054.0,2011104.26,0.21271747352208836,2024-02-29,44.625.562/0001-04,FUNDO DE INVESTIMENTO IMOBILIARIO TG REAL ESTATE,FUNDO DE INVESTIMENTO IMOBILIARIO TG REAL ESTATE,FII,FECHADO,QUALIFICADO,TG CORE ASSET LTDA,13.194.316/0001-03,OLIVEIRA TRUST DTVM S.A.,36.113.876/0001-91,2024-12-31
7003,32781 - TG REAL ESTATE FII,44.625.562/0001-04,29/02/2024,Fundos de Investimentos Imobiliário,BR0B4QCTF006,XP INVESTIMENTOS CCTVM S.A.,TG CORE ASSET LTDA,945434442.55,9.74231437,Renda Variável,SNME11,FII SNME    CI,2099-12-01 00:00:00,748307.0,7490553.07,0.7922868823983908,2024-02-29,44.625.562/0001-04,FUNDO DE INVESTIMENTO IMOBILIARIO TG REAL ESTATE,FUNDO DE INVESTIMENTO IMOBILIARIO TG REAL ESTATE,FII,FECHADO,QUALIFICADO,TG CORE ASSET LTDA,13.194.316/0001-03,OLIVEIRA TRUST DTVM S.A.,36.113.876/0001-91,2024-12-31
7004,32781 - TG REAL ESTATE FII,44.625.562/0001-04,29/02/2024,Fundos de Investimentos Imobiliário,BR0B4QCTF006,XP INVESTIMENTOS CCTVM S.A.,TG CORE ASSET LTDA,945434442.55,9.74231437,Renda Variável,ARXD11,FII ARXD R  CI,2099-12-01 00:00:00,59563.0,5676353.9,0.6003963516169237,2024-02-29,44.625.562/0001-04,FUNDO DE INVESTIMENTO IMOBILIARIO TG REAL ESTATE,FUNDO DE INVESTIMENTO IMOBILIARIO TG REAL ESTATE,FII,FECHADO,QUALIFICADO,TG CORE ASSET LTDA,13.194.316/0001-03,OLIVEIRA TRUST DTVM S.A.,36.113.876/0001-91,2024-12-31
7005,32781 - TG REAL ESTATE FII,44.625.562/0001-04,29/02/2024,Fundos de Investimentos Imobiliário,BR0B4QCTF006,XP INVESTIMENTOS CCTVM S.A.,TG CORE ASSET LTDA,945434442.55,9.74231437,Renda Variável,LSPA11,FII LESTE PACI  ER,2099-12-01 00:00:00,40047.0,4164888.0,0.44052636677447227,2024-02-29,44.625.562/0001-04,FUNDO DE INVESTIMENTO IMOBILIARIO TG REAL ESTATE,FUNDO DE INVESTIMENTO IMOBILIARIO TG REAL ESTATE,FII,FECHADO,QUALIFICADO,TG CORE ASSET LTDA,13.194.316/0001-03,OLIVEIRA TRUST DTVM S.A.,36.113.876/0001-91,2024-12-31
7006,32781 - TG REAL ESTATE FII,44.625.562/0001-04,29/02/2024,Fundos de Investimentos Imobiliário,BR0B4QCTF006,XP INVESTIMENTOS CCTVM S.A.,TG CORE ASSET LTDA,945434442.55,9.74231437,Renda Variável,MANA11,FII MANATI  CI,2099-12-01 00:00:00,544678.0,5201674.9,0.5501888513782283,2024-02-29,44.625.562/0001-04,FUNDO DE INVESTIMENTO IMOBILIARIO TG REAL ESTATE,FUNDO DE INVESTIMENTO IMOBILIARIO TG REAL ESTATE,FII,FECHADO,QUALIFICADO,TG CORE ASSET LTDA,13.194.316/0001-03,OLIVEIRA TRUST DTVM S.A.,36.113.876/0001-91,2024-12-31
7007,32781 - TG REAL ESTATE FII,44.625.562/0001-04,29/02/2024,Fundos de Investimentos Imobiliário,BR0B4QCTF006,XP INVESTIMENTOS CCTVM S.A.,TG CORE ASSET LTDA,945434442.55,9.74231437,Renda Variável,RBRY11,FII RBR PCRICI,2099-12-01 00:00:00,58219.0,5808509.63,0.6143746587371459,2024-02-29,44.625.562/0001-04,FUNDO DE INVESTIMENTO IMOBILIARIO TG REAL ESTATE,FUNDO DE INVESTIMENTO IMOBILIARIO TG REAL ESTATE,FII,FECHADO,QUALIFICADO,TG CORE ASSET LTDA,13.194.316/0001-03,OLIVEIRA TRUST DTVM S.A.,36.113.876/0001-91,2024-12-31
7008,32781 - TG REAL ESTATE FII,44.625.562/0001-04,29/02/2024,Fundos de Investimentos Imobiliário,BR0B4QCTF006,XP INVESTIMENTOS CCTVM S.A.,TG CORE ASSET LTDA,945434442.55,9.74231437,Renda Variável,KIVO11,FII KIVO    CI,2099-12-01 00:00:00,29715.0,2725162.65,0.28824448606396924,2024-02-29,44.625.562/0001-04,FUNDO DE INVESTIMENTO IMOBILIARIO TG REAL ESTATE,FUNDO DE INVESTIMENTO IMOBILIARIO TG REAL ESTATE,FII,FECHADO,QUALIFICADO,TG CORE ASSET LTDA,13.194.316/0001-03,OLIVEIRA TRUST DTVM S.A.,36.113.876/0001-91,2024-12-31
7009,32781 - TG REAL ESTATE FII,44.625.562/0001-04,29/02/2024,Fundos de Investimentos Imobiliário,BR0B4QCTF006,XP INVESTIMENTOS CCTVM S.A.,TG CORE ASSET LTDA,945434442.55,9.74231437,Renda Variável,EQIR11,FII EQI RECECI  ER,2099-12-01 00:00:00,494149.0,4452282.49,0.47092450725524926,2024-02-29,44.625.562/0001-04,FUNDO DE INVESTIMENTO IMOBILIARIO TG REAL ESTATE,FUNDO DE INVESTIMENTO IMOBILIARIO TG REAL ESTATE,FII,FECHADO,QUALIFICADO,TG CORE ASSET LTDA,13.194.316/0001-03,OLIVEIRA TRUST DTVM S.A.,36.113.876/0001-91,2024-12-31
7010,32781 - TG REAL ESTATE FII,44.625.562/0001-04,29/02/2024,Fundos de Investimentos Imobiliário,BR0B4QCTF006,XP INVESTIMENTOS CCTVM S.A.,TG CORE ASSET LTDA,945434442.55,9.74231437,Renda Variável,TGRE LOTEAMENTOS,TGLT,2099-12-01 00:00:00,620000000.0,632761341.58,66.9281034307713,2024-02-29,44.625.562/0001-04,FUNDO DE INVESTIMENTO IMOBILIARIO TG REAL ESTATE,FUNDO DE INVESTIMENTO IMOBILIARIO TG REAL ESTATE,FII,FECHADO,QUALIFICADO,TG CORE ASSET LTDA,13.194.316/0001-03,OLIVEIRA TRUST DTVM S.A.,36.113.876/0001-91,2024-12-31
7011,32781 - TG REAL ESTATE FII,44.625.562/0001-04,29/02/2024,Fundos de Investimentos Imobiliário,BR0B4QCTF006,XP INVESTIMENTOS CCTVM S.A.,TG CORE ASSET LTDA,945434442.55,9.74231437,Renda Variável,TGRE INCORPORACOES,TGLT,2099-12-01 00:00:00,160000000.0,154708240.8,16.363719559732264,2024-02-29,44.625.562/0001-04,FUNDO DE INVESTIMENTO IMOBILIARIO TG REAL ESTATE,FUNDO DE INVESTIMENTO IMOBILIARIO TG REAL ESTATE,FII,FECHADO,QUALIFICADO,TG CORE ASSET LTDA,13.194.316/0001-03,OLIVEIRA TRUST DTVM S.A.,36.113.876/0001-91,2024-12-31
7012,32781 - TG REAL ESTATE FII,44.625.562/0001-04,29/02/2024,Fundos de Investimentos Imobiliário,BR0B4QCTF006,XP INVESTIMENTOS CCTVM S.A.,TG CORE ASSET LTDA,945434442.55,9.74231437,Renda Variável,TGRE SHARE,TGLT,2099-12-01 00:00:00,100000000.0,102123035.6,10.801704592499988,2024-02-29,44.625.562/0001-04,FUNDO DE INVESTIMENTO IMOBILIARIO TG REAL ESTATE,FUNDO DE INVESTIMENTO IMOBILIARIO TG REAL ESTATE,FII,FECHADO,QUALIFICADO,TG CORE ASSET LTDA,13.194.316/0001-03,OLIVEIRA TRUST DTVM S.A.,36.113.876/0001-91,2024-12-31
7013,32781 - TG REAL ESTATE FII,44.625.562/0001-04,29/02/2024,Fundos de Investimentos Imobiliário,BR0B4QCTF006,XP INVESTIMENTOS CCTVM S.A.,TG CORE ASSET LTDA,945434442.55,9.74231437,Renda Variável,TGRE LAND,TGLT,2099-12-01 00:00:00,50000000.0,49909918.6,5.279045944781145,2024-02-29,44.625.562/0001-04,FUNDO DE INVESTIMENTO IMOBILIARIO TG REAL ESTATE,FUNDO DE INVESTIMENTO IMOBILIARIO TG REAL ESTATE,FII,FECHADO,QUALIFICADO,TG CORE ASSET LTDA,13.194.316/0001-03,OLIVEIRA TRUST DTVM S.A.,36.113.876/0001-91,2024-12-31
7014,32781 - TG REAL ESTATE FII,44.625.562/0001-04,29/02/2024,Fundos de Investimentos Imobiliário,BR0B4QCTF006,XP INVESTIMENTOS CCTVM S.A.,TG CORE ASSET LTDA,945434442.55,9.74231437,Renda Variável,TGRE MALL,TGLT,2099-12-01 00:00:00,49139225.0,46107055.31,4.8768114672913025,2024-02-29,44.625.562/0001-04,FUNDO DE INVESTIMENTO IMOBILIARIO TG REAL ESTATE,FUNDO DE INVESTIMENTO IMOBILIARIO TG REAL ESTATE,FII,FECHADO,QUALIFICADO,TG CORE ASSET LTDA,13.194.316/0001-03,OLIVEIRA TRUST DTVM S.A.,36.113.876/0001-91,2024-12-31
7160,22691 - XP SELECTION FII,30.983.020/0001-90,29/02/2024,Fundos de Investimentos Imobiliário,-,XP INVESTIMENTOS CCTVM S.A.,XP VISTA ASSET MANAGEMENT LTDA.,374866895.87,8.65700623,Dinheiro,Caixa,n/a,2099-12-01 00:00:00,1.0,87.25,2.3274927970768964e-05,2024-02-29,30.983.020/0001-90,XP SELECTION FUNDO DE FUNDOS DE INVESTIMENTO IMOBILIÁRIO - FII,XP SELECTION FUNDO DE FUNDOS DE INVESTIMENTO IMOBILIÁRIO - FII,FII,FECHADO,GERAL,XP VISTA ASSET MANAGMENT LTDA.,16.789.525/0001-98,OLIVEIRA TRUST DTVM S.A.,36.113.876/0001-91,2024-12-31
7173,32781 - TG REAL ESTATE FII,44.625.562/0001-04,29/02/2024,Fundos de Investimentos Imobiliário,BR0B4QCTF006,XP INVESTIMENTOS CCTVM S.A.,TG CORE ASSET LTDA,945434442.55,9.74231437,Dinheiro,Caixa,n/a,2099-12-01 00:00:00,1.0,100.0,1.0577147975515122e-05,2024-02-29,44.625.562/0001-04,FUNDO DE INVESTIMENTO IMOBILIARIO TG REAL ESTATE,FUNDO DE INVESTIMENTO IMOBILIARIO TG REAL ESTATE,FII,FECHADO,QUALIFICADO,TG CORE ASSET LTDA,13.194.316/0001-03,OLIVEIRA TRUST DTVM S.A.,36.113.876/0001-91,2024-12-31
7253,22691 - XP SELECTION FII,30.983.020/0001-90,28/03/2024,Fundos de Investimentos Imobiliário,-,XP INVESTIMENTOS CCTVM S.A.,XP VISTA ASSET MANAGEMENT LTDA.,375670406.62,8.67556214,Renda Fixa | Definitiva,21K0938631,BARIGUI SECURITIZADORA S.A.,20/11/2024,2970.0,1275399.74758481,0.3394996585064814,2024-03-28,30.983.020/0001-90,XP SELECTION FUNDO DE FUNDOS DE INVESTIMENTO IMOBILIÁRIO - FII,XP SELECTION FUNDO DE FUNDOS DE INVESTIMENTO IMOBILIÁRIO - FII,FII,FECHADO,GERAL,XP VISTA ASSET MANAGMENT LTDA.,16.789.525/0001-98,OLIVEIRA TRUST DTVM S.A.,36.113.876/0001-91,2024-12-31
7254,22691 - XP SELECTION FII,30.983.020/0001-90,28/03/2024,Fundos de Investimentos Imobiliário,-,XP INVESTIMENTOS CCTVM S.A.,XP VISTA ASSET MANAGEMENT LTDA.,375670406.62,8.67556214,Renda Fixa | Definitiva,20D1006203,TRUE SECURITIZADORA S.A.,03/05/2032,9196.0,8894800.923276957,2.3677140297809696,2024-03-28,30.983.020/0001-90,XP SELECTION FUNDO DE FUNDOS DE INVESTIMENTO IMOBILIÁRIO - FII,XP SELECTION FUNDO DE FUNDOS DE INVESTIMENTO IMOBILIÁRIO - FII,FII,FECHADO,GERAL,XP VISTA ASSET MANAGMENT LTDA.,16.789.525/0001-98,OLIVEIRA TRUST DTVM S.A.,36.113.876/0001-91,2024-12-31
7255,22691 - XP SELECTION FII,30.983.020/0001-90,28/03/2024,Fundos de Investimentos Imobiliário,-,XP INVESTIMENTOS CCTVM S.A.,XP VISTA ASSET MANAGEMENT LTDA.,375670406.62,8.67556214,Renda Fixa | Definitiva,20D1006203,TRUE SECURITIZADORA S.A.,03/05/2032,1023.0,989493.404144446,0.2633940248440552,2024-03-28,30.983.020/0001-90,XP SELECTION FUNDO DE FUNDOS DE INVESTIMENTO IMOBILIÁRIO - FII,XP SELECTION FUNDO DE FUNDOS DE INVESTIMENTO IMOBILIÁRIO - FII,FII,FECHADO,GERAL,XP VISTA ASSET MANAGMENT LTDA.,16.789.525/0001-98,OLIVEIRA TRUST DTVM S.A.,36.113.876/0001-91,2024-12-31
7256,22691 - XP SELECTION FII,30.983.020/0001-90,28/03/2024,Fundos de Investimentos Imobiliário,-,XP INVESTIMENTOS CCTVM S.A.,XP VISTA ASSET MANAGEMENT LTDA.,375670406.62,8.67556214,Renda Fixa | Definitiva,21K0938631,BARIGUI SECURITIZADORA S.A.,20/11/2024,10913.0,4686342.574206408,1.247461203124994,2024-03-28,30.983.020/0001-90,XP SELECTION FUNDO DE FUNDOS DE INVESTIMENTO IMOBILIÁRIO - FII,XP SELECTION FUNDO DE FUNDOS DE INVESTIMENTO IMOBILIÁRIO - FII,FII,FECHADO,GERAL,XP VISTA ASSET MANAGMENT LTDA.,16.789.525/0001-98,OLIVEIRA TRUST DTVM S.A.,36.113.876/0001-91,2024-12-31
7316,32781 - TG REAL ESTATE FII,44.625.562/0001-04,28/03/2024,Fundos de Investimentos Imobiliário,BR0B4QCTF006,XP INVESTIMENTOS CCTVM S.A.,TG CORE ASSET LTDA,928248824.89,9.56522363,Renda Fixa | Definitiva,21A0608480,VIRGO COMPANHIA DE SECURITIZAÇÃO,20/01/2026,3300.0,3596684.847466194,0.3874699058081125,2024-03-28,44.625.562/0001-04,FUNDO DE INVESTIMENTO IMOBILIARIO TG REAL ESTATE,FUNDO DE INVESTIMENTO IMOBILIARIO TG REAL ESTATE,FII,FECHADO,QUALIFICADO,TG CORE ASSET LTDA,13.194.316/0001-03,OLIVEIRA TRUST DTVM S.A.,36.113.876/0001-91,2024-12-31
7317,32781 - TG REAL ESTATE FII,44.625.562/0001-04,28/03/2024,Fundos de Investimentos Imobiliário,BR0B4QCTF006,XP INVESTIMENTOS CCTVM S.A.,TG CORE ASSET LTDA,928248824.89,9.56522363,Renda Fixa | Definitiva,20D0995632,Forte Securitizadora SA,20/06/2029,3955.0,3238733.782734605,0.3489079324305532,2024-03-28,44.625.562/0001-04,FUNDO DE INVESTIMENTO IMOBILIARIO TG REAL ESTATE,FUNDO DE INVESTIMENTO IMOBILIARIO TG REAL ESTATE,FII,FECHADO,QUALIFICADO,TG CORE ASSET LTDA,13.194.316/0001-03,OLIVEIRA TRUST DTVM S.A.,36.113.876/0001-91,2024-12-31
7318,32781 - TG REAL ESTATE FII,44.625.562/0001-04,28/03/2024,Fundos de Investimentos Imobiliário,BR0B4QCTF006,XP INVESTIMENTOS CCTVM S.A.,TG CORE ASSET LTDA,928248824.89,9.56522363,Renda Fixa | Definitiva,21C0528435,VIRGO COMPANHIA DE SECURITIZAÇÃO,20/01/2032,2571.0,1472176.003643003,0.15859713087355212,2024-03-28,44.625.562/0001-04,FUNDO DE INVESTIMENTO IMOBILIARIO TG REAL ESTATE,FUNDO DE INVESTIMENTO IMOBILIARIO TG REAL ESTATE,FII,FECHADO,QUALIFICADO,TG CORE ASSET LTDA,13.194.316/0001-03,OLIVEIRA TRUST DTVM S.A.,36.113.876/0001-91,2024-12-31
7319,32781 - TG REAL ESTATE FII,44.625.562/0001-04,28/03/2024,Fundos de Investimentos Imobiliário,BR0B4QCTF006,XP INVESTIMENTOS CCTVM S.A.,TG CORE ASSET LTDA,928248824.89,9.56522363,Renda Fixa | Definitiva,21C0775913,VIRGO COMPANHIA DE SECURITIZAÇÃO,20/06/2024,2000.0,2418085.53508512,0.2604997141118568,2024-03-28,44.625.562/0001-04,FUNDO DE INVESTIMENTO IMOBILIARIO TG REAL ESTATE,FUNDO DE INVESTIMENTO IMOBILIARIO TG REAL ESTATE,FII,FECHADO,QUALIFICADO,TG CORE ASSET LTDA,13.194.316/0001-03,OLIVEIRA TRUST DTVM S.A.,36.113.876/0001-91,2024-12-31
7320,32781 - TG REAL ESTATE FII,44.625.562/0001-04,28/03/2024,Fundos de Investimentos Imobiliário,BR0B4QCTF006,XP INVESTIMENTOS CCTVM S.A.,TG CORE ASSET LTDA,928248824.89,9.56522363,Renda Fixa | Definitiva,21C0775913,VIRGO COMPANHIA DE SECURITIZAÇÃO,20/06/2024,2200.0,2659894.088593632,0.28654968552304244,2024-03-28,44.625.562/0001-04,FUNDO DE INVESTIMENTO IMOBILIARIO TG REAL ESTATE,FUNDO DE INVESTIMENTO IMOBILIARIO TG REAL ESTATE,FII,FECHADO,QUALIFICADO,TG CORE ASSET LTDA,13.194.316/0001-03,OLIVEIRA TRUST DTVM S.A.,36.113.876/0001-91,2024-12-31
7321,32781 - TG REAL ESTATE FII,44.625.562/0001-04,28/03/2024,Fundos de Investimentos Imobiliário,BR0B4QCTF006,XP INVESTIMENTOS CCTVM S.A.,TG CORE ASSET LTDA,928248824.89,9.56522363,Renda Fixa | Definitiva,21C0822819,VIRGO COMPANHIA DE SECURITIZAÇÃO,20/01/2032,2422.0,1758557.067548883,0.1894488870219983,2024-03-28,44.625.562/0001-04,FUNDO DE INVESTIMENTO IMOBILIARIO TG REAL ESTATE,FUNDO DE INVESTIMENTO IMOBILIARIO TG REAL ESTATE,FII,FECHADO,QUALIFICADO,TG CORE ASSET LTDA,13.194.316/0001-03,OLIVEIRA TRUST DTVM S.A.,36.113.876/0001-91,2024-12-31
7322,32781 - TG REAL ESTATE FII,44.625.562/0001-04,28/03/2024,Fundos de Investimentos Imobiliário,BR0B4QCTF006,XP INVESTIMENTOS CCTVM S.A.,TG CORE ASSET LTDA,928248824.89,9.56522363,Renda Fixa | Definitiva,21C0830879,VIRGO COMPANHIA DE SECURITIZAÇÃO,20/01/2032,235.0,172170.5381227681,0.018547886461711467,2024-03-28,44.625.562/0001-04,FUNDO DE INVESTIMENTO IMOBILIARIO TG REAL ESTATE,FUNDO DE INVESTIMENTO IMOBILIARIO TG REAL ESTATE,FII,FECHADO,QUALIFICADO,TG CORE ASSET LTDA,13.194.316/0001-03,OLIVEIRA TRUST DTVM S.A.,36.113.876/0001-91,2024-12-31
7323,32781 - TG REAL ESTATE FII,44.625.562/0001-04,28/03/2024,Fundos de Investimentos Imobiliário,BR0B4QCTF006,XP INVESTIMENTOS CCTVM S.A.,TG CORE ASSET LTDA,928248824.89,9.56522363,Renda Fixa | Definitiva,22D0749868,BARIGUI SECURITIZADORA S.A.,15/05/2032,3382.0,1158592.310376445,0.12481484267041668,2024-03-28,44.625.562/0001-04,FUNDO DE INVESTIMENTO IMOBILIARIO TG REAL ESTATE,FUNDO DE INVESTIMENTO IMOBILIARIO TG REAL ESTATE,FII,FECHADO,QUALIFICADO,TG CORE ASSET LTDA,13.194.316/0001-03,OLIVEIRA TRUST DTVM S.A.,36.113.876/0001-91,2024-12-31
7324,32781 - TG REAL ESTATE FII,44.625.562/0001-04,28/03/2024,Fundos de Investimentos Imobiliário,BR0B4QCTF006,XP INVESTIMENTOS CCTVM S.A.,TG CORE ASSET LTDA,928248824.89,9.56522363,Renda Fixa | Definitiva,22G0893940,VIRGO COMPANHIA DE SECURITIZAÇÃO,23/06/2027,4300.0,4505337.348294305,0.48535879900825074,2024-03-28,44.625.562/0001-04,FUNDO DE INVESTIMENTO IMOBILIARIO TG REAL ESTATE,FUNDO DE INVESTIMENTO IMOBILIARIO TG REAL ESTATE,FII,FECHADO,QUALIFICADO,TG CORE ASSET LTDA,13.194.316/0001-03,OLIVEIRA TRUST DTVM S.A.,36.113.876/0001-91,2024-12-31
7325,32781 - TG REAL ESTATE FII,44.625.562/0001-04,28/03/2024,Fundos de Investimentos Imobiliário,BR0B4QCTF006,XP INVESTIMENTOS CCTVM S.A.,TG CORE ASSET LTDA,928248824.89,9.56522363,Renda Fixa | Definitiva,22H1237592,VIRGO COMPANHIA DE SECURITIZAÇÃO,21/07/2027,5300.0,5155597.034938945,0.5554111027880804,2024-03-28,44.625.562/0001-04,FUNDO DE INVESTIMENTO IMOBILIARIO TG REAL ESTATE,FUNDO DE INVESTIMENTO IMOBILIARIO TG REAL ESTATE,FII,FECHADO,QUALIFICADO,TG CORE ASSET LTDA,13.194.316/0001-03,OLIVEIRA TRUST DTVM S.A.,36.113.876/0001-91,2024-12-31
7326,32781 - TG REAL ESTATE FII,44.625.562/0001-04,28/03/2024,Fundos de Investimentos Imobiliário,BR0B4QCTF006,XP INVESTIMENTOS CCTVM S.A.,TG CORE ASSET LTDA,928248824.89,9.56522363,Renda Fixa | Definitiva,22I0351637,VIRGO COMPANHIA DE SECURITIZAÇÃO,21/01/2026,4500.0,4863509.386563284,0.5239445778064544,2024-03-28,44.625.562/0001-04,FUNDO DE INVESTIMENTO IMOBILIARIO TG REAL ESTATE,FUNDO DE INVESTIMENTO IMOBILIARIO TG REAL ESTATE,FII,FECHADO,QUALIFICADO,TG CORE ASSET LTDA,13.194.316/0001-03,OLIVEIRA TRUST DTVM S.A.,36.113.876/0001-91,2024-12-31
7327,32781 - TG REAL ESTATE FII,44.625.562/0001-04,28/03/2024,Fundos de Investimentos Imobiliário,BR0B4QCTF006,XP INVESTIMENTOS CCTVM S.A.,TG CORE ASSET LTDA,928248824.89,9.56522363,Renda Fixa | Definitiva,22I1290893,VIRGO COMPANHIA DE SECURITIZAÇÃO,22/10/2025,5000.0,5368446.57780725,0.5783413276546217,2024-03-28,44.625.562/0001-04,FUNDO DE INVESTIMENTO IMOBILIARIO TG REAL ESTATE,FUNDO DE INVESTIMENTO IMOBILIARIO TG REAL ESTATE,FII,FECHADO,QUALIFICADO,TG CORE ASSET LTDA,13.194.316/0001-03,OLIVEIRA TRUST DTVM S.A.,36.113.876/0001-91,2024-12-31
7328,32781 - TG REAL ESTATE FII,44.625.562/0001-04,28/03/2024,Fundos de Investimentos Imobiliário,BR0B4QCTF006,XP INVESTIMENTOS CCTVM S.A.,TG CORE ASSET LTDA,928248824.89,9.56522363,Renda Fixa | Definitiva,22I1290978,VIRGO COMPANHIA DE SECURITIZAÇÃO,22/10/2025,4000.0,4168855.80700212,0.4491097317032576,2024-03-28,44.625.562/0001-04,FUNDO DE INVESTIMENTO IMOBILIARIO TG REAL ESTATE,FUNDO DE INVESTIMENTO IMOBILIARIO TG REAL ESTATE,FII,FECHADO,QUALIFICADO,TG CORE ASSET LTDA,13.194.316/0001-03,OLIVEIRA TRUST DTVM S.A.,36.113.876/0001-91,2024-12-31
7329,32781 - TG REAL ESTATE FII,44.625.562/0001-04,28/03/2024,Fundos de Investimentos Imobiliário,BR0B4QCTF006,XP INVESTIMENTOS CCTVM S.A.,TG CORE ASSET LTDA,928248824.89,9.56522363,Renda Fixa | Definitiva,22J1206765,BARIGUI SECURITIZADORA S.A.,20/10/2031,1161.0,1154095.385043971,0.12433039009564428,2024-03-28,44.625.562/0001-04,FUNDO DE INVESTIMENTO IMOBILIARIO TG REAL ESTATE,FUNDO DE INVESTIMENTO IMOBILIARIO TG REAL ESTATE,FII,FECHADO,QUALIFICADO,TG CORE ASSET LTDA,13.194.316/0001-03,OLIVEIRA TRUST DTVM S.A.,36.113.876/0001-91,2024-12-31
7330,32781 - TG REAL ESTATE FII,44.625.562/0001-04,28/03/2024,Fundos de Investimentos Imobiliário,BR0B4QCTF006,XP INVESTIMENTOS CCTVM S.A.,TG CORE ASSET LTDA,928248824.89,9.56522363,Renda Fixa | Definitiva,22L0344492,VIRGO COMPANHIA DE SECURITIZAÇÃO,20/12/2034,2500.0,2462644.120249325,0.2652999986874376,2024-03-28,44.625.562/0001-04,FUNDO DE INVESTIMENTO IMOBILIARIO TG REAL ESTATE,FUNDO DE INVESTIMENTO IMOBILIARIO TG REAL ESTATE,FII,FECHADO,QUALIFICADO,TG CORE ASSET LTDA,13.194.316/0001-03,OLIVEIRA TRUST DTVM S.A.,36.113.876/0001-91,2024-12-31
7331,32781 - TG REAL ESTATE FII,44.625.562/0001-04,28/03/2024,Fundos de Investimentos Imobiliário,BR0B4QCTF006,XP INVESTIMENTOS CCTVM S.A.,TG CORE ASSET LTDA,928248824.89,9.56522363,Renda Fixa | Definitiva,20F0851404,Forte Securitizadora SA,20/08/2029,782.0,433784.533662602,0.04673149289620772,2024-03-28,44.625.562/0001-04,FUNDO DE INVESTIMENTO IMOBILIARIO TG REAL ESTATE,FUNDO DE INVESTIMENTO IMOBILIARIO TG REAL ESTATE,FII,FECHADO,QUALIFICADO,TG CORE ASSET LTDA,13.194.316/0001-03,OLIVEIRA TRUST DTVM S.A.,36.113.876/0001-91,2024-12-31
7332,32781 - TG REAL ESTATE FII,44.625.562/0001-04,28/03/2024,Fundos de Investimentos Imobiliário,BR0B4QCTF006,XP INVESTIMENTOS CCTVM S.A.,TG CORE ASSET LTDA,928248824.89,9.56522363,Renda Fixa | Definitiva,20F0851405,Forte Securitizadora SA,20/08/2029,1750.0,1051678.197188378,0.11329701357962987,2024-03-28,44.625.562/0001-04,FUNDO DE INVESTIMENTO IMOBILIARIO TG REAL ESTATE,FUNDO DE INVESTIMENTO IMOBILIARIO TG REAL ESTATE,FII,FECHADO,QUALIFICADO,TG CORE ASSET LTDA,13.194.316/0001-03,OLIVEIRA TRUST DTVM S.A.,36.113.876/0001-91,2024-12-31
7333,32781 - TG REAL ESTATE FII,44.625.562/0001-04,28/03/2024,Fundos de Investimentos Imobiliário,BR0B4QCTF006,XP INVESTIMENTOS CCTVM S.A.,TG CORE ASSET LTDA,928248824.89,9.56522363,Renda Fixa | Definitiva,20F0851406,Forte Securitizadora SA,20/08/2029,2850.0,1583640.536763993,0.17060517549824628,2024-03-28,44.625.562/0001-04,FUNDO DE INVESTIMENTO IMOBILIARIO TG REAL ESTATE,FUNDO DE INVESTIMENTO IMOBILIARIO TG REAL ESTATE,FII,FECHADO,QUALIFICADO,TG CORE ASSET LTDA,13.194.316/0001-03,OLIVEIRA TRUST DTVM S.A.,36.113.876/0001-91,2024-12-31
7334,32781 - TG REAL ESTATE FII,44.625.562/0001-04,28/03/2024,Fundos de Investimentos Imobiliário,BR0B4QCTF006,XP INVESTIMENTOS CCTVM S.A.,TG CORE ASSET LTDA,928248824.89,9.56522363,Renda Fixa | Definitiva,20F0851407,Forte Securitizadora SA,20/08/2029,1500.0,820556.75461929,0.0883983617987912,2024-03-28,44.625.562/0001-04,FUNDO DE INVESTIMENTO IMOBILIARIO TG REAL ESTATE,FUNDO DE INVESTIMENTO IMOBILIARIO TG REAL ESTATE,FII,FECHADO,QUALIFICADO,TG CORE ASSET LTDA,13.194.316/0001-03,OLIVEIRA TRUST DTVM S.A.,36.113.876/0001-91,2024-12-31
7335,32781 - TG REAL ESTATE FII,44.625.562/0001-04,28/03/2024,Fundos de Investimentos Imobiliário,BR0B4QCTF006,XP INVESTIMENTOS CCTVM S.A.,TG CORE ASSET LTDA,928248824.89,9.56522363,Renda Fixa | Definitiva,20F0851408,Forte Securitizadora SA,20/08/2029,1500.0,823450.3870450349,0.08871009205345518,2024-03-28,44.625.562/0001-04,FUNDO DE INVESTIMENTO IMOBILIARIO TG REAL ESTATE,FUNDO DE INVESTIMENTO IMOBILIARIO TG REAL ESTATE,FII,FECHADO,QUALIFICADO,TG CORE ASSET LTDA,13.194.316/0001-03,OLIVEIRA TRUST DTVM S.A.,36.113.876/0001-91,2024-12-31
7336,32781 - TG REAL ESTATE FII,44.625.562/0001-04,28/03/2024,Fundos de Investimentos Imobiliário,BR0B4QCTF006,XP INVESTIMENTOS CCTVM S.A.,TG CORE ASSET LTDA,928248824.89,9.56522363,Renda Fixa | Definitiva,20F0851409,Forte Securitizadora SA,20/08/2029,1800.0,976766.479028352,0.10522679402735592,2024-03-28,44.625.562/0001-04,FUNDO DE INVESTIMENTO IMOBILIARIO TG REAL ESTATE,FUNDO DE INVESTIMENTO IMOBILIARIO TG REAL ESTATE,FII,FECHADO,QUALIFICADO,TG CORE ASSET LTDA,13.194.316/0001-03,OLIVEIRA TRUST DTVM S.A.,36.113.876/0001-91,2024-12-31
7337,32781 - TG REAL ESTATE FII,44.625.562/0001-04,28/03/2024,Fundos de Investimentos Imobiliário,BR0B4QCTF006,XP INVESTIMENTOS CCTVM S.A.,TG CORE ASSET LTDA,928248824.89,9.56522363,Renda Fixa | Definitiva,20K0713315,VIRGO COMPANHIA DE SECURITIZAÇÃO,24/11/2025,944.0,5415763.680674338,0.5834387866115662,2024-03-28,44.625.562/0001-04,FUNDO DE INVESTIMENTO IMOBILIARIO TG REAL ESTATE,FUNDO DE INVESTIMENTO IMOBILIARIO TG REAL ESTATE,FII,FECHADO,QUALIFICADO,TG CORE ASSET LTDA,13.194.316/0001-03,OLIVEIRA TRUST DTVM S.A.,36.113.876/0001-91,2024-12-31
7338,32781 - TG REAL ESTATE FII,44.625.562/0001-04,28/03/2024,Fundos de Investimentos Imobiliário,BR0B4QCTF006,XP INVESTIMENTOS CCTVM S.A.,TG CORE ASSET LTDA,928248824.89,9.56522363,Renda Fixa | Definitiva,20K0713315,VIRGO COMPANHIA DE SECURITIZAÇÃO,24/11/2025,166.0,952348.2743558688,0.1025962273066949,2024-03-28,44.625.562/0001-04,FUNDO DE INVESTIMENTO IMOBILIARIO TG REAL ESTATE,FUNDO DE INVESTIMENTO IMOBILIARIO TG REAL ESTATE,FII,FECHADO,QUALIFICADO,TG CORE ASSET LTDA,13.194.316/0001-03,OLIVEIRA TRUST DTVM S.A.,36.113.876/0001-91,2024-12-31
7339,32781 - TG REAL ESTATE FII,44.625.562/0001-04,28/03/2024,Fundos de Investimentos Imobiliário,BR0B4QCTF006,XP INVESTIMENTOS CCTVM S.A.,TG CORE ASSET LTDA,928248824.89,9.56522363,Renda Fixa | Definitiva,21A0607973,VIRGO COMPANHIA DE SECURITIZAÇÃO,20/01/2026,3300.0,3966144.361070991,0.427271681334042,2024-03-28,44.625.562/0001-04,FUNDO DE INVESTIMENTO IMOBILIARIO TG REAL ESTATE,FUNDO DE INVESTIMENTO IMOBILIARIO TG REAL ESTATE,FII,FECHADO,QUALIFICADO,TG CORE ASSET LTDA,13.194.316/0001-03,OLIVEIRA TRUST DTVM S.A.,36.113.876/0001-91,2024-12-31
7340,32781 - TG REAL ESTATE FII,44.625.562/0001-04,28/03/2024,Fundos de Investimentos Imobiliário,BR0B4QCTF006,XP INVESTIMENTOS CCTVM S.A.,TG CORE ASSET LTDA,928248824.89,9.56522363,Renda Fixa | Definitiva,21C0775913,VIRGO COMPANHIA DE SECURITIZAÇÃO,20/06/2024,6000.0,7254256.60525536,0.7814991423355703,2024-03-28,44.625.562/0001-04,FUNDO DE INVESTIMENTO IMOBILIARIO TG REAL ESTATE,FUNDO DE INVESTIMENTO IMOBILIARIO TG REAL ESTATE,FII,FECHADO,QUALIFICADO,TG CORE ASSET LTDA,13.194.316/0001-03,OLIVEIRA TRUST DTVM S.A.,36.113.876/0001-91,2024-12-31
7341,32781 - TG REAL ESTATE FII,44.625.562/0001-04,28/03/2024,Fundos de Investimentos Imobiliário,BR0B4QCTF006,XP INVESTIMENTOS CCTVM S.A.,TG CORE ASSET LTDA,928248824.89,9.56522363,Renda Fixa | Definitiva,21D0503168,Forte Securitizadora SA,20/04/2028,2500.0,808128.740395625,0.08705949511882123,2024-03-28,44.625.562/0001-04,FUNDO DE INVESTIMENTO IMOBILIARIO TG REAL ESTATE,FUNDO DE INVESTIMENTO IMOBILIARIO TG REAL ESTATE,FII,FECHADO,QUALIFICADO,TG CORE ASSET LTDA,13.194.316/0001-03,OLIVEIRA TRUST DTVM S.A.,36.113.876/0001-91,2024-12-31
7342,32781 - TG REAL ESTATE FII,44.625.562/0001-04,28/03/2024,Fundos de Investimentos Imobiliário,BR0B4QCTF006,XP INVESTIMENTOS CCTVM S.A.,TG CORE ASSET LTDA,928248824.89,9.56522363,Renda Fixa | Definitiva,21F0930064,VIRGO COMPANHIA DE SECURITIZAÇÃO,20/06/2033,1000.0,770273.4776563,0.08298135769227388,2024-03-28,44.625.562/0001-04,FUNDO DE INVESTIMENTO IMOBILIARIO TG REAL ESTATE,FUNDO DE INVESTIMENTO IMOBILIARIO TG REAL ESTATE,FII,FECHADO,QUALIFICADO,TG CORE ASSET LTDA,13.194.316/0001-03,OLIVEIRA TRUST DTVM S.A.,36.113.876/0001-91,2024-12-31
7343,32781 - TG REAL ESTATE FII,44.625.562/0001-04,28/03/2024,Fundos de Investimentos Imobiliário,BR0B4QCTF006,XP INVESTIMENTOS CCTVM S.A.,TG CORE ASSET LTDA,928248824.89,9.56522363,Renda Fixa | Definitiva,21I0142395,Forte Securitizadora SA,20/05/2028,4000.0,2793188.29241632,0.30090943478946186,2024-03-28,44.625.562/0001-04,FUNDO DE INVESTIMENTO IMOBILIARIO TG REAL ESTATE,FUNDO DE INVESTIMENTO IMOBILIARIO TG REAL ESTATE,FII,FECHADO,QUALIFICADO,TG CORE ASSET LTDA,13.194.316/0001-03,OLIVEIRA TRUST DTVM S.A.,36.113.876/0001-91,2024-12-31
7344,32781 - TG REAL ESTATE FII,44.625.562/0001-04,28/03/2024,Fundos de Investimentos Imobiliário,BR0B4QCTF006,XP INVESTIMENTOS CCTVM S.A.,TG CORE ASSET LTDA,928248824.89,9.56522363,Renda Fixa | Definitiva,21I0142421,Forte Securitizadora SA,20/05/2028,1000.0,698528.0444692101,0.07525224118134353,2024-03-28,44.625.562/0001-04,FUNDO DE INVESTIMENTO IMOBILIARIO TG REAL ESTATE,FUNDO DE INVESTIMENTO IMOBILIARIO TG REAL ESTATE,FII,FECHADO,QUALIFICADO,TG CORE ASSET LTDA,13.194.316/0001-03,OLIVEIRA TRUST DTVM S.A.,36.113.876/0001-91,2024-12-31
7345,32781 - TG REAL ESTATE FII,44.625.562/0001-04,28/03/2024,Fundos de Investimentos Imobiliário,BR0B4QCTF006,XP INVESTIMENTOS CCTVM S.A.,TG CORE ASSET LTDA,928248824.89,9.56522363,Renda Fixa | Definitiva,21I0566608,HABITASEC SECURITIZADORA,24/09/2025,3298.0,184726.8965649705,0.019900579630344382,2024-03-28,44.625.562/0001-04,FUNDO DE INVESTIMENTO IMOBILIARIO TG REAL ESTATE,FUNDO DE INVESTIMENTO IMOBILIARIO TG REAL ESTATE,FII,FECHADO,QUALIFICADO,TG CORE ASSET LTDA,13.194.316/0001-03,OLIVEIRA TRUST DTVM S.A.,36.113.876/0001-91,2024-12-31
7346,32781 - TG REAL ESTATE FII,44.625.562/0001-04,28/03/2024,Fundos de Investimentos Imobiliário,BR0B4QCTF006,XP INVESTIMENTOS CCTVM S.A.,TG CORE ASSET LTDA,928248824.89,9.56522363,Renda Fixa | Definitiva,22B0581013,BARIGUI SECURITIZADORA S.A.,15/02/2032,436.0,293875.7432316256,0.031659155966769006,2024-03-28,44.625.562/0001-04,FUNDO DE INVESTIMENTO IMOBILIARIO TG REAL ESTATE,FUNDO DE INVESTIMENTO IMOBILIARIO TG REAL ESTATE,FII,FECHADO,QUALIFICADO,TG CORE ASSET LTDA,13.194.316/0001-03,OLIVEIRA TRUST DTVM S.A.,36.113.876/0001-91,2024-12-31
7347,32781 - TG REAL ESTATE FII,44.625.562/0001-04,28/03/2024,Fundos de Investimentos Imobiliário,BR0B4QCTF006,XP INVESTIMENTOS CCTVM S.A.,TG CORE ASSET LTDA,928248824.89,9.56522363,Renda Fixa | Definitiva,22B0581013,BARIGUI SECURITIZADORA S.A.,15/02/2032,8467.0,5706986.050326088,0.6148120953454891,2024-03-28,44.625.562/0001-04,FUNDO DE INVESTIMENTO IMOBILIARIO TG REAL ESTATE,FUNDO DE INVESTIMENTO IMOBILIARIO TG REAL ESTATE,FII,FECHADO,QUALIFICADO,TG CORE ASSET LTDA,13.194.316/0001-03,OLIVEIRA TRUST DTVM S.A.,36.113.876/0001-91,2024-12-31
7348,32781 - TG REAL ESTATE FII,44.625.562/0001-04,28/03/2024,Fundos de Investimentos Imobiliário,BR0B4QCTF006,XP INVESTIMENTOS CCTVM S.A.,TG CORE ASSET LTDA,928248824.89,9.56522363,Renda Fixa | Definitiva,22D0749868,BARIGUI SECURITIZADORA S.A.,15/05/2032,4764.0,1632032.456130509,0.1758184241519411,2024-03-28,44.625.562/0001-04,FUNDO DE INVESTIMENTO IMOBILIARIO TG REAL ESTATE,FUNDO DE INVESTIMENTO IMOBILIARIO TG REAL ESTATE,FII,FECHADO,QUALIFICADO,TG CORE ASSET LTDA,13.194.316/0001-03,OLIVEIRA TRUST DTVM S.A.,36.113.876/0001-91,2024-12-31
7349,32781 - TG REAL ESTATE FII,44.625.562/0001-04,28/03/2024,Fundos de Investimentos Imobiliário,BR0B4QCTF006,XP INVESTIMENTOS CCTVM S.A.,TG CORE ASSET LTDA,928248824.89,9.56522363,Renda Fixa | Definitiva,22F0636862,RB CAPITAL SECURITIZADORA S.A.,24/05/2028,718.0,514780.9975375072,0.055457220492415936,2024-03-28,44.625.562/0001-04,FUNDO DE INVESTIMENTO IMOBILIARIO TG REAL ESTATE,FUNDO DE INVESTIMENTO IMOBILIARIO TG REAL ESTATE,FII,FECHADO,QUALIFICADO,TG CORE ASSET LTDA,13.194.316/0001-03,OLIVEIRA TRUST DTVM S.A.,36.113.876/0001-91,2024-12-31
7350,32781 - TG REAL ESTATE FII,44.625.562/0001-04,28/03/2024,Fundos de Investimentos Imobiliário,BR0B4QCTF006,XP INVESTIMENTOS CCTVM S.A.,TG CORE ASSET LTDA,928248824.89,9.56522363,Renda Fixa | Definitiva,22H1237505,VIRGO COMPANHIA DE SECURITIZAÇÃO,21/07/2027,5000.0,4753418.3154511,0.5120844958801205,2024-03-28,44.625.562/0001-04,FUNDO DE INVESTIMENTO IMOBILIARIO TG REAL ESTATE,FUNDO DE INVESTIMENTO IMOBILIARIO TG REAL ESTATE,FII,FECHADO,QUALIFICADO,TG CORE ASSET LTDA,13.194.316/0001-03,OLIVEIRA TRUST DTVM S.A.,36.113.876/0001-91,2024-12-31
7351,32781 - TG REAL ESTATE FII,44.625.562/0001-04,28/03/2024,Fundos de Investimentos Imobiliário,BR0B4QCTF006,XP INVESTIMENTOS CCTVM S.A.,TG CORE ASSET LTDA,928248824.89,9.56522363,Renda Fixa | Definitiva,22H1237507,VIRGO COMPANHIA DE SECURITIZAÇÃO,21/07/2027,5000.0,4753218.6207864,0.5120629828267942,2024-03-28,44.625.562/0001-04,FUNDO DE INVESTIMENTO IMOBILIARIO TG REAL ESTATE,FUNDO DE INVESTIMENTO IMOBILIARIO TG REAL ESTATE,FII,FECHADO,QUALIFICADO,TG CORE ASSET LTDA,13.194.316/0001-03,OLIVEIRA TRUST DTVM S.A.,36.113.876/0001-91,2024-12-31
7352,32781 - TG REAL ESTATE FII,44.625.562/0001-04,28/03/2024,Fundos de Investimentos Imobiliário,BR0B4QCTF006,XP INVESTIMENTOS CCTVM S.A.,TG CORE ASSET LTDA,928248824.89,9.56522363,Renda Fixa | Definitiva,22H1237510,VIRGO COMPANHIA DE SECURITIZAÇÃO,21/07/2027,1108.0,1053832.16409819,0.11352905986420957,2024-03-28,44.625.562/0001-04,FUNDO DE INVESTIMENTO IMOBILIARIO TG REAL ESTATE,FUNDO DE INVESTIMENTO IMOBILIARIO TG REAL ESTATE,FII,FECHADO,QUALIFICADO,TG CORE ASSET LTDA,13.194.316/0001-03,OLIVEIRA TRUST DTVM S.A.,36.113.876/0001-91,2024-12-31
7353,32781 - TG REAL ESTATE FII,44.625.562/0001-04,28/03/2024,Fundos de Investimentos Imobiliário,BR0B4QCTF006,XP INVESTIMENTOS CCTVM S.A.,TG CORE ASSET LTDA,928248824.89,9.56522363,Renda Fixa | Definitiva,22H1237510,VIRGO COMPANHIA DE SECURITIZAÇÃO,21/07/2027,2192.0,2084837.638721328,0.22459900651836395,2024-03-28,44.625.562/0001-04,FUNDO DE INVESTIMENTO IMOBILIARIO TG REAL ESTATE,FUNDO DE INVESTIMENTO IMOBILIARIO TG REAL ESTATE,FII,FECHADO,QUALIFICADO,TG CORE ASSET LTDA,13.194.316/0001-03,OLIVEIRA TRUST DTVM S.A.,36.113.876/0001-91,2024-12-31
7354,32781 - TG REAL ESTATE FII,44.625.562/0001-04,28/03/2024,Fundos de Investimentos Imobiliário,BR0B4QCTF006,XP INVESTIMENTOS CCTVM S.A.,TG CORE ASSET LTDA,928248824.89,9.56522363,Renda Fixa | Definitiva,22L0344525,VIRGO COMPANHIA DE SECURITIZAÇÃO,20/12/2034,1500.0,1480064.022338595,0.1594469050379877,2024-03-28,44.625.562/0001-04,FUNDO DE INVESTIMENTO IMOBILIARIO TG REAL ESTATE,FUNDO DE INVESTIMENTO IMOBILIARIO TG REAL ESTATE,FII,FECHADO,QUALIFICADO,TG CORE ASSET LTDA,13.194.316/0001-03,OLIVEIRA TRUST DTVM S.A.,36.113.876/0001-91,2024-12-31
7355,32781 - TG REAL ESTATE FII,44.625.562/0001-04,28/03/2024,Fundos de Investimentos Imobiliário,BR0B4QCTF006,XP INVESTIMENTOS CCTVM S.A.,TG CORE ASSET LTDA,928248824.89,9.56522363,Renda Fixa | Definitiva,22L0344525,VIRGO COMPANHIA DE SECURITIZAÇÃO,20/12/2034,2111.0,2082943.434104516,0.2243949443567947,2024-03-28,44.625.562/0001-04,FUNDO DE INVESTIMENTO IMOBILIARIO TG REAL ESTATE,FUNDO DE INVESTIMENTO IMOBILIARIO TG REAL ESTATE,FII,FECHADO,QUALIFICADO,TG CORE ASSET LTDA,13.194.316/0001-03,OLIVEIRA TRUST DTVM S.A.,36.113.876/0001-91,2024-12-31
7356,32781 - TG REAL ESTATE FII,44.625.562/0001-04,28/03/2024,Fundos de Investimentos Imobiliário,BR0B4QCTF006,XP INVESTIMENTOS CCTVM S.A.,TG CORE ASSET LTDA,928248824.89,9.56522363,Renda Fixa | Definitiva,23B0330159,VIRGO COMPANHIA DE SECURITIZAÇÃO,19/02/2035,8000.0,7551565.99072728,0.8135282036712691,2024-03-28,44.625.562/0001-04,FUNDO DE INVESTIMENTO IMOBILIARIO TG REAL ESTATE,FUNDO DE INVESTIMENTO IMOBILIARIO TG REAL ESTATE,FII,FECHADO,QUALIFICADO,TG CORE ASSET LTDA,13.194.316/0001-03,OLIVEIRA TRUST DTVM S.A.,36.113.876/0001-91,2024-12-31
7357,32781 - TG REAL ESTATE FII,44.625.562/0001-04,28/03/2024,Fundos de Investimentos Imobiliário,BR0B4QCTF006,XP INVESTIMENTOS CCTVM S.A.,TG CORE ASSET LTDA,928248824.89,9.56522363,Renda Fixa | Definitiva,22D0059915,VIRGO COMPANHIA DE SECURITIZAÇÃO,23/04/2027,3262.0,2397016.439570608,0.25822994603356064,2024-03-28,44.625.562/0001-04,FUNDO DE INVESTIMENTO IMOBILIARIO TG REAL ESTATE,FUNDO DE INVESTIMENTO IMOBILIARIO TG REAL ESTATE,FII,FECHADO,QUALIFICADO,TG CORE ASSET LTDA,13.194.316/0001-03,OLIVEIRA TRUST DTVM S.A.,36.113.876/0001-91,2024-12-31
7358,32781 - TG REAL ESTATE FII,44.625.562/0001-04,28/03/2024,Fundos de Investimentos Imobiliário,BR0B4QCTF006,XP INVESTIMENTOS CCTVM S.A.,TG CORE ASSET LTDA,928248824.89,9.56522363,Renda Fixa | Definitiva,20D0942992,VIRGO COMPANHIA DE SECURITIZAÇÃO,20/04/2030,1198.0,522757.1138061703,0.05631648538506024,2024-03-28,44.625.562/0001-04,FUNDO DE INVESTIMENTO IMOBILIARIO TG REAL ESTATE,FUNDO DE INVESTIMENTO IMOBILIARIO TG REAL ESTATE,FII,FECHADO,QUALIFICADO,TG CORE ASSET LTDA,13.194.316/0001-03,OLIVEIRA TRUST DTVM S.A.,36.113.876/0001-91,2024-12-31
7359,32781 - TG REAL ESTATE FII,44.625.562/0001-04,28/03/2024,Fundos de Investimentos Imobiliário,BR0B4QCTF006,XP INVESTIMENTOS CCTVM S.A.,TG CORE ASSET LTDA,928248824.89,9.56522363,Renda Fixa | Definitiva,22J1206765,BARIGUI SECURITIZADORA S.A.,20/10/2031,1677.0,1667026.667285736,0.17958834124926398,2024-03-28,44.625.562/0001-04,FUNDO DE INVESTIMENTO IMOBILIARIO TG REAL ESTATE,FUNDO DE INVESTIMENTO IMOBILIARIO TG REAL ESTATE,FII,FECHADO,QUALIFICADO,TG CORE ASSET LTDA,13.194.316/0001-03,OLIVEIRA TRUST DTVM S.A.,36.113.876/0001-91,2024-12-31
7360,32781 - TG REAL ESTATE FII,44.625.562/0001-04,28/03/2024,Fundos de Investimentos Imobiliário,BR0B4QCTF006,XP INVESTIMENTOS CCTVM S.A.,TG CORE ASSET LTDA,928248824.89,9.56522363,Renda Fixa | Definitiva,22L0344492,VIRGO COMPANHIA DE SECURITIZAÇÃO,20/12/2034,2000.0,1970115.29619946,0.2122399989499501,2024-03-28,44.625.562/0001-04,FUNDO DE INVESTIMENTO IMOBILIARIO TG REAL ESTATE,FUNDO DE INVESTIMENTO IMOBILIARIO TG REAL ESTATE,FII,FECHADO,QUALIFICADO,TG CORE ASSET LTDA,13.194.316/0001-03,OLIVEIRA TRUST DTVM S.A.,36.113.876/0001-91,2024-12-31
7361,32781 - TG REAL ESTATE FII,44.625.562/0001-04,28/03/2024,Fundos de Investimentos Imobiliário,BR0B4QCTF006,XP INVESTIMENTOS CCTVM S.A.,TG CORE ASSET LTDA,928248824.89,9.56522363,Renda Fixa | Definitiva,20F0851404,Forte Securitizadora SA,20/08/2029,3418.0,1896004.521814288,0.20425606485836056,2024-03-28,44.625.562/0001-04,FUNDO DE INVESTIMENTO IMOBILIARIO TG REAL ESTATE,FUNDO DE INVESTIMENTO IMOBILIARIO TG REAL ESTATE,FII,FECHADO,QUALIFICADO,TG CORE ASSET LTDA,13.194.316/0001-03,OLIVEIRA TRUST DTVM S.A.,36.113.876/0001-91,2024-12-31
7362,32781 - TG REAL ESTATE FII,44.625.562/0001-04,28/03/2024,Fundos de Investimentos Imobiliário,BR0B4QCTF006,XP INVESTIMENTOS CCTVM S.A.,TG CORE ASSET LTDA,928248824.89,9.56522363,Renda Fixa | Definitiva,20F0851410,Forte Securitizadora SA,20/08/2029,750.0,448450.07223459,0.04831140748147272,2024-03-28,44.625.562/0001-04,FUNDO DE INVESTIMENTO IMOBILIARIO TG REAL ESTATE,FUNDO DE INVESTIMENTO IMOBILIARIO TG REAL ESTATE,FII,FECHADO,QUALIFICADO,TG CORE ASSET LTDA,13.194.316/0001-03,OLIVEIRA TRUST DTVM S.A.,36.113.876/0001-91,2024-12-31
7363,32781 - TG REAL ESTATE FII,44.625.562/0001-04,28/03/2024,Fundos de Investimentos Imobiliário,BR0B4QCTF006,XP INVESTIMENTOS CCTVM S.A.,TG CORE ASSET LTDA,928248824.89,9.56522363,Renda Fixa | Definitiva,20K0713315,VIRGO COMPANHIA DE SECURITIZAÇÃO,24/11/2025,344.0,1973541.002279632,0.21260904935845215,2024-03-28,44.625.562/0001-04,FUNDO DE INVESTIMENTO IMOBILIARIO TG REAL ESTATE,FUNDO DE INVESTIMENTO IMOBILIARIO TG REAL ESTATE,FII,FECHADO,QUALIFICADO,TG CORE ASSET LTDA,13.194.316/0001-03,OLIVEIRA TRUST DTVM S.A.,36.113.876/0001-91,2024-12-31
7364,32781 - TG REAL ESTATE FII,44.625.562/0001-04,28/03/2024,Fundos de Investimentos Imobiliário,BR0B4QCTF006,XP INVESTIMENTOS CCTVM S.A.,TG CORE ASSET LTDA,928248824.89,9.56522363,Renda Fixa | Definitiva,21A0796003,Forte Securitizadora SA,20/11/2031,1070.0,776062.1665764265,0.0836049716161388,2024-03-28,44.625.562/0001-04,FUNDO DE INVESTIMENTO IMOBILIARIO TG REAL ESTATE,FUNDO DE INVESTIMENTO IMOBILIARIO TG REAL ESTATE,FII,FECHADO,QUALIFICADO,TG CORE ASSET LTDA,13.194.316/0001-03,OLIVEIRA TRUST DTVM S.A.,36.113.876/0001-91,2024-12-31
7365,32781 - TG REAL ESTATE FII,44.625.562/0001-04,28/03/2024,Fundos de Investimentos Imobiliário,BR0B4QCTF006,XP INVESTIMENTOS CCTVM S.A.,TG CORE ASSET LTDA,928248824.89,9.56522363,Renda Fixa | Definitiva,21B0718276,Forte Securitizadora SA,20/02/2031,9000.0,7515918.97360038,0.8096879599595547,2024-03-28,44.625.562/0001-04,FUNDO DE INVESTIMENTO IMOBILIARIO TG REAL ESTATE,FUNDO DE INVESTIMENTO IMOBILIARIO TG REAL ESTATE,FII,FECHADO,QUALIFICADO,TG CORE ASSET LTDA,13.194.316/0001-03,OLIVEIRA TRUST DTVM S.A.,36.113.876/0001-91,2024-12-31
7366,32781 - TG REAL ESTATE FII,44.625.562/0001-04,28/03/2024,Fundos de Investimentos Imobiliário,BR0B4QCTF006,XP INVESTIMENTOS CCTVM S.A.,TG CORE ASSET LTDA,928248824.89,9.56522363,Renda Fixa | Definitiva,21F0929701,VIRGO COMPANHIA DE SECURITIZAÇÃO,20/06/2033,2891.0,2193197.702192731,0.2362726074501232,2024-03-28,44.625.562/0001-04,FUNDO DE INVESTIMENTO IMOBILIARIO TG REAL ESTATE,FUNDO DE INVESTIMENTO IMOBILIARIO TG REAL ESTATE,FII,FECHADO,QUALIFICADO,TG CORE ASSET LTDA,13.194.316/0001-03,OLIVEIRA TRUST DTVM S.A.,36.113.876/0001-91,2024-12-31
7367,32781 - TG REAL ESTATE FII,44.625.562/0001-04,28/03/2024,Fundos de Investimentos Imobiliário,BR0B4QCTF006,XP INVESTIMENTOS CCTVM S.A.,TG CORE ASSET LTDA,928248824.89,9.56522363,Renda Fixa | Definitiva,22F0636862,RB CAPITAL SECURITIZADORA S.A.,24/05/2028,3924.0,2813371.357015568,0.3030837509919778,2024-03-28,44.625.562/0001-04,FUNDO DE INVESTIMENTO IMOBILIARIO TG REAL ESTATE,FUNDO DE INVESTIMENTO IMOBILIARIO TG REAL ESTATE,FII,FECHADO,QUALIFICADO,TG CORE ASSET LTDA,13.194.316/0001-03,OLIVEIRA TRUST DTVM S.A.,36.113.876/0001-91,2024-12-31
7368,32781 - TG REAL ESTATE FII,44.625.562/0001-04,28/03/2024,Fundos de Investimentos Imobiliário,BR0B4QCTF006,XP INVESTIMENTOS CCTVM S.A.,TG CORE ASSET LTDA,928248824.89,9.56522363,Renda Fixa | Definitiva,22H1237510,VIRGO COMPANHIA DE SECURITIZAÇÃO,21/07/2027,2000.0,1902224.12292092,0.20492610083792337,2024-03-28,44.625.562/0001-04,FUNDO DE INVESTIMENTO IMOBILIARIO TG REAL ESTATE,FUNDO DE INVESTIMENTO IMOBILIARIO TG REAL ESTATE,FII,FECHADO,QUALIFICADO,TG CORE ASSET LTDA,13.194.316/0001-03,OLIVEIRA TRUST DTVM S.A.,36.113.876/0001-91,2024-12-31
7369,32781 - TG REAL ESTATE FII,44.625.562/0001-04,28/03/2024,Fundos de Investimentos Imobiliário,BR0B4QCTF006,XP INVESTIMENTOS CCTVM S.A.,TG CORE ASSET LTDA,928248824.89,9.56522363,Renda Fixa | Definitiva,21C0528435,VIRGO COMPANHIA DE SECURITIZAÇÃO,20/01/2032,2292.0,1312418.280960623,0.14138647373091456,2024-03-28,44.625.562/0001-04,FUNDO DE INVESTIMENTO IMOBILIARIO TG REAL ESTATE,FUNDO DE INVESTIMENTO IMOBILIARIO TG REAL ESTATE,FII,FECHADO,QUALIFICADO,TG CORE ASSET LTDA,13.194.316/0001-03,OLIVEIRA TRUST DTVM S.A.,36.113.876/0001-91,2024-12-31
7370,32781 - TG REAL ESTATE FII,44.625.562/0001-04,28/03/2024,Fundos de Investimentos Imobiliário,BR0B4QCTF006,XP INVESTIMENTOS CCTVM S.A.,TG CORE ASSET LTDA,928248824.89,9.56522363,Renda Fixa | Definitiva,21C0830879,VIRGO COMPANHIA DE SECURITIZAÇÃO,20/01/2032,702.0,514313.692605035,0.05540687785583596,2024-03-28,44.625.562/0001-04,FUNDO DE INVESTIMENTO IMOBILIARIO TG REAL ESTATE,FUNDO DE INVESTIMENTO IMOBILIARIO TG REAL ESTATE,FII,FECHADO,QUALIFICADO,TG CORE ASSET LTDA,13.194.316/0001-03,OLIVEIRA TRUST DTVM S.A.,36.113.876/0001-91,2024-12-31
7371,32781 - TG REAL ESTATE FII,44.625.562/0001-04,28/03/2024,Fundos de Investimentos Imobiliário,BR0B4QCTF006,XP INVESTIMENTOS CCTVM S.A.,TG CORE ASSET LTDA,928248824.89,9.56522363,Renda Fixa | Definitiva,21C0822821,VIRGO COMPANHIA DE SECURITIZAÇÃO,20/01/2032,500.0,395865.032161415,0.04264643504486268,2024-03-28,44.625.562/0001-04,FUNDO DE INVESTIMENTO IMOBILIARIO TG REAL ESTATE,FUNDO DE INVESTIMENTO IMOBILIARIO TG REAL ESTATE,FII,FECHADO,QUALIFICADO,TG CORE ASSET LTDA,13.194.316/0001-03,OLIVEIRA TRUST DTVM S.A.,36.113.876/0001-91,2024-12-31
7372,32781 - TG REAL ESTATE FII,44.625.562/0001-04,28/03/2024,Fundos de Investimentos Imobiliário,BR0B4QCTF006,XP INVESTIMENTOS CCTVM S.A.,TG CORE ASSET LTDA,928248824.89,9.56522363,Renda Fixa | Definitiva,21C0822821,VIRGO COMPANHIA DE SECURITIZAÇÃO,20/01/2032,1500.0,1187595.096484245,0.1279393051345881,2024-03-28,44.625.562/0001-04,FUNDO DE INVESTIMENTO IMOBILIARIO TG REAL ESTATE,FUNDO DE INVESTIMENTO IMOBILIARIO TG REAL ESTATE,FII,FECHADO,QUALIFICADO,TG CORE ASSET LTDA,13.194.316/0001-03,OLIVEIRA TRUST DTVM S.A.,36.113.876/0001-91,2024-12-31
7373,32781 - TG REAL ESTATE FII,44.625.562/0001-04,28/03/2024,Fundos de Investimentos Imobiliário,BR0B4QCTF006,XP INVESTIMENTOS CCTVM S.A.,TG CORE ASSET LTDA,928248824.89,9.56522363,Renda Fixa | Definitiva,21C0830878,VIRGO COMPANHIA DE SECURITIZAÇÃO,20/01/2032,1863.0,1386809.917313613,0.1494006650078931,2024-03-28,44.625.562/0001-04,FUNDO DE INVESTIMENTO IMOBILIARIO TG REAL ESTATE,FUNDO DE INVESTIMENTO IMOBILIARIO TG REAL ESTATE,FII,FECHADO,QUALIFICADO,TG CORE ASSET LTDA,13.194.316/0001-03,OLIVEIRA TRUST DTVM S.A.,36.113.876/0001-91,2024-12-31
7374,32781 - TG REAL ESTATE FII,44.625.562/0001-04,28/03/2024,Fundos de Investimentos Imobiliário,BR0B4QCTF006,XP INVESTIMENTOS CCTVM S.A.,TG CORE ASSET LTDA,928248824.89,9.56522363,Renda Fixa | Definitiva,21C0830878,VIRGO COMPANHIA DE SECURITIZAÇÃO,20/01/2032,2200.0,1637671.399940928,0.17642590607480668,2024-03-28,44.625.562/0001-04,FUNDO DE INVESTIMENTO IMOBILIARIO TG REAL ESTATE,FUNDO DE INVESTIMENTO IMOBILIARIO TG REAL ESTATE,FII,FECHADO,QUALIFICADO,TG CORE ASSET LTDA,13.194.316/0001-03,OLIVEIRA TRUST DTVM S.A.,36.113.876/0001-91,2024-12-31
7375,32781 - TG REAL ESTATE FII,44.625.562/0001-04,28/03/2024,Fundos de Investimentos Imobiliário,BR0B4QCTF006,XP INVESTIMENTOS CCTVM S.A.,TG CORE ASSET LTDA,928248824.89,9.56522363,Renda Fixa | Definitiva,21C0834078,VIRGO COMPANHIA DE SECURITIZAÇÃO,20/01/2032,3500.0,2841821.508070335,0.3061486782282863,2024-03-28,44.625.562/0001-04,FUNDO DE INVESTIMENTO IMOBILIARIO TG REAL ESTATE,FUNDO DE INVESTIMENTO IMOBILIARIO TG REAL ESTATE,FII,FECHADO,QUALIFICADO,TG CORE ASSET LTDA,13.194.316/0001-03,OLIVEIRA TRUST DTVM S.A.,36.113.876/0001-91,2024-12-31
7376,32781 - TG REAL ESTATE FII,44.625.562/0001-04,28/03/2024,Fundos de Investimentos Imobiliário,BR0B4QCTF006,XP INVESTIMENTOS CCTVM S.A.,TG CORE ASSET LTDA,928248824.89,9.56522363,Renda Fixa | Definitiva,21A0608492,VIRGO COMPANHIA DE SECURITIZAÇÃO,20/01/2026,1800.0,1926949.520569914,0.2075897613765644,2024-03-28,44.625.562/0001-04,FUNDO DE INVESTIMENTO IMOBILIARIO TG REAL ESTATE,FUNDO DE INVESTIMENTO IMOBILIARIO TG REAL ESTATE,FII,FECHADO,QUALIFICADO,TG CORE ASSET LTDA,13.194.316/0001-03,OLIVEIRA TRUST DTVM S.A.,36.113.876/0001-91,2024-12-31
7377,32781 - TG REAL ESTATE FII,44.625.562/0001-04,28/03/2024,Fundos de Investimentos Imobiliário,BR0B4QCTF006,XP INVESTIMENTOS CCTVM S.A.,TG CORE ASSET LTDA,928248824.89,9.56522363,Renda Fixa | Definitiva,21C0830879,VIRGO COMPANHIA DE SECURITIZAÇÃO,20/01/2032,563.0,412476.650906887,0.04443600033167471,2024-03-28,44.625.562/0001-04,FUNDO DE INVESTIMENTO IMOBILIARIO TG REAL ESTATE,FUNDO DE INVESTIMENTO IMOBILIARIO TG REAL ESTATE,FII,FECHADO,QUALIFICADO,TG CORE ASSET LTDA,13.194.316/0001-03,OLIVEIRA TRUST DTVM S.A.,36.113.876/0001-91,2024-12-31
7378,32781 - TG REAL ESTATE FII,44.625.562/0001-04,28/03/2024,Fundos de Investimentos Imobiliário,BR0B4QCTF006,XP INVESTIMENTOS CCTVM S.A.,TG CORE ASSET LTDA,928248824.89,9.56522363,Renda Fixa | Definitiva,22L1668403,CANAL COMPANHIA DE SECURITIZACAO,22/12/2027,2000.0,1828979.5027415,0.1970354773094638,2024-03-28,44.625.562/0001-04,FUNDO DE INVESTIMENTO IMOBILIARIO TG REAL ESTATE,FUNDO DE INVESTIMENTO IMOBILIARIO TG REAL ESTATE,FII,FECHADO,QUALIFICADO,TG CORE ASSET LTDA,13.194.316/0001-03,OLIVEIRA TRUST DTVM S.A.,36.113.876/0001-91,2024-12-31
7379,32781 - TG REAL ESTATE FII,44.625.562/0001-04,28/03/2024,Fundos de Investimentos Imobiliário,BR0B4QCTF006,XP INVESTIMENTOS CCTVM S.A.,TG CORE ASSET LTDA,928248824.89,9.56522363,Renda Fixa | Definitiva,23B0330159,VIRGO COMPANHIA DE SECURITIZAÇÃO,19/02/2035,2000.0,1887891.49768182,0.20338205091781728,2024-03-28,44.625.562/0001-04,FUNDO DE INVESTIMENTO IMOBILIARIO TG REAL ESTATE,FUNDO DE INVESTIMENTO IMOBILIARIO TG REAL ESTATE,FII,FECHADO,QUALIFICADO,TG CORE ASSET LTDA,13.194.316/0001-03,OLIVEIRA TRUST DTVM S.A.,36.113.876/0001-91,2024-12-31
7380,32781 - TG REAL ESTATE FII,44.625.562/0001-04,28/03/2024,Fundos de Investimentos Imobiliário,BR0B4QCTF006,XP INVESTIMENTOS CCTVM S.A.,TG CORE ASSET LTDA,928248824.89,9.56522363,Renda Fixa | Definitiva,21C0528814,VIRGO COMPANHIA DE SECURITIZAÇÃO,20/01/2032,571.0,280135.5664876301,0.030178930366093044,2024-03-28,44.625.562/0001-04,FUNDO DE INVESTIMENTO IMOBILIARIO TG REAL ESTATE,FUNDO DE INVESTIMENTO IMOBILIARIO TG REAL ESTATE,FII,FECHADO,QUALIFICADO,TG CORE ASSET LTDA,13.194.316/0001-03,OLIVEIRA TRUST DTVM S.A.,36.113.876/0001-91,2024-12-31
7381,32781 - TG REAL ESTATE FII,44.625.562/0001-04,28/03/2024,Fundos de Investimentos Imobiliário,BR0B4QCTF006,XP INVESTIMENTOS CCTVM S.A.,TG CORE ASSET LTDA,928248824.89,9.56522363,Renda Fixa | Definitiva,21C0528814,VIRGO COMPANHIA DE SECURITIZAÇÃO,20/01/2032,429.0,210469.6287621599,0.022673837350357124,2024-03-28,44.625.562/0001-04,FUNDO DE INVESTIMENTO IMOBILIARIO TG REAL ESTATE,FUNDO DE INVESTIMENTO IMOBILIARIO TG REAL ESTATE,FII,FECHADO,QUALIFICADO,TG CORE ASSET LTDA,13.194.316/0001-03,OLIVEIRA TRUST DTVM S.A.,36.113.876/0001-91,2024-12-31
7382,32781 - TG REAL ESTATE FII,44.625.562/0001-04,28/03/2024,Fundos de Investimentos Imobiliário,BR0B4QCTF006,XP INVESTIMENTOS CCTVM S.A.,TG CORE ASSET LTDA,928248824.89,9.56522363,Renda Fixa | Definitiva,20D0995555,Forte Securitizadora SA,20/06/2029,1695.0,1611354.491536833,0.17359079250413087,2024-03-28,44.625.562/0001-04,FUNDO DE INVESTIMENTO IMOBILIARIO TG REAL ESTATE,FUNDO DE INVESTIMENTO IMOBILIARIO TG REAL ESTATE,FII,FECHADO,QUALIFICADO,TG CORE ASSET LTDA,13.194.316/0001-03,OLIVEIRA TRUST DTVM S.A.,36.113.876/0001-91,2024-12-31
7383,32781 - TG REAL ESTATE FII,44.625.562/0001-04,28/03/2024,Fundos de Investimentos Imobiliário,BR0B4QCTF006,XP INVESTIMENTOS CCTVM S.A.,TG CORE ASSET LTDA,928248824.89,9.56522363,Renda Fixa | Definitiva,20D0942992,VIRGO COMPANHIA DE SECURITIZAÇÃO,20/04/2030,4469.0,1950084.759265255,0.21008211451238257,2024-03-28,44.625.562/0001-04,FUNDO DE INVESTIMENTO IMOBILIARIO TG REAL ESTATE,FUNDO DE INVESTIMENTO IMOBILIARIO TG REAL ESTATE,FII,FECHADO,QUALIFICADO,TG CORE ASSET LTDA,13.194.316/0001-03,OLIVEIRA TRUST DTVM S.A.,36.113.876/0001-91,2024-12-31
7384,32781 - TG REAL ESTATE FII,44.625.562/0001-04,28/03/2024,Fundos de Investimentos Imobiliário,BR0B4QCTF006,XP INVESTIMENTOS CCTVM S.A.,TG CORE ASSET LTDA,928248824.89,9.56522363,Renda Fixa | Definitiva,20F0851401,Forte Securitizadora SA,20/04/2030,1019.0,558883.9482133535,0.0602084196852695,2024-03-28,44.625.562/0001-04,FUNDO DE INVESTIMENTO IMOBILIARIO TG REAL ESTATE,FUNDO DE INVESTIMENTO IMOBILIARIO TG REAL ESTATE,FII,FECHADO,QUALIFICADO,TG CORE ASSET LTDA,13.194.316/0001-03,OLIVEIRA TRUST DTVM S.A.,36.113.876/0001-91,2024-12-31
7385,32781 - TG REAL ESTATE FII,44.625.562/0001-04,28/03/2024,Fundos de Investimentos Imobiliário,BR0B4QCTF006,XP INVESTIMENTOS CCTVM S.A.,TG CORE ASSET LTDA,928248824.89,9.56522363,Renda Fixa | Definitiva,20F0851402,Forte Securitizadora SA,20/08/2029,3500.0,1961710.574938625,0.21133456055504224,2024-03-28,44.625.562/0001-04,FUNDO DE INVESTIMENTO IMOBILIARIO TG REAL ESTATE,FUNDO DE INVESTIMENTO IMOBILIARIO TG REAL ESTATE,FII,FECHADO,QUALIFICADO,TG CORE ASSET LTDA,13.194.316/0001-03,OLIVEIRA TRUST DTVM S.A.,36.113.876/0001-91,2024-12-31
7386,32781 - TG REAL ESTATE FII,44.625.562/0001-04,28/03/2024,Fundos de Investimentos Imobiliário,BR0B4QCTF006,XP INVESTIMENTOS CCTVM S.A.,TG CORE ASSET LTDA,928248824.89,9.56522363,Renda Fixa | Definitiva,20F0851403,Forte Securitizadora SA,20/08/2029,3500.0,2084542.91332763,0.22456725582977757,2024-03-28,44.625.562/0001-04,FUNDO DE INVESTIMENTO IMOBILIARIO TG REAL ESTATE,FUNDO DE INVESTIMENTO IMOBILIARIO TG REAL ESTATE,FII,FECHADO,QUALIFICADO,TG CORE ASSET LTDA,13.194.316/0001-03,OLIVEIRA TRUST DTVM S.A.,36.113.876/0001-91,2024-12-31
7387,32781 - TG REAL ESTATE FII,44.625.562/0001-04,28/03/2024,Fundos de Investimentos Imobiliário,BR0B4QCTF006,XP INVESTIMENTOS CCTVM S.A.,TG CORE ASSET LTDA,928248824.89,9.56522363,Renda Fixa | Definitiva,19K1139242,Forte Securitizadora SA,20/11/2025,3129.0,3103328.121979858,0.334320716468196,2024-03-28,44.625.562/0001-04,FUNDO DE INVESTIMENTO IMOBILIARIO TG REAL ESTATE,FUNDO DE INVESTIMENTO IMOBILIARIO TG REAL ESTATE,FII,FECHADO,QUALIFICADO,TG CORE ASSET LTDA,13.194.316/0001-03,OLIVEIRA TRUST DTVM S.A.,36.113.876/0001-91,2024-12-31
8162,22691 - XP SELECTION FII,30.983.020/0001-90,28/03/2024,Fundos de Investimentos Imobiliário,-,XP INVESTIMENTOS CCTVM S.A.,XP VISTA ASSET MANAGEMENT LTDA.,375670406.62,8.67556214,Cotas de fundos,OT SOBERANO FIRF REF DI LP,OLIVEIRA TRUST,2099-12-01 00:00:00,5664.95075357,14614128.67,3.8901463656631745,2024-03-28,30.983.020/0001-90,XP SELECTION FUNDO DE FUNDOS DE INVESTIMENTO IMOBILIÁRIO - FII,XP SELECTION FUNDO DE FUNDOS DE INVESTIMENTO IMOBILIÁRIO - FII,FII,FECHADO,GERAL,XP VISTA ASSET MANAGMENT LTDA.,16.789.525/0001-98,OLIVEIRA TRUST DTVM S.A.,36.113.876/0001-91,2024-12-31
8199,32781 - TG REAL ESTATE FII,44.625.562/0001-04,28/03/2024,Fundos de Investimentos Imobiliário,BR0B4QCTF006,XP INVESTIMENTOS CCTVM S.A.,TG CORE ASSET LTDA,928248824.89,9.56522363,Cotas de fundos,BLUE FII,XP - 02220030-7,2099-12-01 00:00:00,200000.0,20217392.55,2.1780143435566233,2024-03-28,44.625.562/0001-04,FUNDO DE INVESTIMENTO IMOBILIARIO TG REAL ESTATE,FUNDO DE INVESTIMENTO IMOBILIARIO TG REAL ESTATE,FII,FECHADO,QUALIFICADO,TG CORE ASSET LTDA,13.194.316/0001-03,OLIVEIRA TRUST DTVM S.A.,36.113.876/0001-91,2024-12-31
8200,32781 - TG REAL ESTATE FII,44.625.562/0001-04,28/03/2024,Fundos de Investimentos Imobiliário,BR0B4QCTF006,XP INVESTIMENTOS CCTVM S.A.,TG CORE ASSET LTDA,928248824.89,9.56522363,Cotas de fundos,OT SOBERANO FIRF REF DI LP,OLIVEIRA TRUST,2099-12-01 00:00:00,15349.86412078,39598736.01,4.265961340128015,2024-03-28,44.625.562/0001-04,FUNDO DE INVESTIMENTO IMOBILIARIO TG REAL ESTATE,FUNDO DE INVESTIMENTO IMOBILIARIO TG REAL ESTATE,FII,FECHADO,QUALIFICADO,TG CORE ASSET LTDA,13.194.316/0001-03,OLIVEIRA TRUST DTVM S.A.,36.113.876/0001-91,2024-12-31
8201,32781 - TG REAL ESTATE FII,44.625.562/0001-04,28/03/2024,Fundos de Investimentos Imobiliário,BR0B4QCTF006,XP INVESTIMENTOS CCTVM S.A.,TG CORE ASSET LTDA,928248824.89,9.56522363,Cotas de fundos,TREND PE XXII FIC RF,XP - 02220030-7,2099-12-01 00:00:00,1981561.06,2056301.94,0.22152486325459955,2024-03-28,44.625.562/0001-04,FUNDO DE INVESTIMENTO IMOBILIARIO TG REAL ESTATE,FUNDO DE INVESTIMENTO IMOBILIARIO TG REAL ESTATE,FII,FECHADO,QUALIFICADO,TG CORE ASSET LTDA,13.194.316/0001-03,OLIVEIRA TRUST DTVM S.A.,36.113.876/0001-91,2024-12-31
8202,32781 - TG REAL ESTATE FII,44.625.562/0001-04,28/03/2024,Fundos de Investimentos Imobiliário,BR0B4QCTF006,XP INVESTIMENTOS CCTVM S.A.,TG CORE ASSET LTDA,928248824.89,9.56522363,Cotas de fundos,FUNDO DE INVESTIMENTO IMOBILIÁRIO XP GRUPO CARNAÚBA,XP - 02220030-7,2099-12-01 00:00:00,2940.0,2591620.02,0.2791945382001549,2024-03-28,44.625.562/0001-04,FUNDO DE INVESTIMENTO IMOBILIARIO TG REAL ESTATE,FUNDO DE INVESTIMENTO IMOBILIARIO TG REAL ESTATE,FII,FECHADO,QUALIFICADO,TG CORE ASSET LTDA,13.194.316/0001-03,OLIVEIRA TRUST DTVM S.A.,36.113.876/0001-91,2024-12-31
8701,22691 - XP SELECTION FII,30.983.020/0001-90,28/03/2024,Fundos de Investimentos Imobiliário,-,XP INVESTIMENTOS CCTVM S.A.,XP VISTA ASSET MANAGEMENT LTDA.,375670406.62,8.67556214,Renda Variável,PATL11,FII PATR LOGCI,2099-12-01 00:00:00,43014.0,2967966.0,0.79004519592148,2024-03-28,30.983.020/0001-90,XP SELECTION FUNDO DE FUNDOS DE INVESTIMENTO IMOBILIÁRIO - FII,XP SELECTION FUNDO DE FUNDOS DE INVESTIMENTO IMOBILIÁRIO - FII,FII,FECHADO,GERAL,XP VISTA ASSET MANAGMENT LTDA.,16.789.525/0001-98,OLIVEIRA TRUST DTVM S.A.,36.113.876/0001-91,2024-12-31
8702,22691 - XP SELECTION FII,30.983.020/0001-90,28/03/2024,Fundos de Investimentos Imobiliário,-,XP INVESTIMENTOS CCTVM S.A.,XP VISTA ASSET MANAGEMENT LTDA.,375670406.62,8.67556214,Renda Variável,HGBS11,FII HEDGEBS CI,2099-12-01 00:00:00,31929.0,7308228.81,1.9453831553445875,2024-03-28,30.983.020/0001-90,XP SELECTION FUNDO DE FUNDOS DE INVESTIMENTO IMOBILIÁRIO - FII,XP SELECTION FUNDO DE FUNDOS DE INVESTIMENTO IMOBILIÁRIO - FII,FII,FECHADO,GERAL,XP VISTA ASSET MANAGMENT LTDA.,16.789.525/0001-98,OLIVEIRA TRUST DTVM S.A.,36.113.876/0001-91,2024-12-31
8703,22691 - XP SELECTION FII,30.983.020/0001-90,28/03/2024,Fundos de Investimentos Imobiliário,-,XP INVESTIMENTOS CCTVM S.A.,XP VISTA ASSET MANAGEMENT LTDA.,375670406.62,8.67556214,Renda Variável,XPML12,FII XP MALLSCI ER,2099-12-01 00:00:00,44963.0,8992.6,0.0023937472426717498,2024-03-28,30.983.020/0001-90,XP SELECTION FUNDO DE FUNDOS DE INVESTIMENTO IMOBILIÁRIO - FII,XP SELECTION FUNDO DE FUNDOS DE INVESTIMENTO IMOBILIÁRIO - FII,FII,FECHADO,GERAL,XP VISTA ASSET MANAGMENT LTDA.,16.789.525/0001-98,OLIVEIRA TRUST DTVM S.A.,36.113.876/0001-91,2024-12-31
8704,22691 - XP SELECTION FII,30.983.020/0001-90,28/03/2024,Fundos de Investimentos Imobiliário,-,XP INVESTIMENTOS CCTVM S.A.,XP VISTA ASSET MANAGEMENT LTDA.,375670406.62,8.67556214,Renda Variável,TEPP11,FII TEL PROPCI,2099-12-01 00:00:00,73769.0,7200592.09,1.9167312524788724,2024-03-28,30.983.020/0001-90,XP SELECTION FUNDO DE FUNDOS DE INVESTIMENTO IMOBILIÁRIO - FII,XP SELECTION FUNDO DE FUNDOS DE INVESTIMENTO IMOBILIÁRIO - FII,FII,FECHADO,GERAL,XP VISTA ASSET MANAGMENT LTDA.,16.789.525/0001-98,OLIVEIRA TRUST DTVM S.A.,36.113.876/0001-91,2024-12-31
8705,22691 - XP SELECTION FII,30.983.020/0001-90,28/03/2024,Fundos de Investimentos Imobiliário,-,XP INVESTIMENTOS CCTVM S.A.,XP VISTA ASSET MANAGEMENT LTDA.,375670406.62,8.67556214,Renda Variável,GTWR11,FII G TOWERSCI,2099-12-01 00:00:00,58419.0,4924721.7,1.3109155294687556,2024-03-28,30.983.020/0001-90,XP SELECTION FUNDO DE FUNDOS DE INVESTIMENTO IMOBILIÁRIO - FII,XP SELECTION FUNDO DE FUNDOS DE INVESTIMENTO IMOBILIÁRIO - FII,FII,FECHADO,GERAL,XP VISTA ASSET MANAGMENT LTDA.,16.789.525/0001-98,OLIVEIRA TRUST DTVM S.A.,36.113.876/0001-91,2024-12-31
8706,22691 - XP SELECTION FII,30.983.020/0001-90,28/03/2024,Fundos de Investimentos Imobiliário,-,XP INVESTIMENTOS CCTVM S.A.,XP VISTA ASSET MANAGEMENT LTDA.,375670406.62,8.67556214,Renda Variável,XPPR11,FII XP PROP CI,2099-12-01 00:00:00,109593.0,2471322.15,0.6578431802055156,2024-03-28,30.983.020/0001-90,XP SELECTION FUNDO DE FUNDOS DE INVESTIMENTO IMOBILIÁRIO - FII,XP SELECTION FUNDO DE FUNDOS DE INVESTIMENTO IMOBILIÁRIO - FII,FII,FECHADO,GERAL,XP VISTA ASSET MANAGMENT LTDA.,16.789.525/0001-98,OLIVEIRA TRUST DTVM S.A.,36.113.876/0001-91,2024-12-31
8707,22691 - XP SELECTION FII,30.983.020/0001-90,28/03/2024,Fundos de Investimentos Imobiliário,-,XP INVESTIMENTOS CCTVM S.A.,XP VISTA ASSET MANAGEMENT LTDA.,375670406.62,8.67556214,Renda Variável,XPML11,FII XP MALLSCI  ER,2099-12-01 00:00:00,89692.0,10425798.08,2.775251362970934,2024-03-28,30.983.020/0001-90,XP SELECTION FUNDO DE FUNDOS DE INVESTIMENTO IMOBILIÁRIO - FII,XP SELECTION FUNDO DE FUNDOS DE INVESTIMENTO IMOBILIÁRIO - FII,FII,FECHADO,GERAL,XP VISTA ASSET MANAGMENT LTDA.,16.789.525/0001-98,OLIVEIRA TRUST DTVM S.A.,36.113.876/0001-91,2024-12-31
8708,22691 - XP SELECTION FII,30.983.020/0001-90,28/03/2024,Fundos de Investimentos Imobiliário,-,XP INVESTIMENTOS CCTVM S.A.,XP VISTA ASSET MANAGEMENT LTDA.,375670406.62,8.67556214,Renda Variável,VISC11,FII VINCI SCCI,2099-12-01 00:00:00,37088.0,4547359.68,1.2104652375771956,2024-03-28,30.983.020/0001-90,XP SELECTION FUNDO DE FUNDOS DE INVESTIMENTO IMOBILIÁRIO - FII,XP SELECTION FUNDO DE FUNDOS DE INVESTIMENTO IMOBILIÁRIO - FII,FII,FECHADO,GERAL,XP VISTA ASSET MANAGMENT LTDA.,16.789.525/0001-98,OLIVEIRA TRUST DTVM S.A.,36.113.876/0001-91,2024-12-31
8709,22691 - XP SELECTION FII,30.983.020/0001-90,28/03/2024,Fundos de Investimentos Imobiliário,-,XP INVESTIMENTOS CCTVM S.A.,XP VISTA ASSET MANAGEMENT LTDA.,375670406.62,8.67556214,Renda Variável,BTLG15,FII BTLG CI ER,2099-12-01 00:00:00,25000.0,2652750.0,0.7061376018056496,2024-03-28,30.983.020/0001-90,XP SELECTION FUNDO DE FUNDOS DE INVESTIMENTO IMOBILIÁRIO - FII,XP SELECTION FUNDO DE FUNDOS DE INVESTIMENTO IMOBILIÁRIO - FII,FII,FECHADO,GERAL,XP VISTA ASSET MANAGMENT LTDA.,16.789.525/0001-98,OLIVEIRA TRUST DTVM S.A.,36.113.876/0001-91,2024-12-31
8710,22691 - XP SELECTION FII,30.983.020/0001-90,28/03/2024,Fundos de Investimentos Imobiliário,-,XP INVESTIMENTOS CCTVM S.A.,XP VISTA ASSET MANAGEMENT LTDA.,375670406.62,8.67556214,Renda Variável,RBED11,FII RIOB ED CI,2099-12-01 00:00:00,61152.0,8906177.28,2.3707423110942085,2024-03-28,30.983.020/0001-90,XP SELECTION FUNDO DE FUNDOS DE INVESTIMENTO IMOBILIÁRIO - FII,XP SELECTION FUNDO DE FUNDOS DE INVESTIMENTO IMOBILIÁRIO - FII,FII,FECHADO,GERAL,XP VISTA ASSET MANAGMENT LTDA.,16.789.525/0001-98,OLIVEIRA TRUST DTVM S.A.,36.113.876/0001-91,2024-12-31
8711,22691 - XP SELECTION FII,30.983.020/0001-90,28/03/2024,Fundos de Investimentos Imobiliário,-,XP INVESTIMENTOS CCTVM S.A.,XP VISTA ASSET MANAGEMENT LTDA.,375670406.62,8.67556214,Renda Variável,PVBI11,FII VBI PRI CI,2099-12-01 00:00:00,8416.0,854644.8,0.22749856920843237,2024-03-28,30.983.020/0001-90,XP SELECTION FUNDO DE FUNDOS DE INVESTIMENTO IMOBILIÁRIO - FII,XP SELECTION FUNDO DE FUNDOS DE INVESTIMENTO IMOBILIÁRIO - FII,FII,FECHADO,GERAL,XP VISTA ASSET MANAGMENT LTDA.,16.789.525/0001-98,OLIVEIRA TRUST DTVM S.A.,36.113.876/0001-91,2024-12-31
8712,22691 - XP SELECTION FII,30.983.020/0001-90,28/03/2024,Fundos de Investimentos Imobiliário,-,XP INVESTIMENTOS CCTVM S.A.,XP VISTA ASSET MANAGEMENT LTDA.,375670406.62,8.67556214,Renda Variável,CPTS11,FII CAPI SECCI,2099-12-01 00:00:00,2768150.0,23695364.0,6.307487516302676,2024-03-28,30.983.020/0001-90,XP SELECTION FUNDO DE FUNDOS DE INVESTIMENTO IMOBILIÁRIO - FII,XP SELECTION FUNDO DE FUNDOS DE INVESTIMENTO IMOBILIÁRIO - FII,FII,FECHADO,GERAL,XP VISTA ASSET MANAGMENT LTDA.,16.789.525/0001-98,OLIVEIRA TRUST DTVM S.A.,36.113.876/0001-91,2024-12-31
8713,22691 - XP SELECTION FII,30.983.020/0001-90,28/03/2024,Fundos de Investimentos Imobiliário,-,XP INVESTIMENTOS CCTVM S.A.,XP VISTA ASSET MANAGEMENT LTDA.,375670406.62,8.67556214,Renda Variável,RBRY11,FII RBR PCRICI,2099-12-01 00:00:00,30228.0,3041541.36,0.8096302786704717,2024-03-28,30.983.020/0001-90,XP SELECTION FUNDO DE FUNDOS DE INVESTIMENTO IMOBILIÁRIO - FII,XP SELECTION FUNDO DE FUNDOS DE INVESTIMENTO IMOBILIÁRIO - FII,FII,FECHADO,GERAL,XP VISTA ASSET MANAGMENT LTDA.,16.789.525/0001-98,OLIVEIRA TRUST DTVM S.A.,36.113.876/0001-91,2024-12-31
8714,22691 - XP SELECTION FII,30.983.020/0001-90,28/03/2024,Fundos de Investimentos Imobiliário,-,XP INVESTIMENTOS CCTVM S.A.,XP VISTA ASSET MANAGEMENT LTDA.,375670406.62,8.67556214,Renda Variável,MXRF11,FII MAXI RENCI,2099-12-01 00:00:00,1055009.0,11088144.59,2.951561899635053,2024-03-28,30.983.020/0001-90,XP SELECTION FUNDO DE FUNDOS DE INVESTIMENTO IMOBILIÁRIO - FII,XP SELECTION FUNDO DE FUNDOS DE INVESTIMENTO IMOBILIÁRIO - FII,FII,FECHADO,GERAL,XP VISTA ASSET MANAGMENT LTDA.,16.789.525/0001-98,OLIVEIRA TRUST DTVM S.A.,36.113.876/0001-91,2024-12-31
8715,22691 - XP SELECTION FII,30.983.020/0001-90,28/03/2024,Fundos de Investimentos Imobiliário,-,XP INVESTIMENTOS CCTVM S.A.,XP VISTA ASSET MANAGEMENT LTDA.,375670406.62,8.67556214,Renda Variável,ALZR11,FII ALIANZA CI  ER,2099-12-01 00:00:00,490.0,57800.4,0.015385933781700976,2024-03-28,30.983.020/0001-90,XP SELECTION FUNDO DE FUNDOS DE INVESTIMENTO IMOBILIÁRIO - FII,XP SELECTION FUNDO DE FUNDOS DE INVESTIMENTO IMOBILIÁRIO - FII,FII,FECHADO,GERAL,XP VISTA ASSET MANAGMENT LTDA.,16.789.525/0001-98,OLIVEIRA TRUST DTVM S.A.,36.113.876/0001-91,2024-12-31
8716,22691 - XP SELECTION FII,30.983.020/0001-90,28/03/2024,Fundos de Investimentos Imobiliário,-,XP INVESTIMENTOS CCTVM S.A.,XP VISTA ASSET MANAGEMENT LTDA.,375670406.62,8.67556214,Renda Variável,HSAF11,FII HSI CRI CI,2099-12-01 00:00:00,2698.0,243197.72,0.06473699171252544,2024-03-28,30.983.020/0001-90,XP SELECTION FUNDO DE FUNDOS DE INVESTIMENTO IMOBILIÁRIO - FII,XP SELECTION FUNDO DE FUNDOS DE INVESTIMENTO IMOBILIÁRIO - FII,FII,FECHADO,GERAL,XP VISTA ASSET MANAGMENT LTDA.,16.789.525/0001-98,OLIVEIRA TRUST DTVM S.A.,36.113.876/0001-91,2024-12-31
8717,22691 - XP SELECTION FII,30.983.020/0001-90,28/03/2024,Fundos de Investimentos Imobiliário,-,XP INVESTIMENTOS CCTVM S.A.,XP VISTA ASSET MANAGEMENT LTDA.,375670406.62,8.67556214,Renda Variável,XPLG11,FII XP LOG  CI,2099-12-01 00:00:00,148215.0,16343668.05,4.350533808890629,2024-03-28,30.983.020/0001-90,XP SELECTION FUNDO DE FUNDOS DE INVESTIMENTO IMOBILIÁRIO - FII,XP SELECTION FUNDO DE FUNDOS DE INVESTIMENTO IMOBILIÁRIO - FII,FII,FECHADO,GERAL,XP VISTA ASSET MANAGMENT LTDA.,16.789.525/0001-98,OLIVEIRA TRUST DTVM S.A.,36.113.876/0001-91,2024-12-31
8718,22691 - XP SELECTION FII,30.983.020/0001-90,28/03/2024,Fundos de Investimentos Imobiliário,-,XP INVESTIMENTOS CCTVM S.A.,XP VISTA ASSET MANAGEMENT LTDA.,375670406.62,8.67556214,Renda Variável,HGRU11,FII CSHG URBCI,2099-12-01 00:00:00,500.0,68195.0,0.01815288050330271,2024-03-28,30.983.020/0001-90,XP SELECTION FUNDO DE FUNDOS DE INVESTIMENTO IMOBILIÁRIO - FII,XP SELECTION FUNDO DE FUNDOS DE INVESTIMENTO IMOBILIÁRIO - FII,FII,FECHADO,GERAL,XP VISTA ASSET MANAGMENT LTDA.,16.789.525/0001-98,OLIVEIRA TRUST DTVM S.A.,36.113.876/0001-91,2024-12-31
8719,22691 - XP SELECTION FII,30.983.020/0001-90,28/03/2024,Fundos de Investimentos Imobiliário,-,XP INVESTIMENTOS CCTVM S.A.,XP VISTA ASSET MANAGEMENT LTDA.,375670406.62,8.67556214,Renda Variável,JFLL11,FII JFL LIV CI,2099-12-01 00:00:00,19722.0,1518594.0,0.4042357271798882,2024-03-28,30.983.020/0001-90,XP SELECTION FUNDO DE FUNDOS DE INVESTIMENTO IMOBILIÁRIO - FII,XP SELECTION FUNDO DE FUNDOS DE INVESTIMENTO IMOBILIÁRIO - FII,FII,FECHADO,GERAL,XP VISTA ASSET MANAGMENT LTDA.,16.789.525/0001-98,OLIVEIRA TRUST DTVM S.A.,36.113.876/0001-91,2024-12-31
8720,22691 - XP SELECTION FII,30.983.020/0001-90,28/03/2024,Fundos de Investimentos Imobiliário,-,XP INVESTIMENTOS CCTVM S.A.,XP VISTA ASSET MANAGEMENT LTDA.,375670406.62,8.67556214,Renda Variável,LPLP11,FII LAGO PDRCI,2099-12-01 00:00:00,11300.0,4945332.0,1.3164018013807317,2024-03-28,30.983.020/0001-90,XP SELECTION FUNDO DE FUNDOS DE INVESTIMENTO IMOBILIÁRIO - FII,XP SELECTION FUNDO DE FUNDOS DE INVESTIMENTO IMOBILIÁRIO - FII,FII,FECHADO,GERAL,XP VISTA ASSET MANAGMENT LTDA.,16.789.525/0001-98,OLIVEIRA TRUST DTVM S.A.,36.113.876/0001-91,2024-12-31
8721,22691 - XP SELECTION FII,30.983.020/0001-90,28/03/2024,Fundos de Investimentos Imobiliário,-,XP INVESTIMENTOS CCTVM S.A.,XP VISTA ASSET MANAGEMENT LTDA.,375670406.62,8.67556214,Renda Variável,RBRP11,FII RBR PROPCI,2099-12-01 00:00:00,139424.0,8182794.56,2.178184497848163,2024-03-28,30.983.020/0001-90,XP SELECTION FUNDO DE FUNDOS DE INVESTIMENTO IMOBILIÁRIO - FII,XP SELECTION FUNDO DE FUNDOS DE INVESTIMENTO IMOBILIÁRIO - FII,FII,FECHADO,GERAL,XP VISTA ASSET MANAGMENT LTDA.,16.789.525/0001-98,OLIVEIRA TRUST DTVM S.A.,36.113.876/0001-91,2024-12-31
8722,22691 - XP SELECTION FII,30.983.020/0001-90,28/03/2024,Fundos de Investimentos Imobiliário,-,XP INVESTIMENTOS CCTVM S.A.,XP VISTA ASSET MANAGEMENT LTDA.,375670406.62,8.67556214,Renda Variável,VILG11,FII VINCI LGCI,2099-12-01 00:00:00,97580.0,9084698.0,2.4182628814809464,2024-03-28,30.983.020/0001-90,XP SELECTION FUNDO DE FUNDOS DE INVESTIMENTO IMOBILIÁRIO - FII,XP SELECTION FUNDO DE FUNDOS DE INVESTIMENTO IMOBILIÁRIO - FII,FII,FECHADO,GERAL,XP VISTA ASSET MANAGMENT LTDA.,16.789.525/0001-98,OLIVEIRA TRUST DTVM S.A.,36.113.876/0001-91,2024-12-31
8723,22691 - XP SELECTION FII,30.983.020/0001-90,28/03/2024,Fundos de Investimentos Imobiliário,-,XP INVESTIMENTOS CCTVM S.A.,XP VISTA ASSET MANAGEMENT LTDA.,375670406.62,8.67556214,Renda Variável,RBRR11,FII RBRHGRADCI,2099-12-01 00:00:00,199812.0,18740367.48,4.988513108767801,2024-03-28,30.983.020/0001-90,XP SELECTION FUNDO DE FUNDOS DE INVESTIMENTO IMOBILIÁRIO - FII,XP SELECTION FUNDO DE FUNDOS DE INVESTIMENTO IMOBILIÁRIO - FII,FII,FECHADO,GERAL,XP VISTA ASSET MANAGMENT LTDA.,16.789.525/0001-98,OLIVEIRA TRUST DTVM S.A.,36.113.876/0001-91,2024-12-31
8724,22691 - XP SELECTION FII,30.983.020/0001-90,28/03/2024,Fundos de Investimentos Imobiliário,-,XP INVESTIMENTOS CCTVM S.A.,XP VISTA ASSET MANAGEMENT LTDA.,375670406.62,8.67556214,Renda Variável,HSML11,FII HSI MALLCI,2099-12-01 00:00:00,134156.0,13147288.0,3.4996868979618108,2024-03-28,30.983.020/0001-90,XP SELECTION FUNDO DE FUNDOS DE INVESTIMENTO IMOBILIÁRIO - FII,XP SELECTION FUNDO DE FUNDOS DE INVESTIMENTO IMOBILIÁRIO - FII,FII,FECHADO,GERAL,XP VISTA ASSET MANAGMENT LTDA.,16.789.525/0001-98,OLIVEIRA TRUST DTVM S.A.,36.113.876/0001-91,2024-12-31
8725,22691 - XP SELECTION FII,30.983.020/0001-90,28/03/2024,Fundos de Investimentos Imobiliário,-,XP INVESTIMENTOS CCTVM S.A.,XP VISTA ASSET MANAGEMENT LTDA.,375670406.62,8.67556214,Renda Variável,KNIP11,FII KINEA IPCI,2099-12-01 00:00:00,140633.0,13796097.3,3.6723939540851553,2024-03-28,30.983.020/0001-90,XP SELECTION FUNDO DE FUNDOS DE INVESTIMENTO IMOBILIÁRIO - FII,XP SELECTION FUNDO DE FUNDOS DE INVESTIMENTO IMOBILIÁRIO - FII,FII,FECHADO,GERAL,XP VISTA ASSET MANAGMENT LTDA.,16.789.525/0001-98,OLIVEIRA TRUST DTVM S.A.,36.113.876/0001-91,2024-12-31
8726,22691 - XP SELECTION FII,30.983.020/0001-90,28/03/2024,Fundos de Investimentos Imobiliário,-,XP INVESTIMENTOS CCTVM S.A.,XP VISTA ASSET MANAGEMENT LTDA.,375670406.62,8.67556214,Renda Variável,IRDM11,FII IRIDIUM CI,2099-12-01 00:00:00,13515.0,1040519.85,0.276976794462416,2024-03-28,30.983.020/0001-90,XP SELECTION FUNDO DE FUNDOS DE INVESTIMENTO IMOBILIÁRIO - FII,XP SELECTION FUNDO DE FUNDOS DE INVESTIMENTO IMOBILIÁRIO - FII,FII,FECHADO,GERAL,XP VISTA ASSET MANAGMENT LTDA.,16.789.525/0001-98,OLIVEIRA TRUST DTVM S.A.,36.113.876/0001-91,2024-12-31
8727,22691 - XP SELECTION FII,30.983.020/0001-90,28/03/2024,Fundos de Investimentos Imobiliário,-,XP INVESTIMENTOS CCTVM S.A.,XP VISTA ASSET MANAGEMENT LTDA.,375670406.62,8.67556214,Renda Variável,JSRE11,FII JS REAL CI,2099-12-01 00:00:00,9056.0,666974.4,0.17754243833069908,2024-03-28,30.983.020/0001-90,XP SELECTION FUNDO DE FUNDOS DE INVESTIMENTO IMOBILIÁRIO - FII,XP SELECTION FUNDO DE FUNDOS DE INVESTIMENTO IMOBILIÁRIO - FII,FII,FECHADO,GERAL,XP VISTA ASSET MANAGMENT LTDA.,16.789.525/0001-98,OLIVEIRA TRUST DTVM S.A.,36.113.876/0001-91,2024-12-31
8728,22691 - XP SELECTION FII,30.983.020/0001-90,28/03/2024,Fundos de Investimentos Imobiliário,-,XP INVESTIMENTOS CCTVM S.A.,XP VISTA ASSET MANAGEMENT LTDA.,375670406.62,8.67556214,Renda Variável,HABT11,FII HABIT IICI,2099-12-01 00:00:00,5336.0,501050.4,0.13337499871445158,2024-03-28,30.983.020/0001-90,XP SELECTION FUNDO DE FUNDOS DE INVESTIMENTO IMOBILIÁRIO - FII,XP SELECTION FUNDO DE FUNDOS DE INVESTIMENTO IMOBILIÁRIO - FII,FII,FECHADO,GERAL,XP VISTA ASSET MANAGMENT LTDA.,16.789.525/0001-98,OLIVEIRA TRUST DTVM S.A.,36.113.876/0001-91,2024-12-31
8729,22691 - XP SELECTION FII,30.983.020/0001-90,28/03/2024,Fundos de Investimentos Imobiliário,-,XP INVESTIMENTOS CCTVM S.A.,XP VISTA ASSET MANAGEMENT LTDA.,375670406.62,8.67556214,Renda Variável,XPIN11,FII XP INDL CI,2099-12-01 00:00:00,7005.0,559699.5,0.14898684861438927,2024-03-28,30.983.020/0001-90,XP SELECTION FUNDO DE FUNDOS DE INVESTIMENTO IMOBILIÁRIO - FII,XP SELECTION FUNDO DE FUNDOS DE INVESTIMENTO IMOBILIÁRIO - FII,FII,FECHADO,GERAL,XP VISTA ASSET MANAGMENT LTDA.,16.789.525/0001-98,OLIVEIRA TRUST DTVM S.A.,36.113.876/0001-91,2024-12-31
8730,22691 - XP SELECTION FII,30.983.020/0001-90,28/03/2024,Fundos de Investimentos Imobiliário,-,XP INVESTIMENTOS CCTVM S.A.,XP VISTA ASSET MANAGEMENT LTDA.,375670406.62,8.67556214,Renda Variável,PVBI15,FII VBI PRI CI,2099-12-01 00:00:00,62000.0,6296100.0,1.6759637940735277,2024-03-28,30.983.020/0001-90,XP SELECTION FUNDO DE FUNDOS DE INVESTIMENTO IMOBILIÁRIO - FII,XP SELECTION FUNDO DE FUNDOS DE INVESTIMENTO IMOBILIÁRIO - FII,FII,FECHADO,GERAL,XP VISTA ASSET MANAGMENT LTDA.,16.789.525/0001-98,OLIVEIRA TRUST DTVM S.A.,36.113.876/0001-91,2024-12-31
8731,22691 - XP SELECTION FII,30.983.020/0001-90,28/03/2024,Fundos de Investimentos Imobiliário,-,XP INVESTIMENTOS CCTVM S.A.,XP VISTA ASSET MANAGEMENT LTDA.,375670406.62,8.67556214,Renda Variável,XPCI11,FII XP CRED CI,2099-12-01 00:00:00,122778.0,11202264.72,2.9819396264905613,2024-03-28,30.983.020/0001-90,XP SELECTION FUNDO DE FUNDOS DE INVESTIMENTO IMOBILIÁRIO - FII,XP SELECTION FUNDO DE FUNDOS DE INVESTIMENTO IMOBILIÁRIO - FII,FII,FECHADO,GERAL,XP VISTA ASSET MANAGMENT LTDA.,16.789.525/0001-98,OLIVEIRA TRUST DTVM S.A.,36.113.876/0001-91,2024-12-31
8732,22691 - XP SELECTION FII,30.983.020/0001-90,28/03/2024,Fundos de Investimentos Imobiliário,-,XP INVESTIMENTOS CCTVM S.A.,XP VISTA ASSET MANAGEMENT LTDA.,375670406.62,8.67556214,Renda Variável,RBRL11,FII RBR LOG CI,2099-12-01 00:00:00,225968.0,18603945.44,4.952198819008482,2024-03-28,30.983.020/0001-90,XP SELECTION FUNDO DE FUNDOS DE INVESTIMENTO IMOBILIÁRIO - FII,XP SELECTION FUNDO DE FUNDOS DE INVESTIMENTO IMOBILIÁRIO - FII,FII,FECHADO,GERAL,XP VISTA ASSET MANAGMENT LTDA.,16.789.525/0001-98,OLIVEIRA TRUST DTVM S.A.,36.113.876/0001-91,2024-12-31
8733,22691 - XP SELECTION FII,30.983.020/0001-90,28/03/2024,Fundos de Investimentos Imobiliário,-,XP INVESTIMENTOS CCTVM S.A.,XP VISTA ASSET MANAGEMENT LTDA.,375670406.62,8.67556214,Renda Variável,LPLP12,FII LAGO DA PEDRA RS,2099-12-01 00:00:00,4188.0,0.0,0.0,2024-03-28,30.983.020/0001-90,XP SELECTION FUNDO DE FUNDOS DE INVESTIMENTO IMOBILIÁRIO - FII,XP SELECTION FUNDO DE FUNDOS DE INVESTIMENTO IMOBILIÁRIO - FII,FII,FECHADO,GERAL,XP VISTA ASSET MANAGMENT LTDA.,16.789.525/0001-98,OLIVEIRA TRUST DTVM S.A.,36.113.876/0001-91,2024-12-31
8734,22691 - XP SELECTION FII,30.983.020/0001-90,28/03/2024,Fundos de Investimentos Imobiliário,-,XP INVESTIMENTOS CCTVM S.A.,XP VISTA ASSET MANAGEMENT LTDA.,375670406.62,8.67556214,Renda Variável,TGAR11,FII TG ATIVOCI,2099-12-01 00:00:00,171020.0,21806760.2,5.804758590435919,2024-03-28,30.983.020/0001-90,XP SELECTION FUNDO DE FUNDOS DE INVESTIMENTO IMOBILIÁRIO - FII,XP SELECTION FUNDO DE FUNDOS DE INVESTIMENTO IMOBILIÁRIO - FII,FII,FECHADO,GERAL,XP VISTA ASSET MANAGMENT LTDA.,16.789.525/0001-98,OLIVEIRA TRUST DTVM S.A.,36.113.876/0001-91,2024-12-31
8735,22691 - XP SELECTION FII,30.983.020/0001-90,28/03/2024,Fundos de Investimentos Imobiliário,-,XP INVESTIMENTOS CCTVM S.A.,XP VISTA ASSET MANAGEMENT LTDA.,375670406.62,8.67556214,Renda Variável,CBOP11,FII C BRANCOCI,2099-12-01 00:00:00,60242.0,1771717.22,0.47161479551732066,2024-03-28,30.983.020/0001-90,XP SELECTION FUNDO DE FUNDOS DE INVESTIMENTO IMOBILIÁRIO - FII,XP SELECTION FUNDO DE FUNDOS DE INVESTIMENTO IMOBILIÁRIO - FII,FII,FECHADO,GERAL,XP VISTA ASSET MANAGMENT LTDA.,16.789.525/0001-98,OLIVEIRA TRUST DTVM S.A.,36.113.876/0001-91,2024-12-31
8736,22691 - XP SELECTION FII,30.983.020/0001-90,28/03/2024,Fundos de Investimentos Imobiliário,-,XP INVESTIMENTOS CCTVM S.A.,XP VISTA ASSET MANAGEMENT LTDA.,375670406.62,8.67556214,Renda Variável,VVMR11,FII MULT RENCI,2099-12-01 00:00:00,207515.0,19255316.85,5.125587885200986,2024-03-28,30.983.020/0001-90,XP SELECTION FUNDO DE FUNDOS DE INVESTIMENTO IMOBILIÁRIO - FII,XP SELECTION FUNDO DE FUNDOS DE INVESTIMENTO IMOBILIÁRIO - FII,FII,FECHADO,GERAL,XP VISTA ASSET MANAGMENT LTDA.,16.789.525/0001-98,OLIVEIRA TRUST DTVM S.A.,36.113.876/0001-91,2024-12-31
8737,22691 - XP SELECTION FII,30.983.020/0001-90,28/03/2024,Fundos de Investimentos Imobiliário,-,XP INVESTIMENTOS CCTVM S.A.,XP VISTA ASSET MANAGEMENT LTDA.,375670406.62,8.67556214,Renda Variável,RBRY12,RBRY12 - DIREITO,2099-12-01 00:00:00,12365.0,1236.5,0.0003291449042060826,2024-03-28,30.983.020/0001-90,XP SELECTION FUNDO DE FUNDOS DE INVESTIMENTO IMOBILIÁRIO - FII,XP SELECTION FUNDO DE FUNDOS DE INVESTIMENTO IMOBILIÁRIO - FII,FII,FECHADO,GERAL,XP VISTA ASSET MANAGMENT LTDA.,16.789.525/0001-98,OLIVEIRA TRUST DTVM S.A.,36.113.876/0001-91,2024-12-31
8738,22691 - XP SELECTION FII,30.983.020/0001-90,28/03/2024,Fundos de Investimentos Imobiliário,-,XP INVESTIMENTOS CCTVM S.A.,XP VISTA ASSET MANAGEMENT LTDA.,375670406.62,8.67556214,Renda Variável,VINO11,FII VINCI OFCI,2099-12-01 00:00:00,1010325.0,7850225.25,2.0896576125413837,2024-03-28,30.983.020/0001-90,XP SELECTION FUNDO DE FUNDOS DE INVESTIMENTO IMOBILIÁRIO - FII,XP SELECTION FUNDO DE FUNDOS DE INVESTIMENTO IMOBILIÁRIO - FII,FII,FECHADO,GERAL,XP VISTA ASSET MANAGMENT LTDA.,16.789.525/0001-98,OLIVEIRA TRUST DTVM S.A.,36.113.876/0001-91,2024-12-31
8739,22691 - XP SELECTION FII,30.983.020/0001-90,28/03/2024,Fundos de Investimentos Imobiliário,-,XP INVESTIMENTOS CCTVM S.A.,XP VISTA ASSET MANAGEMENT LTDA.,375670406.62,8.67556214,Renda Variável,AIEC11,FII AUTONOMYCI,2099-12-01 00:00:00,78696.0,4143344.4,1.1029200935146046,2024-03-28,30.983.020/0001-90,XP SELECTION FUNDO DE FUNDOS DE INVESTIMENTO IMOBILIÁRIO - FII,XP SELECTION FUNDO DE FUNDOS DE INVESTIMENTO IMOBILIÁRIO - FII,FII,FECHADO,GERAL,XP VISTA ASSET MANAGMENT LTDA.,16.789.525/0001-98,OLIVEIRA TRUST DTVM S.A.,36.113.876/0001-91,2024-12-31
8740,22691 - XP SELECTION FII,30.983.020/0001-90,28/03/2024,Fundos de Investimentos Imobiliário,-,XP INVESTIMENTOS CCTVM S.A.,XP VISTA ASSET MANAGEMENT LTDA.,375670406.62,8.67556214,Renda Variável,BROF11,FII BROF    CI,2099-12-01 00:00:00,62521.0,3626218.0,0.9652658117592984,2024-03-28,30.983.020/0001-90,XP SELECTION FUNDO DE FUNDOS DE INVESTIMENTO IMOBILIÁRIO - FII,XP SELECTION FUNDO DE FUNDOS DE INVESTIMENTO IMOBILIÁRIO - FII,FII,FECHADO,GERAL,XP VISTA ASSET MANAGMENT LTDA.,16.789.525/0001-98,OLIVEIRA TRUST DTVM S.A.,36.113.876/0001-91,2024-12-31
8741,22691 - XP SELECTION FII,30.983.020/0001-90,28/03/2024,Fundos de Investimentos Imobiliário,-,XP INVESTIMENTOS CCTVM S.A.,XP VISTA ASSET MANAGEMENT LTDA.,375670406.62,8.67556214,Renda Variável,KNCR11,FII KINEA RICI,2099-12-01 00:00:00,64685.0,6689722.7,1.7807425291199002,2024-03-28,30.983.020/0001-90,XP SELECTION FUNDO DE FUNDOS DE INVESTIMENTO IMOBILIÁRIO - FII,XP SELECTION FUNDO DE FUNDOS DE INVESTIMENTO IMOBILIÁRIO - FII,FII,FECHADO,GERAL,XP VISTA ASSET MANAGMENT LTDA.,16.789.525/0001-98,OLIVEIRA TRUST DTVM S.A.,36.113.876/0001-91,2024-12-31
8742,22691 - XP SELECTION FII,30.983.020/0001-90,28/03/2024,Fundos de Investimentos Imobiliário,-,XP INVESTIMENTOS CCTVM S.A.,XP VISTA ASSET MANAGEMENT LTDA.,375670406.62,8.67556214,Renda Variável,HGRE11,FII HG REAL CI,2099-12-01 00:00:00,36062.0,4705369.76,1.2525260646254734,2024-03-28,30.983.020/0001-90,XP SELECTION FUNDO DE FUNDOS DE INVESTIMENTO IMOBILIÁRIO - FII,XP SELECTION FUNDO DE FUNDOS DE INVESTIMENTO IMOBILIÁRIO - FII,FII,FECHADO,GERAL,XP VISTA ASSET MANAGMENT LTDA.,16.789.525/0001-98,OLIVEIRA TRUST DTVM S.A.,36.113.876/0001-91,2024-12-31
8743,22691 - XP SELECTION FII,30.983.020/0001-90,28/03/2024,Fundos de Investimentos Imobiliário,-,XP INVESTIMENTOS CCTVM S.A.,XP VISTA ASSET MANAGEMENT LTDA.,375670406.62,8.67556214,Renda Variável,BTLG11,FII BTLG    CI  ER,2099-12-01 00:00:00,132458.0,14055118.38,3.7413429783989094,2024-03-28,30.983.020/0001-90,XP SELECTION FUNDO DE FUNDOS DE INVESTIMENTO IMOBILIÁRIO - FII,XP SELECTION FUNDO DE FUNDOS DE INVESTIMENTO IMOBILIÁRIO - FII,FII,FECHADO,GERAL,XP VISTA ASSET MANAGMENT LTDA.,16.789.525/0001-98,OLIVEIRA TRUST DTVM S.A.,36.113.876/0001-91,2024-12-31
8744,22691 - XP SELECTION FII,30.983.020/0001-90,28/03/2024,Fundos de Investimentos Imobiliário,-,XP INVESTIMENTOS CCTVM S.A.,XP VISTA ASSET MANAGEMENT LTDA.,375670406.62,8.67556214,Renda Variável,SPVJ11,FII S VAREJOCI  ERS,2099-12-01 00:00:00,75117.0,8332573.54,2.218054281935656,2024-03-28,30.983.020/0001-90,XP SELECTION FUNDO DE FUNDOS DE INVESTIMENTO IMOBILIÁRIO - FII,XP SELECTION FUNDO DE FUNDOS DE INVESTIMENTO IMOBILIÁRIO - FII,FII,FECHADO,GERAL,XP VISTA ASSET MANAGMENT LTDA.,16.789.525/0001-98,OLIVEIRA TRUST DTVM S.A.,36.113.876/0001-91,2024-12-31
8745,22691 - XP SELECTION FII,30.983.020/0001-90,28/03/2024,Fundos de Investimentos Imobiliário,-,XP INVESTIMENTOS CCTVM S.A.,XP VISTA ASSET MANAGEMENT LTDA.,375670406.62,8.67556214,Renda Variável,BARI11,FII BARIGUI CI,2099-12-01 00:00:00,195299.0,16834773.8,4.481261633426663,2024-03-28,30.983.020/0001-90,XP SELECTION FUNDO DE FUNDOS DE INVESTIMENTO IMOBILIÁRIO - FII,XP SELECTION FUNDO DE FUNDOS DE INVESTIMENTO IMOBILIÁRIO - FII,FII,FECHADO,GERAL,XP VISTA ASSET MANAGMENT LTDA.,16.789.525/0001-98,OLIVEIRA TRUST DTVM S.A.,36.113.876/0001-91,2024-12-31
8746,22691 - XP SELECTION FII,30.983.020/0001-90,28/03/2024,Fundos de Investimentos Imobiliário,-,XP INVESTIMENTOS CCTVM S.A.,XP VISTA ASSET MANAGEMENT LTDA.,375670406.62,8.67556214,Renda Variável,LVBI11,FII VBI LOG CI,2099-12-01 00:00:00,7042.0,839406.4,0.22344224756811376,2024-03-28,30.983.020/0001-90,XP SELECTION FUNDO DE FUNDOS DE INVESTIMENTO IMOBILIÁRIO - FII,XP SELECTION FUNDO DE FUNDOS DE INVESTIMENTO IMOBILIÁRIO - FII,FII,FECHADO,GERAL,XP VISTA ASSET MANAGMENT LTDA.,16.789.525/0001-98,OLIVEIRA TRUST DTVM S.A.,36.113.876/0001-91,2024-12-31
8747,22691 - XP SELECTION FII,30.983.020/0001-90,28/03/2024,Fundos de Investimentos Imobiliário,-,XP INVESTIMENTOS CCTVM S.A.,XP VISTA ASSET MANAGEMENT LTDA.,375670406.62,8.67556214,Renda Variável,MCCI11,FII MAUA    CI,2099-12-01 00:00:00,204584.0,19251354.4,5.124533117529596,2024-03-28,30.983.020/0001-90,XP SELECTION FUNDO DE FUNDOS DE INVESTIMENTO IMOBILIÁRIO - FII,XP SELECTION FUNDO DE FUNDOS DE INVESTIMENTO IMOBILIÁRIO - FII,FII,FECHADO,GERAL,XP VISTA ASSET MANAGMENT LTDA.,16.789.525/0001-98,OLIVEIRA TRUST DTVM S.A.,36.113.876/0001-91,2024-12-31
8748,22691 - XP SELECTION FII,30.983.020/0001-90,28/03/2024,Fundos de Investimentos Imobiliário,-,XP INVESTIMENTOS CCTVM S.A.,XP VISTA ASSET MANAGEMENT LTDA.,375670406.62,8.67556214,Renda Variável,RVBI11,FII VBI REITCI,2099-12-01 00:00:00,9139.0,739802.05,0.19692848756871295,2024-03-28,30.983.020/0001-90,XP SELECTION FUNDO DE FUNDOS DE INVESTIMENTO IMOBILIÁRIO - FII,XP SELECTION FUNDO DE FUNDOS DE INVESTIMENTO IMOBILIÁRIO - FII,FII,FECHADO,GERAL,XP VISTA ASSET MANAGMENT LTDA.,16.789.525/0001-98,OLIVEIRA TRUST DTVM S.A.,36.113.876/0001-91,2024-12-31
8769,32781 - TG REAL ESTATE FII,44.625.562/0001-04,28/03/2024,Fundos de Investimentos Imobiliário,BR0B4QCTF006,XP INVESTIMENTOS CCTVM S.A.,TG CORE ASSET LTDA,928248824.89,9.56522363,Renda Variável,RBHG15,RBHG15,2099-12-01 00:00:00,22054.0,1999415.64,0.21539651722553335,2024-03-28,44.625.562/0001-04,FUNDO DE INVESTIMENTO IMOBILIARIO TG REAL ESTATE,FUNDO DE INVESTIMENTO IMOBILIARIO TG REAL ESTATE,FII,FECHADO,QUALIFICADO,TG CORE ASSET LTDA,13.194.316/0001-03,OLIVEIRA TRUST DTVM S.A.,36.113.876/0001-91,2024-12-31
8770,32781 - TG REAL ESTATE FII,44.625.562/0001-04,28/03/2024,Fundos de Investimentos Imobiliário,BR0B4QCTF006,XP INVESTIMENTOS CCTVM S.A.,TG CORE ASSET LTDA,928248824.89,9.56522363,Renda Variável,RBRY12,RBRY12 - DIREITO,2099-12-01 00:00:00,815.0,81.5,8.779973409571294e-06,2024-03-28,44.625.562/0001-04,FUNDO DE INVESTIMENTO IMOBILIARIO TG REAL ESTATE,FUNDO DE INVESTIMENTO IMOBILIARIO TG REAL ESTATE,FII,FECHADO,QUALIFICADO,TG CORE ASSET LTDA,13.194.316/0001-03,OLIVEIRA TRUST DTVM S.A.,36.113.876/0001-91,2024-12-31
8771,32781 - TG REAL ESTATE FII,44.625.562/0001-04,28/03/2024,Fundos de Investimentos Imobiliário,BR0B4QCTF006,XP INVESTIMENTOS CCTVM S.A.,TG CORE ASSET LTDA,928248824.89,9.56522363,Renda Variável,LSPA11,FII LESTE PACI  ER,2099-12-01 00:00:00,39897.0,4388271.03,0.4727472755508225,2024-03-28,44.625.562/0001-04,FUNDO DE INVESTIMENTO IMOBILIARIO TG REAL ESTATE,FUNDO DE INVESTIMENTO IMOBILIARIO TG REAL ESTATE,FII,FECHADO,QUALIFICADO,TG CORE ASSET LTDA,13.194.316/0001-03,OLIVEIRA TRUST DTVM S.A.,36.113.876/0001-91,2024-12-31
8772,32781 - TG REAL ESTATE FII,44.625.562/0001-04,28/03/2024,Fundos de Investimentos Imobiliário,BR0B4QCTF006,XP INVESTIMENTOS CCTVM S.A.,TG CORE ASSET LTDA,928248824.89,9.56522363,Renda Variável,EQIR11,FII EQI RECECI  ER,2099-12-01 00:00:00,494149.0,4397926.1,0.4737874136841666,2024-03-28,44.625.562/0001-04,FUNDO DE INVESTIMENTO IMOBILIARIO TG REAL ESTATE,FUNDO DE INVESTIMENTO IMOBILIARIO TG REAL ESTATE,FII,FECHADO,QUALIFICADO,TG CORE ASSET LTDA,13.194.316/0001-03,OLIVEIRA TRUST DTVM S.A.,36.113.876/0001-91,2024-12-31
8773,32781 - TG REAL ESTATE FII,44.625.562/0001-04,28/03/2024,Fundos de Investimentos Imobiliário,BR0B4QCTF006,XP INVESTIMENTOS CCTVM S.A.,TG CORE ASSET LTDA,928248824.89,9.56522363,Renda Variável,SNME11,FII SNME    CI,2099-12-01 00:00:00,743929.0,7402093.55,0.797425577228947,2024-03-28,44.625.562/0001-04,FUNDO DE INVESTIMENTO IMOBILIARIO TG REAL ESTATE,FUNDO DE INVESTIMENTO IMOBILIARIO TG REAL ESTATE,FII,FECHADO,QUALIFICADO,TG CORE ASSET LTDA,13.194.316/0001-03,OLIVEIRA TRUST DTVM S.A.,36.113.876/0001-91,2024-12-31
8774,32781 - TG REAL ESTATE FII,44.625.562/0001-04,28/03/2024,Fundos de Investimentos Imobiliário,BR0B4QCTF006,XP INVESTIMENTOS CCTVM S.A.,TG CORE ASSET LTDA,928248824.89,9.56522363,Renda Variável,ARXD11,FII ARXD R  CI,2099-12-01 00:00:00,59563.0,5665036.93,0.6102929277256367,2024-03-28,44.625.562/0001-04,FUNDO DE INVESTIMENTO IMOBILIARIO TG REAL ESTATE,FUNDO DE INVESTIMENTO IMOBILIARIO TG REAL ESTATE,FII,FECHADO,QUALIFICADO,TG CORE ASSET LTDA,13.194.316/0001-03,OLIVEIRA TRUST DTVM S.A.,36.113.876/0001-91,2024-12-31
8775,32781 - TG REAL ESTATE FII,44.625.562/0001-04,28/03/2024,Fundos de Investimentos Imobiliário,BR0B4QCTF006,XP INVESTIMENTOS CCTVM S.A.,TG CORE ASSET LTDA,928248824.89,9.56522363,Renda Variável,MANA11,FII MANATI  CI,2099-12-01 00:00:00,591045.0,5603106.6,0.6036211896809007,2024-03-28,44.625.562/0001-04,FUNDO DE INVESTIMENTO IMOBILIARIO TG REAL ESTATE,FUNDO DE INVESTIMENTO IMOBILIARIO TG REAL ESTATE,FII,FECHADO,QUALIFICADO,TG CORE ASSET LTDA,13.194.316/0001-03,OLIVEIRA TRUST DTVM S.A.,36.113.876/0001-91,2024-12-31
8776,32781 - TG REAL ESTATE FII,44.625.562/0001-04,28/03/2024,Fundos de Investimentos Imobiliário,BR0B4QCTF006,XP INVESTIMENTOS CCTVM S.A.,TG CORE ASSET LTDA,928248824.89,9.56522363,Renda Variável,RBRX11,FII RBR MULTCI,2099-12-01 00:00:00,5047.0,49157.78,0.005295754616853442,2024-03-28,44.625.562/0001-04,FUNDO DE INVESTIMENTO IMOBILIARIO TG REAL ESTATE,FUNDO DE INVESTIMENTO IMOBILIARIO TG REAL ESTATE,FII,FECHADO,QUALIFICADO,TG CORE ASSET LTDA,13.194.316/0001-03,OLIVEIRA TRUST DTVM S.A.,36.113.876/0001-91,2024-12-31
8777,32781 - TG REAL ESTATE FII,44.625.562/0001-04,28/03/2024,Fundos de Investimentos Imobiliário,BR0B4QCTF006,XP INVESTIMENTOS CCTVM S.A.,TG CORE ASSET LTDA,928248824.89,9.56522363,Renda Variável,KIVO11,FII KIVO    CI,2099-12-01 00:00:00,29715.0,2701093.5,0.29098808719958114,2024-03-28,44.625.562/0001-04,FUNDO DE INVESTIMENTO IMOBILIARIO TG REAL ESTATE,FUNDO DE INVESTIMENTO IMOBILIARIO TG REAL ESTATE,FII,FECHADO,QUALIFICADO,TG CORE ASSET LTDA,13.194.316/0001-03,OLIVEIRA TRUST DTVM S.A.,36.113.876/0001-91,2024-12-31
8778,32781 - TG REAL ESTATE FII,44.625.562/0001-04,28/03/2024,Fundos de Investimentos Imobiliário,BR0B4QCTF006,XP INVESTIMENTOS CCTVM S.A.,TG CORE ASSET LTDA,928248824.89,9.56522363,Renda Variável,RBRY11,FII RBR PCRICI,2099-12-01 00:00:00,61733.0,6211574.46,0.6691712710475113,2024-03-28,44.625.562/0001-04,FUNDO DE INVESTIMENTO IMOBILIARIO TG REAL ESTATE,FUNDO DE INVESTIMENTO IMOBILIARIO TG REAL ESTATE,FII,FECHADO,QUALIFICADO,TG CORE ASSET LTDA,13.194.316/0001-03,OLIVEIRA TRUST DTVM S.A.,36.113.876/0001-91,2024-12-31
8779,32781 - TG REAL ESTATE FII,44.625.562/0001-04,28/03/2024,Fundos de Investimentos Imobiliário,BR0B4QCTF006,XP INVESTIMENTOS CCTVM S.A.,TG CORE ASSET LTDA,928248824.89,9.56522363,Renda Variável,HGIC11,FII HGI CRI CI,2099-12-01 00:00:00,354272.0,36606925.76,3.94365441446565,2024-03-28,44.625.562/0001-04,FUNDO DE INVESTIMENTO IMOBILIARIO TG REAL ESTATE,FUNDO DE INVESTIMENTO IMOBILIARIO TG REAL ESTATE,FII,FECHADO,QUALIFICADO,TG CORE ASSET LTDA,13.194.316/0001-03,OLIVEIRA TRUST DTVM S.A.,36.113.876/0001-91,2024-12-31
8780,32781 - TG REAL ESTATE FII,44.625.562/0001-04,28/03/2024,Fundos de Investimentos Imobiliário,BR0B4QCTF006,XP INVESTIMENTOS CCTVM S.A.,TG CORE ASSET LTDA,928248824.89,9.56522363,Renda Variável,TGRE SHARE,TGLT,2099-12-01 00:00:00,100000000.0,102123035.6,11.001687571444204,2024-03-28,44.625.562/0001-04,FUNDO DE INVESTIMENTO IMOBILIARIO TG REAL ESTATE,FUNDO DE INVESTIMENTO IMOBILIARIO TG REAL ESTATE,FII,FECHADO,QUALIFICADO,TG CORE ASSET LTDA,13.194.316/0001-03,OLIVEIRA TRUST DTVM S.A.,36.113.876/0001-91,2024-12-31
8781,32781 - TG REAL ESTATE FII,44.625.562/0001-04,28/03/2024,Fundos de Investimentos Imobiliário,BR0B4QCTF006,XP INVESTIMENTOS CCTVM S.A.,TG CORE ASSET LTDA,928248824.89,9.56522363,Renda Variável,TGRE INCORPORACOES,TGLT,2099-12-01 00:00:00,260000000.0,254708240.8,27.439651305799785,2024-03-28,44.625.562/0001-04,FUNDO DE INVESTIMENTO IMOBILIARIO TG REAL ESTATE,FUNDO DE INVESTIMENTO IMOBILIARIO TG REAL ESTATE,FII,FECHADO,QUALIFICADO,TG CORE ASSET LTDA,13.194.316/0001-03,OLIVEIRA TRUST DTVM S.A.,36.113.876/0001-91,2024-12-31
8782,32781 - TG REAL ESTATE FII,44.625.562/0001-04,28/03/2024,Fundos de Investimentos Imobiliário,BR0B4QCTF006,XP INVESTIMENTOS CCTVM S.A.,TG CORE ASSET LTDA,928248824.89,9.56522363,Renda Variável,TGRE LAND,TGLT,2099-12-01 00:00:00,50000000.0,41987358.72,4.523287031898544,2024-03-28,44.625.562/0001-04,FUNDO DE INVESTIMENTO IMOBILIARIO TG REAL ESTATE,FUNDO DE INVESTIMENTO IMOBILIARIO TG REAL ESTATE,FII,FECHADO,QUALIFICADO,TG CORE ASSET LTDA,13.194.316/0001-03,OLIVEIRA TRUST DTVM S.A.,36.113.876/0001-91,2024-12-31
8783,32781 - TG REAL ESTATE FII,44.625.562/0001-04,28/03/2024,Fundos de Investimentos Imobiliário,BR0B4QCTF006,XP INVESTIMENTOS CCTVM S.A.,TG CORE ASSET LTDA,928248824.89,9.56522363,Renda Variável,TGRE LOTEAMENTOS,TGLT,2099-12-01 00:00:00,620000000.0,626156389.91,67.45566200788902,2024-03-28,44.625.562/0001-04,FUNDO DE INVESTIMENTO IMOBILIARIO TG REAL ESTATE,FUNDO DE INVESTIMENTO IMOBILIARIO TG REAL ESTATE,FII,FECHADO,QUALIFICADO,TG CORE ASSET LTDA,13.194.316/0001-03,OLIVEIRA TRUST DTVM S.A.,36.113.876/0001-91,2024-12-31
8784,32781 - TG REAL ESTATE FII,44.625.562/0001-04,28/03/2024,Fundos de Investimentos Imobiliário,BR0B4QCTF006,XP INVESTIMENTOS CCTVM S.A.,TG CORE ASSET LTDA,928248824.89,9.56522363,Renda Variável,TGRE MALL,TGLT,2099-12-01 00:00:00,49139225.0,46107055.31,4.967100854177091,2024-03-28,44.625.562/0001-04,FUNDO DE INVESTIMENTO IMOBILIARIO TG REAL ESTATE,FUNDO DE INVESTIMENTO IMOBILIARIO TG REAL ESTATE,FII,FECHADO,QUALIFICADO,TG CORE ASSET LTDA,13.194.316/0001-03,OLIVEIRA TRUST DTVM S.A.,36.113.876/0001-91,2024-12-31
8935,22691 - XP SELECTION FII,30.983.020/0001-90,28/03/2024,Fundos de Investimentos Imobiliário,-,XP INVESTIMENTOS CCTVM S.A.,XP VISTA ASSET MANAGEMENT LTDA.,375670406.62,8.67556214,Dinheiro,Caixa,n/a,2099-12-01 00:00:00,1.0,87.25,2.3225145889187794e-05,2024-03-28,30.983.020/0001-90,XP SELECTION FUNDO DE FUNDOS DE INVESTIMENTO IMOBILIÁRIO - FII,XP SELECTION FUNDO DE FUNDOS DE INVESTIMENTO IMOBILIÁRIO - FII,FII,FECHADO,GERAL,XP VISTA ASSET MANAGMENT LTDA.,16.789.525/0001-98,OLIVEIRA TRUST DTVM S.A.,36.113.876/0001-91,2024-12-31
8948,32781 - TG REAL ESTATE FII,44.625.562/0001-04,28/03/2024,Fundos de Investimentos Imobiliário,BR0B4QCTF006,XP INVESTIMENTOS CCTVM S.A.,TG CORE ASSET LTDA,928248824.89,9.56522363,Dinheiro,Caixa,n/a,2099-12-01 00:00:00,1.0,100.0,1.0772973508676434e-05,2024-03-28,44.625.562/0001-04,FUNDO DE INVESTIMENTO IMOBILIARIO TG REAL ESTATE,FUNDO DE INVESTIMENTO IMOBILIARIO TG REAL ESTATE,FII,FECHADO,QUALIFICADO,TG CORE ASSET LTDA,13.194.316/0001-03,OLIVEIRA TRUST DTVM S.A.,36.113.876/0001-91,2024-12-31
9025,22691 - XP SELECTION FII,30.983.020/0001-90,28/06/2024,Fundos de Investimentos Imobiliário,-,XP INVESTIMENTOS CCTVM S.A.,XP VISTA ASSET MANAGEMENT LTDA.,359460221.66,8.30121147,Renda Fixa | Definitiva,21K0938631,BARIGUI SECURITIZADORA S.A.,20/11/2024,2970.0,850425.3043664321,0.23658398151515567,2024-06-28,30.983.020/0001-90,XP SELECTION FUNDO DE FUNDOS DE INVESTIMENTO IMOBILIÁRIO - FII,XP SELECTION FUNDO DE FUNDOS DE INVESTIMENTO IMOBILIÁRIO - FII,FII,FECHADO,GERAL,XP VISTA ASSET MANAGMENT LTDA.,16.789.525/0001-98,OLIVEIRA TRUST DTVM S.A.,36.113.876/0001-91,2024-12-31
9026,22691 - XP SELECTION FII,30.983.020/0001-90,28/06/2024,Fundos de Investimentos Imobiliário,-,XP INVESTIMENTOS CCTVM S.A.,XP VISTA ASSET MANAGEMENT LTDA.,359460221.66,8.30121147,Renda Fixa | Definitiva,20D1006203,TRUE SECURITIZADORA S.A.,03/05/2032,9196.0,8757576.823372385,2.4363131984200046,2024-06-28,30.983.020/0001-90,XP SELECTION FUNDO DE FUNDOS DE INVESTIMENTO IMOBILIÁRIO - FII,XP SELECTION FUNDO DE FUNDOS DE INVESTIMENTO IMOBILIÁRIO - FII,FII,FECHADO,GERAL,XP VISTA ASSET MANAGMENT LTDA.,16.789.525/0001-98,OLIVEIRA TRUST DTVM S.A.,36.113.876/0001-91,2024-12-31
9027,22691 - XP SELECTION FII,30.983.020/0001-90,28/06/2024,Fundos de Investimentos Imobiliário,-,XP INVESTIMENTOS CCTVM S.A.,XP VISTA ASSET MANAGEMENT LTDA.,359460221.66,8.30121147,Renda Fixa | Definitiva,20D1006203,TRUE SECURITIZADORA S.A.,03/05/2032,1023.0,974228.0437483634,0.2710252720730388,2024-06-28,30.983.020/0001-90,XP SELECTION FUNDO DE FUNDOS DE INVESTIMENTO IMOBILIÁRIO - FII,XP SELECTION FUNDO DE FUNDOS DE INVESTIMENTO IMOBILIÁRIO - FII,FII,FECHADO,GERAL,XP VISTA ASSET MANAGMENT LTDA.,16.789.525/0001-98,OLIVEIRA TRUST DTVM S.A.,36.113.876/0001-91,2024-12-31
9028,22691 - XP SELECTION FII,30.983.020/0001-90,28/06/2024,Fundos de Investimentos Imobiliário,-,XP INVESTIMENTOS CCTVM S.A.,XP VISTA ASSET MANAGEMENT LTDA.,359460221.66,8.30121147,Renda Fixa | Definitiva,21K0938631,BARIGUI SECURITIZADORA S.A.,20/11/2024,10913.0,3124811.901195581,0.8693067307322878,2024-06-28,30.983.020/0001-90,XP SELECTION FUNDO DE FUNDOS DE INVESTIMENTO IMOBILIÁRIO - FII,XP SELECTION FUNDO DE FUNDOS DE INVESTIMENTO IMOBILIÁRIO - FII,FII,FECHADO,GERAL,XP VISTA ASSET MANAGMENT LTDA.,16.789.525/0001-98,OLIVEIRA TRUST DTVM S.A.,36.113.876/0001-91,2024-12-31
9089,32781 - TG REAL ESTATE FII,44.625.562/0001-04,28/06/2024,Fundos de Investimentos Imobiliário,BR0B4QCTF006,XP INVESTIMENTOS CCTVM S.A.,TG CORE ASSET LTDA,1370583794.86,9.57866436,Renda Fixa | Definitiva,20D0942992,VIRGO COMPANHIA DE SECURITIZAÇÃO,20/04/2030,1198.0,476894.3793164539,0.0347949816060073,2024-06-28,44.625.562/0001-04,FUNDO DE INVESTIMENTO IMOBILIARIO TG REAL ESTATE,FUNDO DE INVESTIMENTO IMOBILIARIO TG REAL ESTATE,FII,FECHADO,QUALIFICADO,TG CORE ASSET LTDA,13.194.316/0001-03,OLIVEIRA TRUST DTVM S.A.,36.113.876/0001-91,2024-12-31
9090,32781 - TG REAL ESTATE FII,44.625.562/0001-04,28/06/2024,Fundos de Investimentos Imobiliário,BR0B4QCTF006,XP INVESTIMENTOS CCTVM S.A.,TG CORE ASSET LTDA,1370583794.86,9.57866436,Renda Fixa | Definitiva,20D0942992,VIRGO COMPANHIA DE SECURITIZAÇÃO,20/04/2030,4469.0,1778999.149553617,0.1297986417339288,2024-06-28,44.625.562/0001-04,FUNDO DE INVESTIMENTO IMOBILIARIO TG REAL ESTATE,FUNDO DE INVESTIMENTO IMOBILIARIO TG REAL ESTATE,FII,FECHADO,QUALIFICADO,TG CORE ASSET LTDA,13.194.316/0001-03,OLIVEIRA TRUST DTVM S.A.,36.113.876/0001-91,2024-12-31
9091,32781 - TG REAL ESTATE FII,44.625.562/0001-04,28/06/2024,Fundos de Investimentos Imobiliário,BR0B4QCTF006,XP INVESTIMENTOS CCTVM S.A.,TG CORE ASSET LTDA,1370583794.86,9.57866436,Renda Fixa | Definitiva,20D0995555,Forte Securitizadora SA,20/06/2029,1695.0,1544585.224213754,0.11269542438822776,2024-06-28,44.625.562/0001-04,FUNDO DE INVESTIMENTO IMOBILIARIO TG REAL ESTATE,FUNDO DE INVESTIMENTO IMOBILIARIO TG REAL ESTATE,FII,FECHADO,QUALIFICADO,TG CORE ASSET LTDA,13.194.316/0001-03,OLIVEIRA TRUST DTVM S.A.,36.113.876/0001-91,2024-12-31
9092,32781 - TG REAL ESTATE FII,44.625.562/0001-04,28/06/2024,Fundos de Investimentos Imobiliário,BR0B4QCTF006,XP INVESTIMENTOS CCTVM S.A.,TG CORE ASSET LTDA,1370583794.86,9.57866436,Renda Fixa | Definitiva,20D0995632,Forte Securitizadora SA,20/06/2029,3955.0,3093547.151363031,0.22571018006812385,2024-06-28,44.625.562/0001-04,FUNDO DE INVESTIMENTO IMOBILIARIO TG REAL ESTATE,FUNDO DE INVESTIMENTO IMOBILIARIO TG REAL ESTATE,FII,FECHADO,QUALIFICADO,TG CORE ASSET LTDA,13.194.316/0001-03,OLIVEIRA TRUST DTVM S.A.,36.113.876/0001-91,2024-12-31
9093,32781 - TG REAL ESTATE FII,44.625.562/0001-04,28/06/2024,Fundos de Investimentos Imobiliário,BR0B4QCTF006,XP INVESTIMENTOS CCTVM S.A.,TG CORE ASSET LTDA,1370583794.86,9.57866436,Renda Fixa | Definitiva,20F0851401,Forte Securitizadora SA,20/04/2030,1019.0,504521.8737256114,0.03681072807205826,2024-06-28,44.625.562/0001-04,FUNDO DE INVESTIMENTO IMOBILIARIO TG REAL ESTATE,FUNDO DE INVESTIMENTO IMOBILIARIO TG REAL ESTATE,FII,FECHADO,QUALIFICADO,TG CORE ASSET LTDA,13.194.316/0001-03,OLIVEIRA TRUST DTVM S.A.,36.113.876/0001-91,2024-12-31
9094,32781 - TG REAL ESTATE FII,44.625.562/0001-04,28/06/2024,Fundos de Investimentos Imobiliário,BR0B4QCTF006,XP INVESTIMENTOS CCTVM S.A.,TG CORE ASSET LTDA,1370583794.86,9.57866436,Renda Fixa | Definitiva,20F0851402,Forte Securitizadora SA,20/08/2029,3500.0,1769075.47546394,0.1290745944974962,2024-06-28,44.625.562/0001-04,FUNDO DE INVESTIMENTO IMOBILIARIO TG REAL ESTATE,FUNDO DE INVESTIMENTO IMOBILIARIO TG REAL ESTATE,FII,FECHADO,QUALIFICADO,TG CORE ASSET LTDA,13.194.316/0001-03,OLIVEIRA TRUST DTVM S.A.,36.113.876/0001-91,2024-12-31
9095,32781 - TG REAL ESTATE FII,44.625.562/0001-04,28/06/2024,Fundos de Investimentos Imobiliário,BR0B4QCTF006,XP INVESTIMENTOS CCTVM S.A.,TG CORE ASSET LTDA,1370583794.86,9.57866436,Renda Fixa | Definitiva,20F0851403,Forte Securitizadora SA,20/08/2029,3500.0,1875037.150588095,0.13680572888866116,2024-06-28,44.625.562/0001-04,FUNDO DE INVESTIMENTO IMOBILIARIO TG REAL ESTATE,FUNDO DE INVESTIMENTO IMOBILIARIO TG REAL ESTATE,FII,FECHADO,QUALIFICADO,TG CORE ASSET LTDA,13.194.316/0001-03,OLIVEIRA TRUST DTVM S.A.,36.113.876/0001-91,2024-12-31
9096,32781 - TG REAL ESTATE FII,44.625.562/0001-04,28/06/2024,Fundos de Investimentos Imobiliário,BR0B4QCTF006,XP INVESTIMENTOS CCTVM S.A.,TG CORE ASSET LTDA,1370583794.86,9.57866436,Renda Fixa | Definitiva,20F0851404,Forte Securitizadora SA,20/08/2029,782.0,391055.3746497169,0.028532029644321145,2024-06-28,44.625.562/0001-04,FUNDO DE INVESTIMENTO IMOBILIARIO TG REAL ESTATE,FUNDO DE INVESTIMENTO IMOBILIARIO TG REAL ESTATE,FII,FECHADO,QUALIFICADO,TG CORE ASSET LTDA,13.194.316/0001-03,OLIVEIRA TRUST DTVM S.A.,36.113.876/0001-91,2024-12-31
9097,32781 - TG REAL ESTATE FII,44.625.562/0001-04,28/06/2024,Fundos de Investimentos Imobiliário,BR0B4QCTF006,XP INVESTIMENTOS CCTVM S.A.,TG CORE ASSET LTDA,1370583794.86,9.57866436,Renda Fixa | Definitiva,20F0851404,Forte Securitizadora SA,20/08/2029,3418.0,1709242.033954901,0.12470905028681546,2024-06-28,44.625.562/0001-04,FUNDO DE INVESTIMENTO IMOBILIARIO TG REAL ESTATE,FUNDO DE INVESTIMENTO IMOBILIARIO TG REAL ESTATE,FII,FECHADO,QUALIFICADO,TG CORE ASSET LTDA,13.194.316/0001-03,OLIVEIRA TRUST DTVM S.A.,36.113.876/0001-91,2024-12-31
9098,32781 - TG REAL ESTATE FII,44.625.562/0001-04,28/06/2024,Fundos de Investimentos Imobiliário,BR0B4QCTF006,XP INVESTIMENTOS CCTVM S.A.,TG CORE ASSET LTDA,1370583794.86,9.57866436,Renda Fixa | Definitiva,20F0851405,Forte Securitizadora SA,20/08/2029,1750.0,950490.2022616244,0.06934929522924306,2024-06-28,44.625.562/0001-04,FUNDO DE INVESTIMENTO IMOBILIARIO TG REAL ESTATE,FUNDO DE INVESTIMENTO IMOBILIARIO TG REAL ESTATE,FII,FECHADO,QUALIFICADO,TG CORE ASSET LTDA,13.194.316/0001-03,OLIVEIRA TRUST DTVM S.A.,36.113.876/0001-91,2024-12-31
9099,32781 - TG REAL ESTATE FII,44.625.562/0001-04,28/06/2024,Fundos de Investimentos Imobiliário,BR0B4QCTF006,XP INVESTIMENTOS CCTVM S.A.,TG CORE ASSET LTDA,1370583794.86,9.57866436,Renda Fixa | Definitiva,20F0851406,Forte Securitizadora SA,20/08/2029,2850.0,1434424.716301054,0.10465793639764837,2024-06-28,44.625.562/0001-04,FUNDO DE INVESTIMENTO IMOBILIARIO TG REAL ESTATE,FUNDO DE INVESTIMENTO IMOBILIARIO TG REAL ESTATE,FII,FECHADO,QUALIFICADO,TG CORE ASSET LTDA,13.194.316/0001-03,OLIVEIRA TRUST DTVM S.A.,36.113.876/0001-91,2024-12-31
9100,32781 - TG REAL ESTATE FII,44.625.562/0001-04,28/06/2024,Fundos de Investimentos Imobiliário,BR0B4QCTF006,XP INVESTIMENTOS CCTVM S.A.,TG CORE ASSET LTDA,1370583794.86,9.57866436,Renda Fixa | Definitiva,20F0851407,Forte Securitizadora SA,20/08/2029,1500.0,743238.7053655635,0.05422789238811061,2024-06-28,44.625.562/0001-04,FUNDO DE INVESTIMENTO IMOBILIARIO TG REAL ESTATE,FUNDO DE INVESTIMENTO IMOBILIARIO TG REAL ESTATE,FII,FECHADO,QUALIFICADO,TG CORE ASSET LTDA,13.194.316/0001-03,OLIVEIRA TRUST DTVM S.A.,36.113.876/0001-91,2024-12-31
9101,32781 - TG REAL ESTATE FII,44.625.562/0001-04,28/06/2024,Fundos de Investimentos Imobiliário,BR0B4QCTF006,XP INVESTIMENTOS CCTVM S.A.,TG CORE ASSET LTDA,1370583794.86,9.57866436,Renda Fixa | Definitiva,20F0851408,Forte Securitizadora SA,20/08/2029,1500.0,745861.948824468,0.05441928845369538,2024-06-28,44.625.562/0001-04,FUNDO DE INVESTIMENTO IMOBILIARIO TG REAL ESTATE,FUNDO DE INVESTIMENTO IMOBILIARIO TG REAL ESTATE,FII,FECHADO,QUALIFICADO,TG CORE ASSET LTDA,13.194.316/0001-03,OLIVEIRA TRUST DTVM S.A.,36.113.876/0001-91,2024-12-31
9102,32781 - TG REAL ESTATE FII,44.625.562/0001-04,28/06/2024,Fundos de Investimentos Imobiliário,BR0B4QCTF006,XP INVESTIMENTOS CCTVM S.A.,TG CORE ASSET LTDA,1370583794.86,9.57866436,Renda Fixa | Definitiva,20F0851409,Forte Securitizadora SA,20/08/2029,1800.0,884732.3329386276,0.06455149522827969,2024-06-28,44.625.562/0001-04,FUNDO DE INVESTIMENTO IMOBILIARIO TG REAL ESTATE,FUNDO DE INVESTIMENTO IMOBILIARIO TG REAL ESTATE,FII,FECHADO,QUALIFICADO,TG CORE ASSET LTDA,13.194.316/0001-03,OLIVEIRA TRUST DTVM S.A.,36.113.876/0001-91,2024-12-31
9103,32781 - TG REAL ESTATE FII,44.625.562/0001-04,28/06/2024,Fundos de Investimentos Imobiliário,BR0B4QCTF006,XP INVESTIMENTOS CCTVM S.A.,TG CORE ASSET LTDA,1370583794.86,9.57866436,Renda Fixa | Definitiva,20F0851410,Forte Securitizadora SA,20/08/2029,750.0,406195.6318447859,0.02963668718163104,2024-06-28,44.625.562/0001-04,FUNDO DE INVESTIMENTO IMOBILIARIO TG REAL ESTATE,FUNDO DE INVESTIMENTO IMOBILIARIO TG REAL ESTATE,FII,FECHADO,QUALIFICADO,TG CORE ASSET LTDA,13.194.316/0001-03,OLIVEIRA TRUST DTVM S.A.,36.113.876/0001-91,2024-12-31
9104,32781 - TG REAL ESTATE FII,44.625.562/0001-04,28/06/2024,Fundos de Investimentos Imobiliário,BR0B4QCTF006,XP INVESTIMENTOS CCTVM S.A.,TG CORE ASSET LTDA,1370583794.86,9.57866436,Renda Fixa | Definitiva,20K0713315,VIRGO COMPANHIA DE SECURITIZAÇÃO,24/11/2025,344.0,1924869.414009638,0.14044157104646462,2024-06-28,44.625.562/0001-04,FUNDO DE INVESTIMENTO IMOBILIARIO TG REAL ESTATE,FUNDO DE INVESTIMENTO IMOBILIARIO TG REAL ESTATE,FII,FECHADO,QUALIFICADO,TG CORE ASSET LTDA,13.194.316/0001-03,OLIVEIRA TRUST DTVM S.A.,36.113.876/0001-91,2024-12-31
9105,32781 - TG REAL ESTATE FII,44.625.562/0001-04,28/06/2024,Fundos de Investimentos Imobiliário,BR0B4QCTF006,XP INVESTIMENTOS CCTVM S.A.,TG CORE ASSET LTDA,1370583794.86,9.57866436,Renda Fixa | Definitiva,20K0713315,VIRGO COMPANHIA DE SECURITIZAÇÃO,24/11/2025,944.0,5282199.787282262,0.3853977996158797,2024-06-28,44.625.562/0001-04,FUNDO DE INVESTIMENTO IMOBILIARIO TG REAL ESTATE,FUNDO DE INVESTIMENTO IMOBILIARIO TG REAL ESTATE,FII,FECHADO,QUALIFICADO,TG CORE ASSET LTDA,13.194.316/0001-03,OLIVEIRA TRUST DTVM S.A.,36.113.876/0001-91,2024-12-31
9106,32781 - TG REAL ESTATE FII,44.625.562/0001-04,28/06/2024,Fundos de Investimentos Imobiliário,BR0B4QCTF006,XP INVESTIMENTOS CCTVM S.A.,TG CORE ASSET LTDA,1370583794.86,9.57866436,Renda Fixa | Definitiva,20K0713315,VIRGO COMPANHIA DE SECURITIZAÇÃO,24/11/2025,166.0,928861.4032720926,0.06777122323753815,2024-06-28,44.625.562/0001-04,FUNDO DE INVESTIMENTO IMOBILIARIO TG REAL ESTATE,FUNDO DE INVESTIMENTO IMOBILIARIO TG REAL ESTATE,FII,FECHADO,QUALIFICADO,TG CORE ASSET LTDA,13.194.316/0001-03,OLIVEIRA TRUST DTVM S.A.,36.113.876/0001-91,2024-12-31
9107,32781 - TG REAL ESTATE FII,44.625.562/0001-04,28/06/2024,Fundos de Investimentos Imobiliário,BR0B4QCTF006,XP INVESTIMENTOS CCTVM S.A.,TG CORE ASSET LTDA,1370583794.86,9.57866436,Renda Fixa | Definitiva,21A0607973,VIRGO COMPANHIA DE SECURITIZAÇÃO,20/01/2026,3300.0,3965223.640195818,0.289309099893513,2024-06-28,44.625.562/0001-04,FUNDO DE INVESTIMENTO IMOBILIARIO TG REAL ESTATE,FUNDO DE INVESTIMENTO IMOBILIARIO TG REAL ESTATE,FII,FECHADO,QUALIFICADO,TG CORE ASSET LTDA,13.194.316/0001-03,OLIVEIRA TRUST DTVM S.A.,36.113.876/0001-91,2024-12-31
9108,32781 - TG REAL ESTATE FII,44.625.562/0001-04,28/06/2024,Fundos de Investimentos Imobiliário,BR0B4QCTF006,XP INVESTIMENTOS CCTVM S.A.,TG CORE ASSET LTDA,1370583794.86,9.57866436,Renda Fixa | Definitiva,21A0608480,VIRGO COMPANHIA DE SECURITIZAÇÃO,20/01/2026,3300.0,3596764.027708236,0.2624256934305598,2024-06-28,44.625.562/0001-04,FUNDO DE INVESTIMENTO IMOBILIARIO TG REAL ESTATE,FUNDO DE INVESTIMENTO IMOBILIARIO TG REAL ESTATE,FII,FECHADO,QUALIFICADO,TG CORE ASSET LTDA,13.194.316/0001-03,OLIVEIRA TRUST DTVM S.A.,36.113.876/0001-91,2024-12-31
9109,32781 - TG REAL ESTATE FII,44.625.562/0001-04,28/06/2024,Fundos de Investimentos Imobiliário,BR0B4QCTF006,XP INVESTIMENTOS CCTVM S.A.,TG CORE ASSET LTDA,1370583794.86,9.57866436,Renda Fixa | Definitiva,21A0608492,VIRGO COMPANHIA DE SECURITIZAÇÃO,20/01/2026,1800.0,1926385.954811226,0.140552220304633,2024-06-28,44.625.562/0001-04,FUNDO DE INVESTIMENTO IMOBILIARIO TG REAL ESTATE,FUNDO DE INVESTIMENTO IMOBILIARIO TG REAL ESTATE,FII,FECHADO,QUALIFICADO,TG CORE ASSET LTDA,13.194.316/0001-03,OLIVEIRA TRUST DTVM S.A.,36.113.876/0001-91,2024-12-31
9110,32781 - TG REAL ESTATE FII,44.625.562/0001-04,28/06/2024,Fundos de Investimentos Imobiliário,BR0B4QCTF006,XP INVESTIMENTOS CCTVM S.A.,TG CORE ASSET LTDA,1370583794.86,9.57866436,Renda Fixa | Definitiva,21A0796003,Forte Securitizadora SA,20/11/2031,1070.0,725872.8043737283,0.05296084829661024,2024-06-28,44.625.562/0001-04,FUNDO DE INVESTIMENTO IMOBILIARIO TG REAL ESTATE,FUNDO DE INVESTIMENTO IMOBILIARIO TG REAL ESTATE,FII,FECHADO,QUALIFICADO,TG CORE ASSET LTDA,13.194.316/0001-03,OLIVEIRA TRUST DTVM S.A.,36.113.876/0001-91,2024-12-31
9111,32781 - TG REAL ESTATE FII,44.625.562/0001-04,28/06/2024,Fundos de Investimentos Imobiliário,BR0B4QCTF006,XP INVESTIMENTOS CCTVM S.A.,TG CORE ASSET LTDA,1370583794.86,9.57866436,Renda Fixa | Definitiva,21B0718276,Forte Securitizadora SA,20/02/2031,9000.0,7235645.417867322,0.5279243374248721,2024-06-28,44.625.562/0001-04,FUNDO DE INVESTIMENTO IMOBILIARIO TG REAL ESTATE,FUNDO DE INVESTIMENTO IMOBILIARIO TG REAL ESTATE,FII,FECHADO,QUALIFICADO,TG CORE ASSET LTDA,13.194.316/0001-03,OLIVEIRA TRUST DTVM S.A.,36.113.876/0001-91,2024-12-31
9112,32781 - TG REAL ESTATE FII,44.625.562/0001-04,28/06/2024,Fundos de Investimentos Imobiliário,BR0B4QCTF006,XP INVESTIMENTOS CCTVM S.A.,TG CORE ASSET LTDA,1370583794.86,9.57866436,Renda Fixa | Definitiva,21C0528435,VIRGO COMPANHIA DE SECURITIZAÇÃO,20/01/2032,2292.0,1173266.457308893,0.08560340941640404,2024-06-28,44.625.562/0001-04,FUNDO DE INVESTIMENTO IMOBILIARIO TG REAL ESTATE,FUNDO DE INVESTIMENTO IMOBILIARIO TG REAL ESTATE,FII,FECHADO,QUALIFICADO,TG CORE ASSET LTDA,13.194.316/0001-03,OLIVEIRA TRUST DTVM S.A.,36.113.876/0001-91,2024-12-31
9113,32781 - TG REAL ESTATE FII,44.625.562/0001-04,28/06/2024,Fundos de Investimentos Imobiliário,BR0B4QCTF006,XP INVESTIMENTOS CCTVM S.A.,TG CORE ASSET LTDA,1370583794.86,9.57866436,Renda Fixa | Definitiva,21C0528435,VIRGO COMPANHIA DE SECURITIZAÇÃO,20/01/2032,2571.0,1316085.541771886,0.09602371972494532,2024-06-28,44.625.562/0001-04,FUNDO DE INVESTIMENTO IMOBILIARIO TG REAL ESTATE,FUNDO DE INVESTIMENTO IMOBILIARIO TG REAL ESTATE,FII,FECHADO,QUALIFICADO,TG CORE ASSET LTDA,13.194.316/0001-03,OLIVEIRA TRUST DTVM S.A.,36.113.876/0001-91,2024-12-31
9114,32781 - TG REAL ESTATE FII,44.625.562/0001-04,28/06/2024,Fundos de Investimentos Imobiliário,BR0B4QCTF006,XP INVESTIMENTOS CCTVM S.A.,TG CORE ASSET LTDA,1370583794.86,9.57866436,Renda Fixa | Definitiva,21C0528814,VIRGO COMPANHIA DE SECURITIZAÇÃO,20/01/2032,571.0,251718.4674188057,0.018365784592142928,2024-06-28,44.625.562/0001-04,FUNDO DE INVESTIMENTO IMOBILIARIO TG REAL ESTATE,FUNDO DE INVESTIMENTO IMOBILIARIO TG REAL ESTATE,FII,FECHADO,QUALIFICADO,TG CORE ASSET LTDA,13.194.316/0001-03,OLIVEIRA TRUST DTVM S.A.,36.113.876/0001-91,2024-12-31
9115,32781 - TG REAL ESTATE FII,44.625.562/0001-04,28/06/2024,Fundos de Investimentos Imobiliário,BR0B4QCTF006,XP INVESTIMENTOS CCTVM S.A.,TG CORE ASSET LTDA,1370583794.86,9.57866436,Renda Fixa | Definitiva,21C0775913,VIRGO COMPANHIA DE SECURITIZAÇÃO,20/06/2026,2000.0,2430291.3299631,0.1773179676483294,2024-06-28,44.625.562/0001-04,FUNDO DE INVESTIMENTO IMOBILIARIO TG REAL ESTATE,FUNDO DE INVESTIMENTO IMOBILIARIO TG REAL ESTATE,FII,FECHADO,QUALIFICADO,TG CORE ASSET LTDA,13.194.316/0001-03,OLIVEIRA TRUST DTVM S.A.,36.113.876/0001-91,2024-12-31
9116,32781 - TG REAL ESTATE FII,44.625.562/0001-04,28/06/2024,Fundos de Investimentos Imobiliário,BR0B4QCTF006,XP INVESTIMENTOS CCTVM S.A.,TG CORE ASSET LTDA,1370583794.86,9.57866436,Renda Fixa | Definitiva,21C0775913,VIRGO COMPANHIA DE SECURITIZAÇÃO,20/06/2026,6000.0,7290873.9898893,0.5319539029449882,2024-06-28,44.625.562/0001-04,FUNDO DE INVESTIMENTO IMOBILIARIO TG REAL ESTATE,FUNDO DE INVESTIMENTO IMOBILIARIO TG REAL ESTATE,FII,FECHADO,QUALIFICADO,TG CORE ASSET LTDA,13.194.316/0001-03,OLIVEIRA TRUST DTVM S.A.,36.113.876/0001-91,2024-12-31
9117,32781 - TG REAL ESTATE FII,44.625.562/0001-04,28/06/2024,Fundos de Investimentos Imobiliário,BR0B4QCTF006,XP INVESTIMENTOS CCTVM S.A.,TG CORE ASSET LTDA,1370583794.86,9.57866436,Renda Fixa | Definitiva,21C0775913,VIRGO COMPANHIA DE SECURITIZAÇÃO,20/06/2026,2200.0,2673320.46295941,0.19504976441316235,2024-06-28,44.625.562/0001-04,FUNDO DE INVESTIMENTO IMOBILIARIO TG REAL ESTATE,FUNDO DE INVESTIMENTO IMOBILIARIO TG REAL ESTATE,FII,FECHADO,QUALIFICADO,TG CORE ASSET LTDA,13.194.316/0001-03,OLIVEIRA TRUST DTVM S.A.,36.113.876/0001-91,2024-12-31
9118,32781 - TG REAL ESTATE FII,44.625.562/0001-04,28/06/2024,Fundos de Investimentos Imobiliário,BR0B4QCTF006,XP INVESTIMENTOS CCTVM S.A.,TG CORE ASSET LTDA,1370583794.86,9.57866436,Renda Fixa | Definitiva,21C0822819,VIRGO COMPANHIA DE SECURITIZAÇÃO,20/01/2032,2422.0,1598618.146221002,0.11663775335854563,2024-06-28,44.625.562/0001-04,FUNDO DE INVESTIMENTO IMOBILIARIO TG REAL ESTATE,FUNDO DE INVESTIMENTO IMOBILIARIO TG REAL ESTATE,FII,FECHADO,QUALIFICADO,TG CORE ASSET LTDA,13.194.316/0001-03,OLIVEIRA TRUST DTVM S.A.,36.113.876/0001-91,2024-12-31
9119,32781 - TG REAL ESTATE FII,44.625.562/0001-04,28/06/2024,Fundos de Investimentos Imobiliário,BR0B4QCTF006,XP INVESTIMENTOS CCTVM S.A.,TG CORE ASSET LTDA,1370583794.86,9.57866436,Renda Fixa | Definitiva,21C0822821,VIRGO COMPANHIA DE SECURITIZAÇÃO,20/01/2032,500.0,360261.883142996,0.026285286933499415,2024-06-28,44.625.562/0001-04,FUNDO DE INVESTIMENTO IMOBILIARIO TG REAL ESTATE,FUNDO DE INVESTIMENTO IMOBILIARIO TG REAL ESTATE,FII,FECHADO,QUALIFICADO,TG CORE ASSET LTDA,13.194.316/0001-03,OLIVEIRA TRUST DTVM S.A.,36.113.876/0001-91,2024-12-31
9120,32781 - TG REAL ESTATE FII,44.625.562/0001-04,28/06/2024,Fundos de Investimentos Imobiliário,BR0B4QCTF006,XP INVESTIMENTOS CCTVM S.A.,TG CORE ASSET LTDA,1370583794.86,9.57866436,Renda Fixa | Definitiva,21C0822821,VIRGO COMPANHIA DE SECURITIZAÇÃO,20/01/2032,1500.0,1080785.649428988,0.07885586080049826,2024-06-28,44.625.562/0001-04,FUNDO DE INVESTIMENTO IMOBILIARIO TG REAL ESTATE,FUNDO DE INVESTIMENTO IMOBILIARIO TG REAL ESTATE,FII,FECHADO,QUALIFICADO,TG CORE ASSET LTDA,13.194.316/0001-03,OLIVEIRA TRUST DTVM S.A.,36.113.876/0001-91,2024-12-31
9121,32781 - TG REAL ESTATE FII,44.625.562/0001-04,28/06/2024,Fundos de Investimentos Imobiliário,BR0B4QCTF006,XP INVESTIMENTOS CCTVM S.A.,TG CORE ASSET LTDA,1370583794.86,9.57866436,Renda Fixa | Definitiva,21C0830878,VIRGO COMPANHIA DE SECURITIZAÇÃO,20/01/2032,1863.0,1259411.279316763,0.09188867430359536,2024-06-28,44.625.562/0001-04,FUNDO DE INVESTIMENTO IMOBILIARIO TG REAL ESTATE,FUNDO DE INVESTIMENTO IMOBILIARIO TG REAL ESTATE,FII,FECHADO,QUALIFICADO,TG CORE ASSET LTDA,13.194.316/0001-03,OLIVEIRA TRUST DTVM S.A.,36.113.876/0001-91,2024-12-31
9122,32781 - TG REAL ESTATE FII,44.625.562/0001-04,28/06/2024,Fundos de Investimentos Imobiliário,BR0B4QCTF006,XP INVESTIMENTOS CCTVM S.A.,TG CORE ASSET LTDA,1370583794.86,9.57866436,Renda Fixa | Definitiva,21C0830878,VIRGO COMPANHIA DE SECURITIZAÇÃO,20/01/2032,2200.0,1487227.490336489,0.10851051179168536,2024-06-28,44.625.562/0001-04,FUNDO DE INVESTIMENTO IMOBILIARIO TG REAL ESTATE,FUNDO DE INVESTIMENTO IMOBILIARIO TG REAL ESTATE,FII,FECHADO,QUALIFICADO,TG CORE ASSET LTDA,13.194.316/0001-03,OLIVEIRA TRUST DTVM S.A.,36.113.876/0001-91,2024-12-31
9123,32781 - TG REAL ESTATE FII,44.625.562/0001-04,28/06/2024,Fundos de Investimentos Imobiliário,BR0B4QCTF006,XP INVESTIMENTOS CCTVM S.A.,TG CORE ASSET LTDA,1370583794.86,9.57866436,Renda Fixa | Definitiva,21C0830879,VIRGO COMPANHIA DE SECURITIZAÇÃO,20/01/2032,702.0,469324.7408343898,0.03424268859696605,2024-06-28,44.625.562/0001-04,FUNDO DE INVESTIMENTO IMOBILIARIO TG REAL ESTATE,FUNDO DE INVESTIMENTO IMOBILIARIO TG REAL ESTATE,FII,FECHADO,QUALIFICADO,TG CORE ASSET LTDA,13.194.316/0001-03,OLIVEIRA TRUST DTVM S.A.,36.113.876/0001-91,2024-12-31
9124,32781 - TG REAL ESTATE FII,44.625.562/0001-04,28/06/2024,Fundos de Investimentos Imobiliário,BR0B4QCTF006,XP INVESTIMENTOS CCTVM S.A.,TG CORE ASSET LTDA,1370583794.86,9.57866436,Renda Fixa | Definitiva,21C0830879,VIRGO COMPANHIA DE SECURITIZAÇÃO,20/01/2032,563.0,376395.7679341331,0.027462441139732036,2024-06-28,44.625.562/0001-04,FUNDO DE INVESTIMENTO IMOBILIARIO TG REAL ESTATE,FUNDO DE INVESTIMENTO IMOBILIARIO TG REAL ESTATE,FII,FECHADO,QUALIFICADO,TG CORE ASSET LTDA,13.194.316/0001-03,OLIVEIRA TRUST DTVM S.A.,36.113.876/0001-91,2024-12-31
9125,32781 - TG REAL ESTATE FII,44.625.562/0001-04,28/06/2024,Fundos de Investimentos Imobiliário,BR0B4QCTF006,XP INVESTIMENTOS CCTVM S.A.,TG CORE ASSET LTDA,1370583794.86,9.57866436,Renda Fixa | Definitiva,21C0830879,VIRGO COMPANHIA DE SECURITIZAÇÃO,20/01/2032,235.0,157110.1340400022,0.011463008291007147,2024-06-28,44.625.562/0001-04,FUNDO DE INVESTIMENTO IMOBILIARIO TG REAL ESTATE,FUNDO DE INVESTIMENTO IMOBILIARIO TG REAL ESTATE,FII,FECHADO,QUALIFICADO,TG CORE ASSET LTDA,13.194.316/0001-03,OLIVEIRA TRUST DTVM S.A.,36.113.876/0001-91,2024-12-31
9126,32781 - TG REAL ESTATE FII,44.625.562/0001-04,28/06/2024,Fundos de Investimentos Imobiliário,BR0B4QCTF006,XP INVESTIMENTOS CCTVM S.A.,TG CORE ASSET LTDA,1370583794.86,9.57866436,Renda Fixa | Definitiva,21C0834078,VIRGO COMPANHIA DE SECURITIZAÇÃO,20/01/2032,3500.0,2598078.865515924,0.1895600163418909,2024-06-28,44.625.562/0001-04,FUNDO DE INVESTIMENTO IMOBILIARIO TG REAL ESTATE,FUNDO DE INVESTIMENTO IMOBILIARIO TG REAL ESTATE,FII,FECHADO,QUALIFICADO,TG CORE ASSET LTDA,13.194.316/0001-03,OLIVEIRA TRUST DTVM S.A.,36.113.876/0001-91,2024-12-31
9127,32781 - TG REAL ESTATE FII,44.625.562/0001-04,28/06/2024,Fundos de Investimentos Imobiliário,BR0B4QCTF006,XP INVESTIMENTOS CCTVM S.A.,TG CORE ASSET LTDA,1370583794.86,9.57866436,Renda Fixa | Definitiva,21D0503168,Forte Securitizadora SA,20/04/2028,2500.0,708065.566847995,0.0516616035811456,2024-06-28,44.625.562/0001-04,FUNDO DE INVESTIMENTO IMOBILIARIO TG REAL ESTATE,FUNDO DE INVESTIMENTO IMOBILIARIO TG REAL ESTATE,FII,FECHADO,QUALIFICADO,TG CORE ASSET LTDA,13.194.316/0001-03,OLIVEIRA TRUST DTVM S.A.,36.113.876/0001-91,2024-12-31
9128,32781 - TG REAL ESTATE FII,44.625.562/0001-04,28/06/2024,Fundos de Investimentos Imobiliário,BR0B4QCTF006,XP INVESTIMENTOS CCTVM S.A.,TG CORE ASSET LTDA,1370583794.86,9.57866436,Renda Fixa | Definitiva,21F0929701,VIRGO COMPANHIA DE SECURITIZAÇÃO,20/06/2033,2891.0,2074616.570936345,0.15136736467457354,2024-06-28,44.625.562/0001-04,FUNDO DE INVESTIMENTO IMOBILIARIO TG REAL ESTATE,FUNDO DE INVESTIMENTO IMOBILIARIO TG REAL ESTATE,FII,FECHADO,QUALIFICADO,TG CORE ASSET LTDA,13.194.316/0001-03,OLIVEIRA TRUST DTVM S.A.,36.113.876/0001-91,2024-12-31
9129,32781 - TG REAL ESTATE FII,44.625.562/0001-04,28/06/2024,Fundos de Investimentos Imobiliário,BR0B4QCTF006,XP INVESTIMENTOS CCTVM S.A.,TG CORE ASSET LTDA,1370583794.86,9.57866436,Renda Fixa | Definitiva,21F0930064,VIRGO COMPANHIA DE SECURITIZAÇÃO,20/06/2033,1000.0,725286.370343448,0.05291806112573609,2024-06-28,44.625.562/0001-04,FUNDO DE INVESTIMENTO IMOBILIARIO TG REAL ESTATE,FUNDO DE INVESTIMENTO IMOBILIARIO TG REAL ESTATE,FII,FECHADO,QUALIFICADO,TG CORE ASSET LTDA,13.194.316/0001-03,OLIVEIRA TRUST DTVM S.A.,36.113.876/0001-91,2024-12-31
9130,32781 - TG REAL ESTATE FII,44.625.562/0001-04,28/06/2024,Fundos de Investimentos Imobiliário,BR0B4QCTF006,XP INVESTIMENTOS CCTVM S.A.,TG CORE ASSET LTDA,1370583794.86,9.57866436,Renda Fixa | Definitiva,21I0142395,Forte Securitizadora SA,20/05/2028,4000.0,2502963.50116346,0.1826202462447127,2024-06-28,44.625.562/0001-04,FUNDO DE INVESTIMENTO IMOBILIARIO TG REAL ESTATE,FUNDO DE INVESTIMENTO IMOBILIARIO TG REAL ESTATE,FII,FECHADO,QUALIFICADO,TG CORE ASSET LTDA,13.194.316/0001-03,OLIVEIRA TRUST DTVM S.A.,36.113.876/0001-91,2024-12-31
9131,32781 - TG REAL ESTATE FII,44.625.562/0001-04,28/06/2024,Fundos de Investimentos Imobiliário,BR0B4QCTF006,XP INVESTIMENTOS CCTVM S.A.,TG CORE ASSET LTDA,1370583794.86,9.57866436,Renda Fixa | Definitiva,21I0142421,Forte Securitizadora SA,20/05/2028,1000.0,625917.098871361,0.0456679191172909,2024-06-28,44.625.562/0001-04,FUNDO DE INVESTIMENTO IMOBILIARIO TG REAL ESTATE,FUNDO DE INVESTIMENTO IMOBILIARIO TG REAL ESTATE,FII,FECHADO,QUALIFICADO,TG CORE ASSET LTDA,13.194.316/0001-03,OLIVEIRA TRUST DTVM S.A.,36.113.876/0001-91,2024-12-31
9132,32781 - TG REAL ESTATE FII,44.625.562/0001-04,28/06/2024,Fundos de Investimentos Imobiliário,BR0B4QCTF006,XP INVESTIMENTOS CCTVM S.A.,TG CORE ASSET LTDA,1370583794.86,9.57866436,Renda Fixa | Definitiva,22F0636862,RB CAPITAL SECURITIZADORA S.A.,24/05/2028,3924.0,2602021.34636134,0.18984766609086656,2024-06-28,44.625.562/0001-04,FUNDO DE INVESTIMENTO IMOBILIARIO TG REAL ESTATE,FUNDO DE INVESTIMENTO IMOBILIARIO TG REAL ESTATE,FII,FECHADO,QUALIFICADO,TG CORE ASSET LTDA,13.194.316/0001-03,OLIVEIRA TRUST DTVM S.A.,36.113.876/0001-91,2024-12-31
9133,32781 - TG REAL ESTATE FII,44.625.562/0001-04,28/06/2024,Fundos de Investimentos Imobiliário,BR0B4QCTF006,XP INVESTIMENTOS CCTVM S.A.,TG CORE ASSET LTDA,1370583794.86,9.57866436,Renda Fixa | Definitiva,22F0636862,RB CAPITAL SECURITIZADORA S.A.,24/05/2028,718.0,476108.9007868099,0.03473767182804337,2024-06-28,44.625.562/0001-04,FUNDO DE INVESTIMENTO IMOBILIARIO TG REAL ESTATE,FUNDO DE INVESTIMENTO IMOBILIARIO TG REAL ESTATE,FII,FECHADO,QUALIFICADO,TG CORE ASSET LTDA,13.194.316/0001-03,OLIVEIRA TRUST DTVM S.A.,36.113.876/0001-91,2024-12-31
9134,32781 - TG REAL ESTATE FII,44.625.562/0001-04,28/06/2024,Fundos de Investimentos Imobiliário,BR0B4QCTF006,XP INVESTIMENTOS CCTVM S.A.,TG CORE ASSET LTDA,1370583794.86,9.57866436,Renda Fixa | Definitiva,22G0893940,VIRGO COMPANHIA DE SECURITIZAÇÃO,23/06/2027,4300.0,4588494.978405718,0.334783980053873,2024-06-28,44.625.562/0001-04,FUNDO DE INVESTIMENTO IMOBILIARIO TG REAL ESTATE,FUNDO DE INVESTIMENTO IMOBILIARIO TG REAL ESTATE,FII,FECHADO,QUALIFICADO,TG CORE ASSET LTDA,13.194.316/0001-03,OLIVEIRA TRUST DTVM S.A.,36.113.876/0001-91,2024-12-31
9135,32781 - TG REAL ESTATE FII,44.625.562/0001-04,28/06/2024,Fundos de Investimentos Imobiliário,BR0B4QCTF006,XP INVESTIMENTOS CCTVM S.A.,TG CORE ASSET LTDA,1370583794.86,9.57866436,Renda Fixa | Definitiva,22H1237505,VIRGO COMPANHIA DE SECURITIZAÇÃO,21/07/2027,5000.0,4540642.29273323,0.3312925710753088,2024-06-28,44.625.562/0001-04,FUNDO DE INVESTIMENTO IMOBILIARIO TG REAL ESTATE,FUNDO DE INVESTIMENTO IMOBILIARIO TG REAL ESTATE,FII,FECHADO,QUALIFICADO,TG CORE ASSET LTDA,13.194.316/0001-03,OLIVEIRA TRUST DTVM S.A.,36.113.876/0001-91,2024-12-31
9136,32781 - TG REAL ESTATE FII,44.625.562/0001-04,28/06/2024,Fundos de Investimentos Imobiliário,BR0B4QCTF006,XP INVESTIMENTOS CCTVM S.A.,TG CORE ASSET LTDA,1370583794.86,9.57866436,Renda Fixa | Definitiva,22H1237507,VIRGO COMPANHIA DE SECURITIZAÇÃO,21/07/2027,5000.0,4541854.997797171,0.33138105198895224,2024-06-28,44.625.562/0001-04,FUNDO DE INVESTIMENTO IMOBILIARIO TG REAL ESTATE,FUNDO DE INVESTIMENTO IMOBILIARIO TG REAL ESTATE,FII,FECHADO,QUALIFICADO,TG CORE ASSET LTDA,13.194.316/0001-03,OLIVEIRA TRUST DTVM S.A.,36.113.876/0001-91,2024-12-31
9137,32781 - TG REAL ESTATE FII,44.625.562/0001-04,28/06/2024,Fundos de Investimentos Imobiliário,BR0B4QCTF006,XP INVESTIMENTOS CCTVM S.A.,TG CORE ASSET LTDA,1370583794.86,9.57866436,Renda Fixa | Definitiva,22H1237510,VIRGO COMPANHIA DE SECURITIZAÇÃO,21/07/2027,2000.0,1822730.68967892,0.1329893652992669,2024-06-28,44.625.562/0001-04,FUNDO DE INVESTIMENTO IMOBILIARIO TG REAL ESTATE,FUNDO DE INVESTIMENTO IMOBILIARIO TG REAL ESTATE,FII,FECHADO,QUALIFICADO,TG CORE ASSET LTDA,13.194.316/0001-03,OLIVEIRA TRUST DTVM S.A.,36.113.876/0001-91,2024-12-31
9138,32781 - TG REAL ESTATE FII,44.625.562/0001-04,28/06/2024,Fundos de Investimentos Imobiliário,BR0B4QCTF006,XP INVESTIMENTOS CCTVM S.A.,TG CORE ASSET LTDA,1370583794.86,9.57866436,Renda Fixa | Definitiva,22H1237510,VIRGO COMPANHIA DE SECURITIZAÇÃO,21/07/2027,1108.0,1009792.802082122,0.07367610837579389,2024-06-28,44.625.562/0001-04,FUNDO DE INVESTIMENTO IMOBILIARIO TG REAL ESTATE,FUNDO DE INVESTIMENTO IMOBILIARIO TG REAL ESTATE,FII,FECHADO,QUALIFICADO,TG CORE ASSET LTDA,13.194.316/0001-03,OLIVEIRA TRUST DTVM S.A.,36.113.876/0001-91,2024-12-31
9139,32781 - TG REAL ESTATE FII,44.625.562/0001-04,28/06/2024,Fundos de Investimentos Imobiliário,BR0B4QCTF006,XP INVESTIMENTOS CCTVM S.A.,TG CORE ASSET LTDA,1370583794.86,9.57866436,Renda Fixa | Definitiva,22H1237510,VIRGO COMPANHIA DE SECURITIZAÇÃO,21/07/2027,2192.0,1997712.835888096,0.14575634436799648,2024-06-28,44.625.562/0001-04,FUNDO DE INVESTIMENTO IMOBILIARIO TG REAL ESTATE,FUNDO DE INVESTIMENTO IMOBILIARIO TG REAL ESTATE,FII,FECHADO,QUALIFICADO,TG CORE ASSET LTDA,13.194.316/0001-03,OLIVEIRA TRUST DTVM S.A.,36.113.876/0001-91,2024-12-31
9140,32781 - TG REAL ESTATE FII,44.625.562/0001-04,28/06/2024,Fundos de Investimentos Imobiliário,BR0B4QCTF006,XP INVESTIMENTOS CCTVM S.A.,TG CORE ASSET LTDA,1370583794.86,9.57866436,Renda Fixa | Definitiva,22H1237592,VIRGO COMPANHIA DE SECURITIZAÇÃO,21/07/2027,5300.0,4943099.672433417,0.3606565093627374,2024-06-28,44.625.562/0001-04,FUNDO DE INVESTIMENTO IMOBILIARIO TG REAL ESTATE,FUNDO DE INVESTIMENTO IMOBILIARIO TG REAL ESTATE,FII,FECHADO,QUALIFICADO,TG CORE ASSET LTDA,13.194.316/0001-03,OLIVEIRA TRUST DTVM S.A.,36.113.876/0001-91,2024-12-31
9141,32781 - TG REAL ESTATE FII,44.625.562/0001-04,28/06/2024,Fundos de Investimentos Imobiliário,BR0B4QCTF006,XP INVESTIMENTOS CCTVM S.A.,TG CORE ASSET LTDA,1370583794.86,9.57866436,Renda Fixa | Definitiva,22I0351637,VIRGO COMPANHIA DE SECURITIZAÇÃO,21/01/2026,4500.0,4862463.15582162,0.3547731393043577,2024-06-28,44.625.562/0001-04,FUNDO DE INVESTIMENTO IMOBILIARIO TG REAL ESTATE,FUNDO DE INVESTIMENTO IMOBILIARIO TG REAL ESTATE,FII,FECHADO,QUALIFICADO,TG CORE ASSET LTDA,13.194.316/0001-03,OLIVEIRA TRUST DTVM S.A.,36.113.876/0001-91,2024-12-31
9142,32781 - TG REAL ESTATE FII,44.625.562/0001-04,28/06/2024,Fundos de Investimentos Imobiliário,BR0B4QCTF006,XP INVESTIMENTOS CCTVM S.A.,TG CORE ASSET LTDA,1370583794.86,9.57866436,Renda Fixa | Definitiva,22I1290893,VIRGO COMPANHIA DE SECURITIZAÇÃO,22/10/2025,5000.0,5380718.8642781,0.3925859100667188,2024-06-28,44.625.562/0001-04,FUNDO DE INVESTIMENTO IMOBILIARIO TG REAL ESTATE,FUNDO DE INVESTIMENTO IMOBILIARIO TG REAL ESTATE,FII,FECHADO,QUALIFICADO,TG CORE ASSET LTDA,13.194.316/0001-03,OLIVEIRA TRUST DTVM S.A.,36.113.876/0001-91,2024-12-31
9143,32781 - TG REAL ESTATE FII,44.625.562/0001-04,28/06/2024,Fundos de Investimentos Imobiliário,BR0B4QCTF006,XP INVESTIMENTOS CCTVM S.A.,TG CORE ASSET LTDA,1370583794.86,9.57866436,Renda Fixa | Definitiva,22I1290978,VIRGO COMPANHIA DE SECURITIZAÇÃO,22/10/2025,4000.0,4180225.25407564,0.30499596374569965,2024-06-28,44.625.562/0001-04,FUNDO DE INVESTIMENTO IMOBILIARIO TG REAL ESTATE,FUNDO DE INVESTIMENTO IMOBILIARIO TG REAL ESTATE,FII,FECHADO,QUALIFICADO,TG CORE ASSET LTDA,13.194.316/0001-03,OLIVEIRA TRUST DTVM S.A.,36.113.876/0001-91,2024-12-31
9144,32781 - TG REAL ESTATE FII,44.625.562/0001-04,28/06/2024,Fundos de Investimentos Imobiliário,BR0B4QCTF006,XP INVESTIMENTOS CCTVM S.A.,TG CORE ASSET LTDA,1370583794.86,9.57866436,Renda Fixa | Definitiva,22J1206765,BARIGUI SECURITIZADORA S.A.,20/10/2031,1677.0,1610421.029992306,0.11749891075844834,2024-06-28,44.625.562/0001-04,FUNDO DE INVESTIMENTO IMOBILIARIO TG REAL ESTATE,FUNDO DE INVESTIMENTO IMOBILIARIO TG REAL ESTATE,FII,FECHADO,QUALIFICADO,TG CORE ASSET LTDA,13.194.316/0001-03,OLIVEIRA TRUST DTVM S.A.,36.113.876/0001-91,2024-12-31
9145,32781 - TG REAL ESTATE FII,44.625.562/0001-04,28/06/2024,Fundos de Investimentos Imobiliário,BR0B4QCTF006,XP INVESTIMENTOS CCTVM S.A.,TG CORE ASSET LTDA,1370583794.86,9.57866436,Renda Fixa | Definitiva,22J1206765,BARIGUI SECURITIZADORA S.A.,20/10/2031,1161.0,1114906.866917751,0.08134539975584891,2024-06-28,44.625.562/0001-04,FUNDO DE INVESTIMENTO IMOBILIARIO TG REAL ESTATE,FUNDO DE INVESTIMENTO IMOBILIARIO TG REAL ESTATE,FII,FECHADO,QUALIFICADO,TG CORE ASSET LTDA,13.194.316/0001-03,OLIVEIRA TRUST DTVM S.A.,36.113.876/0001-91,2024-12-31
9146,32781 - TG REAL ESTATE FII,44.625.562/0001-04,28/06/2024,Fundos de Investimentos Imobiliário,BR0B4QCTF006,XP INVESTIMENTOS CCTVM S.A.,TG CORE ASSET LTDA,1370583794.86,9.57866436,Renda Fixa | Definitiva,22L0344492,VIRGO COMPANHIA DE SECURITIZAÇÃO,20/12/2034,2000.0,1905154.641785678,0.139003149528722,2024-06-28,44.625.562/0001-04,FUNDO DE INVESTIMENTO IMOBILIARIO TG REAL ESTATE,FUNDO DE INVESTIMENTO IMOBILIARIO TG REAL ESTATE,FII,FECHADO,QUALIFICADO,TG CORE ASSET LTDA,13.194.316/0001-03,OLIVEIRA TRUST DTVM S.A.,36.113.876/0001-91,2024-12-31
9147,32781 - TG REAL ESTATE FII,44.625.562/0001-04,28/06/2024,Fundos de Investimentos Imobiliário,BR0B4QCTF006,XP INVESTIMENTOS CCTVM S.A.,TG CORE ASSET LTDA,1370583794.86,9.57866436,Renda Fixa | Definitiva,22L0344492,VIRGO COMPANHIA DE SECURITIZAÇÃO,20/12/2034,2500.0,2381443.302232097,0.17375393691090246,2024-06-28,44.625.562/0001-04,FUNDO DE INVESTIMENTO IMOBILIARIO TG REAL ESTATE,FUNDO DE INVESTIMENTO IMOBILIARIO TG REAL ESTATE,FII,FECHADO,QUALIFICADO,TG CORE ASSET LTDA,13.194.316/0001-03,OLIVEIRA TRUST DTVM S.A.,36.113.876/0001-91,2024-12-31
9148,32781 - TG REAL ESTATE FII,44.625.562/0001-04,28/06/2024,Fundos de Investimentos Imobiliário,BR0B4QCTF006,XP INVESTIMENTOS CCTVM S.A.,TG CORE ASSET LTDA,1370583794.86,9.57866436,Renda Fixa | Definitiva,22L0344525,VIRGO COMPANHIA DE SECURITIZAÇÃO,20/12/2034,1500.0,1431071.85495437,0.10441330623645298,2024-06-28,44.625.562/0001-04,FUNDO DE INVESTIMENTO IMOBILIARIO TG REAL ESTATE,FUNDO DE INVESTIMENTO IMOBILIARIO TG REAL ESTATE,FII,FECHADO,QUALIFICADO,TG CORE ASSET LTDA,13.194.316/0001-03,OLIVEIRA TRUST DTVM S.A.,36.113.876/0001-91,2024-12-31
9149,32781 - TG REAL ESTATE FII,44.625.562/0001-04,28/06/2024,Fundos de Investimentos Imobiliário,BR0B4QCTF006,XP INVESTIMENTOS CCTVM S.A.,TG CORE ASSET LTDA,1370583794.86,9.57866436,Renda Fixa | Definitiva,22L0344525,VIRGO COMPANHIA DE SECURITIZAÇÃO,20/12/2034,2111.0,2013995.123872449,0.1469443263101014,2024-06-28,44.625.562/0001-04,FUNDO DE INVESTIMENTO IMOBILIARIO TG REAL ESTATE,FUNDO DE INVESTIMENTO IMOBILIARIO TG REAL ESTATE,FII,FECHADO,QUALIFICADO,TG CORE ASSET LTDA,13.194.316/0001-03,OLIVEIRA TRUST DTVM S.A.,36.113.876/0001-91,2024-12-31
9150,32781 - TG REAL ESTATE FII,44.625.562/0001-04,28/06/2024,Fundos de Investimentos Imobiliário,BR0B4QCTF006,XP INVESTIMENTOS CCTVM S.A.,TG CORE ASSET LTDA,1370583794.86,9.57866436,Renda Fixa | Definitiva,22L1668403,CANAL COMPANHIA DE SECURITIZACAO,22/12/2027,2000.0,1703782.66100789,0.12431072564825744,2024-06-28,44.625.562/0001-04,FUNDO DE INVESTIMENTO IMOBILIARIO TG REAL ESTATE,FUNDO DE INVESTIMENTO IMOBILIARIO TG REAL ESTATE,FII,FECHADO,QUALIFICADO,TG CORE ASSET LTDA,13.194.316/0001-03,OLIVEIRA TRUST DTVM S.A.,36.113.876/0001-91,2024-12-31
9151,32781 - TG REAL ESTATE FII,44.625.562/0001-04,28/06/2024,Fundos de Investimentos Imobiliário,BR0B4QCTF006,XP INVESTIMENTOS CCTVM S.A.,TG CORE ASSET LTDA,1370583794.86,9.57866436,Renda Fixa | Definitiva,23B0330159,VIRGO COMPANHIA DE SECURITIZAÇÃO,19/02/2035,8000.0,7162549.745024992,0.5225911594669497,2024-06-28,44.625.562/0001-04,FUNDO DE INVESTIMENTO IMOBILIARIO TG REAL ESTATE,FUNDO DE INVESTIMENTO IMOBILIARIO TG REAL ESTATE,FII,FECHADO,QUALIFICADO,TG CORE ASSET LTDA,13.194.316/0001-03,OLIVEIRA TRUST DTVM S.A.,36.113.876/0001-91,2024-12-31
9152,32781 - TG REAL ESTATE FII,44.625.562/0001-04,28/06/2024,Fundos de Investimentos Imobiliário,BR0B4QCTF006,XP INVESTIMENTOS CCTVM S.A.,TG CORE ASSET LTDA,1370583794.86,9.57866436,Renda Fixa | Definitiva,23B0330159,VIRGO COMPANHIA DE SECURITIZAÇÃO,19/02/2035,2000.0,1790637.436256248,0.13064778986673742,2024-06-28,44.625.562/0001-04,FUNDO DE INVESTIMENTO IMOBILIARIO TG REAL ESTATE,FUNDO DE INVESTIMENTO IMOBILIARIO TG REAL ESTATE,FII,FECHADO,QUALIFICADO,TG CORE ASSET LTDA,13.194.316/0001-03,OLIVEIRA TRUST DTVM S.A.,36.113.876/0001-91,2024-12-31
9153,32781 - TG REAL ESTATE FII,44.625.562/0001-04,28/06/2024,Fundos de Investimentos Imobiliário,BR0B4QCTF006,XP INVESTIMENTOS CCTVM S.A.,TG CORE ASSET LTDA,1370583794.86,9.57866436,Renda Fixa | Definitiva,22D0059915,VIRGO COMPANHIA DE SECURITIZAÇÃO,23/04/2027,3262.0,1786077.245120679,0.13031507098061965,2024-06-28,44.625.562/0001-04,FUNDO DE INVESTIMENTO IMOBILIARIO TG REAL ESTATE,FUNDO DE INVESTIMENTO IMOBILIARIO TG REAL ESTATE,FII,FECHADO,QUALIFICADO,TG CORE ASSET LTDA,13.194.316/0001-03,OLIVEIRA TRUST DTVM S.A.,36.113.876/0001-91,2024-12-31
9154,32781 - TG REAL ESTATE FII,44.625.562/0001-04,28/06/2024,Fundos de Investimentos Imobiliário,BR0B4QCTF006,XP INVESTIMENTOS CCTVM S.A.,TG CORE ASSET LTDA,1370583794.86,9.57866436,Renda Fixa | Definitiva,21C0528814,VIRGO COMPANHIA DE SECURITIZAÇÃO,20/01/2032,429.0,189119.4790239363,0.01379846162877288,2024-06-28,44.625.562/0001-04,FUNDO DE INVESTIMENTO IMOBILIARIO TG REAL ESTATE,FUNDO DE INVESTIMENTO IMOBILIARIO TG REAL ESTATE,FII,FECHADO,QUALIFICADO,TG CORE ASSET LTDA,13.194.316/0001-03,OLIVEIRA TRUST DTVM S.A.,36.113.876/0001-91,2024-12-31
9155,32781 - TG REAL ESTATE FII,44.625.562/0001-04,28/06/2024,Fundos de Investimentos Imobiliário,BR0B4QCTF006,XP INVESTIMENTOS CCTVM S.A.,TG CORE ASSET LTDA,1370583794.86,9.57866436,Renda Fixa | Definitiva,19K1139242,Forte Securitizadora SA,20/11/2025,3129.0,3005871.518703374,0.21931322477152249,2024-06-28,44.625.562/0001-04,FUNDO DE INVESTIMENTO IMOBILIARIO TG REAL ESTATE,FUNDO DE INVESTIMENTO IMOBILIARIO TG REAL ESTATE,FII,FECHADO,QUALIFICADO,TG CORE ASSET LTDA,13.194.316/0001-03,OLIVEIRA TRUST DTVM S.A.,36.113.876/0001-91,2024-12-31
9156,32781 - TG REAL ESTATE FII,44.625.562/0001-04,28/06/2024,Fundos de Investimentos Imobiliário,BR0B4QCTF006,XP INVESTIMENTOS CCTVM S.A.,TG CORE ASSET LTDA,1370583794.86,9.57866436,Renda Fixa | Definitiva,23E1206892,HABITASEC SECURITIZADORA,24/04/2028,600.0,601173.66681726,0.04386259848334685,2024-06-28,44.625.562/0001-04,FUNDO DE INVESTIMENTO IMOBILIARIO TG REAL ESTATE,FUNDO DE INVESTIMENTO IMOBILIARIO TG REAL ESTATE,FII,FECHADO,QUALIFICADO,TG CORE ASSET LTDA,13.194.316/0001-03,OLIVEIRA TRUST DTVM S.A.,36.113.876/0001-91,2024-12-31
9157,32781 - TG REAL ESTATE FII,44.625.562/0001-04,28/06/2024,Fundos de Investimentos Imobiliário,BR0B4QCTF006,XP INVESTIMENTOS CCTVM S.A.,TG CORE ASSET LTDA,1370583794.86,9.57866436,Renda Fixa | Definitiva,24D0770386,VERT COMPANHIA SECURITIZADORA,15/03/2034,20446.0,20109260.29367587,1.4672040023448516,2024-06-28,44.625.562/0001-04,FUNDO DE INVESTIMENTO IMOBILIARIO TG REAL ESTATE,FUNDO DE INVESTIMENTO IMOBILIARIO TG REAL ESTATE,FII,FECHADO,QUALIFICADO,TG CORE ASSET LTDA,13.194.316/0001-03,OLIVEIRA TRUST DTVM S.A.,36.113.876/0001-91,2024-12-31
9158,32781 - TG REAL ESTATE FII,44.625.562/0001-04,28/06/2024,Fundos de Investimentos Imobiliário,BR0B4QCTF006,XP INVESTIMENTOS CCTVM S.A.,TG CORE ASSET LTDA,1370583794.86,9.57866436,Renda Fixa | Definitiva,22I0248848,VIRGO COMPANHIA DE SECURITIZAÇÃO,20/07/2032,1370.0,1379745.437813172,0.10066844821801704,2024-06-28,44.625.562/0001-04,FUNDO DE INVESTIMENTO IMOBILIARIO TG REAL ESTATE,FUNDO DE INVESTIMENTO IMOBILIARIO TG REAL ESTATE,FII,FECHADO,QUALIFICADO,TG CORE ASSET LTDA,13.194.316/0001-03,OLIVEIRA TRUST DTVM S.A.,36.113.876/0001-91,2024-12-31
9159,32781 - TG REAL ESTATE FII,44.625.562/0001-04,28/06/2024,Fundos de Investimentos Imobiliário,BR0B4QCTF006,XP INVESTIMENTOS CCTVM S.A.,TG CORE ASSET LTDA,1370583794.86,9.57866436,Renda Fixa | Definitiva,23E1081237,TRUE SECURITIZADORA S.A.,20/04/2027,3000.0,2982372.313081119,0.21759868490096643,2024-06-28,44.625.562/0001-04,FUNDO DE INVESTIMENTO IMOBILIARIO TG REAL ESTATE,FUNDO DE INVESTIMENTO IMOBILIARIO TG REAL ESTATE,FII,FECHADO,QUALIFICADO,TG CORE ASSET LTDA,13.194.316/0001-03,OLIVEIRA TRUST DTVM S.A.,36.113.876/0001-91,2024-12-31
9160,32781 - TG REAL ESTATE FII,44.625.562/0001-04,28/06/2024,Fundos de Investimentos Imobiliário,BR0B4QCTF006,XP INVESTIMENTOS CCTVM S.A.,TG CORE ASSET LTDA,1370583794.86,9.57866436,Renda Fixa | Definitiva,23E1079719,TRUE SECURITIZADORA S.A.,20/04/2027,590.0,572398.839329336,0.04176314074892476,2024-06-28,44.625.562/0001-04,FUNDO DE INVESTIMENTO IMOBILIARIO TG REAL ESTATE,FUNDO DE INVESTIMENTO IMOBILIARIO TG REAL ESTATE,FII,FECHADO,QUALIFICADO,TG CORE ASSET LTDA,13.194.316/0001-03,OLIVEIRA TRUST DTVM S.A.,36.113.876/0001-91,2024-12-31
9161,32781 - TG REAL ESTATE FII,44.625.562/0001-04,28/06/2024,Fundos de Investimentos Imobiliário,BR0B4QCTF006,XP INVESTIMENTOS CCTVM S.A.,TG CORE ASSET LTDA,1370583794.86,9.57866436,Renda Fixa | Definitiva,22I0351653,VIRGO COMPANHIA DE SECURITIZAÇÃO,21/01/2026,110.0,113847.5742774293,0.008306502287885173,2024-06-28,44.625.562/0001-04,FUNDO DE INVESTIMENTO IMOBILIARIO TG REAL ESTATE,FUNDO DE INVESTIMENTO IMOBILIARIO TG REAL ESTATE,FII,FECHADO,QUALIFICADO,TG CORE ASSET LTDA,13.194.316/0001-03,OLIVEIRA TRUST DTVM S.A.,36.113.876/0001-91,2024-12-31
9162,32781 - TG REAL ESTATE FII,44.625.562/0001-04,28/06/2024,Fundos de Investimentos Imobiliário,BR0B4QCTF006,XP INVESTIMENTOS CCTVM S.A.,TG CORE ASSET LTDA,1370583794.86,9.57866436,Renda Fixa | Definitiva,22I0351747,VIRGO COMPANHIA DE SECURITIZAÇÃO,21/01/2026,460.0,461814.0129916744,0.03369469380300436,2024-06-28,44.625.562/0001-04,FUNDO DE INVESTIMENTO IMOBILIARIO TG REAL ESTATE,FUNDO DE INVESTIMENTO IMOBILIARIO TG REAL ESTATE,FII,FECHADO,QUALIFICADO,TG CORE ASSET LTDA,13.194.316/0001-03,OLIVEIRA TRUST DTVM S.A.,36.113.876/0001-91,2024-12-31
9163,32781 - TG REAL ESTATE FII,44.625.562/0001-04,28/06/2024,Fundos de Investimentos Imobiliário,BR0B4QCTF006,XP INVESTIMENTOS CCTVM S.A.,TG CORE ASSET LTDA,1370583794.86,9.57866436,Renda Fixa | Definitiva,24C2146614,LEVERAGE COMPANHIA SECURITIZADORA,22/05/2028,3000.0,3001998.7248168,0.219030659495244,2024-06-28,44.625.562/0001-04,FUNDO DE INVESTIMENTO IMOBILIARIO TG REAL ESTATE,FUNDO DE INVESTIMENTO IMOBILIARIO TG REAL ESTATE,FII,FECHADO,QUALIFICADO,TG CORE ASSET LTDA,13.194.316/0001-03,OLIVEIRA TRUST DTVM S.A.,36.113.876/0001-91,2024-12-31
9164,32781 - TG REAL ESTATE FII,44.625.562/0001-04,28/06/2024,Fundos de Investimentos Imobiliário,BR0B4QCTF006,XP INVESTIMENTOS CCTVM S.A.,TG CORE ASSET LTDA,1370583794.86,9.57866436,Renda Fixa | Definitiva,24D0770386,VERT COMPANHIA SECURITIZADORA,15/03/2034,2682.0,2637828.235725261,0.1924601943797756,2024-06-28,44.625.562/0001-04,FUNDO DE INVESTIMENTO IMOBILIARIO TG REAL ESTATE,FUNDO DE INVESTIMENTO IMOBILIARIO TG REAL ESTATE,FII,FECHADO,QUALIFICADO,TG CORE ASSET LTDA,13.194.316/0001-03,OLIVEIRA TRUST DTVM S.A.,36.113.876/0001-91,2024-12-31
9165,32781 - TG REAL ESTATE FII,44.625.562/0001-04,28/06/2024,Fundos de Investimentos Imobiliário,BR0B4QCTF006,XP INVESTIMENTOS CCTVM S.A.,TG CORE ASSET LTDA,1370583794.86,9.57866436,Renda Fixa | Definitiva,23B0330161,VIRGO COMPANHIA DE SECURITIZAÇÃO,19/02/2035,900.0,868738.6471143716,0.06338457016435907,2024-06-28,44.625.562/0001-04,FUNDO DE INVESTIMENTO IMOBILIARIO TG REAL ESTATE,FUNDO DE INVESTIMENTO IMOBILIARIO TG REAL ESTATE,FII,FECHADO,QUALIFICADO,TG CORE ASSET LTDA,13.194.316/0001-03,OLIVEIRA TRUST DTVM S.A.,36.113.876/0001-91,2024-12-31
9166,32781 - TG REAL ESTATE FII,44.625.562/0001-04,28/06/2024,Fundos de Investimentos Imobiliário,BR0B4QCTF006,XP INVESTIMENTOS CCTVM S.A.,TG CORE ASSET LTDA,1370583794.86,9.57866436,Renda Fixa | Definitiva,23B0330162,VIRGO COMPANHIA DE SECURITIZAÇÃO,19/02/2035,1000.0,984051.1421636848,0.0717979554299489,2024-06-28,44.625.562/0001-04,FUNDO DE INVESTIMENTO IMOBILIARIO TG REAL ESTATE,FUNDO DE INVESTIMENTO IMOBILIARIO TG REAL ESTATE,FII,FECHADO,QUALIFICADO,TG CORE ASSET LTDA,13.194.316/0001-03,OLIVEIRA TRUST DTVM S.A.,36.113.876/0001-91,2024-12-31
9167,32781 - TG REAL ESTATE FII,44.625.562/0001-04,28/06/2024,Fundos de Investimentos Imobiliário,BR0B4QCTF006,XP INVESTIMENTOS CCTVM S.A.,TG CORE ASSET LTDA,1370583794.86,9.57866436,Renda Fixa | Definitiva,24D0770386,VERT COMPANHIA SECURITIZADORA,15/03/2034,9821.0,9659250.970565915,0.7047545000014079,2024-06-28,44.625.562/0001-04,FUNDO DE INVESTIMENTO IMOBILIARIO TG REAL ESTATE,FUNDO DE INVESTIMENTO IMOBILIARIO TG REAL ESTATE,FII,FECHADO,QUALIFICADO,TG CORE ASSET LTDA,13.194.316/0001-03,OLIVEIRA TRUST DTVM S.A.,36.113.876/0001-91,2024-12-31
9168,32781 - TG REAL ESTATE FII,44.625.562/0001-04,28/06/2024,Fundos de Investimentos Imobiliário,BR0B4QCTF006,XP INVESTIMENTOS CCTVM S.A.,TG CORE ASSET LTDA,1370583794.86,9.57866436,Renda Fixa | Definitiva,22I0050260,VIRGO COMPANHIA DE SECURITIZAÇÃO,20/07/2032,7200.0,6496229.060212377,0.4739753296788354,2024-06-28,44.625.562/0001-04,FUNDO DE INVESTIMENTO IMOBILIARIO TG REAL ESTATE,FUNDO DE INVESTIMENTO IMOBILIARIO TG REAL ESTATE,FII,FECHADO,QUALIFICADO,TG CORE ASSET LTDA,13.194.316/0001-03,OLIVEIRA TRUST DTVM S.A.,36.113.876/0001-91,2024-12-31
9169,32781 - TG REAL ESTATE FII,44.625.562/0001-04,28/06/2024,Fundos de Investimentos Imobiliário,BR0B4QCTF006,XP INVESTIMENTOS CCTVM S.A.,TG CORE ASSET LTDA,1370583794.86,9.57866436,Renda Fixa | Definitiva,22H1237621,VIRGO COMPANHIA DE SECURITIZAÇÃO,21/07/2027,2700.0,2573179.099463107,0.18774328932773848,2024-06-28,44.625.562/0001-04,FUNDO DE INVESTIMENTO IMOBILIARIO TG REAL ESTATE,FUNDO DE INVESTIMENTO IMOBILIARIO TG REAL ESTATE,FII,FECHADO,QUALIFICADO,TG CORE ASSET LTDA,13.194.316/0001-03,OLIVEIRA TRUST DTVM S.A.,36.113.876/0001-91,2024-12-31
9170,32781 - TG REAL ESTATE FII,44.625.562/0001-04,28/06/2024,Fundos de Investimentos Imobiliário,BR0B4QCTF006,XP INVESTIMENTOS CCTVM S.A.,TG CORE ASSET LTDA,1370583794.86,9.57866436,Renda Fixa | Definitiva,23E1081237,TRUE SECURITIZADORA S.A.,20/04/2027,2118.0,2105554.85303527,0.15362467154008225,2024-06-28,44.625.562/0001-04,FUNDO DE INVESTIMENTO IMOBILIARIO TG REAL ESTATE,FUNDO DE INVESTIMENTO IMOBILIARIO TG REAL ESTATE,FII,FECHADO,QUALIFICADO,TG CORE ASSET LTDA,13.194.316/0001-03,OLIVEIRA TRUST DTVM S.A.,36.113.876/0001-91,2024-12-31
9171,32781 - TG REAL ESTATE FII,44.625.562/0001-04,28/06/2024,Fundos de Investimentos Imobiliário,BR0B4QCTF006,XP INVESTIMENTOS CCTVM S.A.,TG CORE ASSET LTDA,1370583794.86,9.57866436,Renda Fixa | Definitiva,23E1081252,TRUE SECURITIZADORA S.A.,20/04/2027,500.0,502439.88882266,0.03665882310201854,2024-06-28,44.625.562/0001-04,FUNDO DE INVESTIMENTO IMOBILIARIO TG REAL ESTATE,FUNDO DE INVESTIMENTO IMOBILIARIO TG REAL ESTATE,FII,FECHADO,QUALIFICADO,TG CORE ASSET LTDA,13.194.316/0001-03,OLIVEIRA TRUST DTVM S.A.,36.113.876/0001-91,2024-12-31
9172,32781 - TG REAL ESTATE FII,44.625.562/0001-04,28/06/2024,Fundos de Investimentos Imobiliário,BR0B4QCTF006,XP INVESTIMENTOS CCTVM S.A.,TG CORE ASSET LTDA,1370583794.86,9.57866436,Renda Fixa | Definitiva,22I0248854,VIRGO COMPANHIA DE SECURITIZAÇÃO,20/07/2032,2600.0,2606936.026208566,0.19020624904403272,2024-06-28,44.625.562/0001-04,FUNDO DE INVESTIMENTO IMOBILIARIO TG REAL ESTATE,FUNDO DE INVESTIMENTO IMOBILIARIO TG REAL ESTATE,FII,FECHADO,QUALIFICADO,TG CORE ASSET LTDA,13.194.316/0001-03,OLIVEIRA TRUST DTVM S.A.,36.113.876/0001-91,2024-12-31
9173,32781 - TG REAL ESTATE FII,44.625.562/0001-04,28/06/2024,Fundos de Investimentos Imobiliário,BR0B4QCTF006,XP INVESTIMENTOS CCTVM S.A.,TG CORE ASSET LTDA,1370583794.86,9.57866436,Renda Fixa | Definitiva,23E1206892,HABITASEC SECURITIZADORA,24/04/2028,700.0,701369.27795347,0.05117303156390465,2024-06-28,44.625.562/0001-04,FUNDO DE INVESTIMENTO IMOBILIARIO TG REAL ESTATE,FUNDO DE INVESTIMENTO IMOBILIARIO TG REAL ESTATE,FII,FECHADO,QUALIFICADO,TG CORE ASSET LTDA,13.194.316/0001-03,OLIVEIRA TRUST DTVM S.A.,36.113.876/0001-91,2024-12-31
9174,32781 - TG REAL ESTATE FII,44.625.562/0001-04,28/06/2024,Fundos de Investimentos Imobiliário,BR0B4QCTF006,XP INVESTIMENTOS CCTVM S.A.,TG CORE ASSET LTDA,1370583794.86,9.57866436,Renda Fixa | Definitiva,22G0893940,VIRGO COMPANHIA DE SECURITIZAÇÃO,23/06/2027,467.0,498331.8964919698,0.036359097368641555,2024-06-28,44.625.562/0001-04,FUNDO DE INVESTIMENTO IMOBILIARIO TG REAL ESTATE,FUNDO DE INVESTIMENTO IMOBILIARIO TG REAL ESTATE,FII,FECHADO,QUALIFICADO,TG CORE ASSET LTDA,13.194.316/0001-03,OLIVEIRA TRUST DTVM S.A.,36.113.876/0001-91,2024-12-31
9175,32781 - TG REAL ESTATE FII,44.625.562/0001-04,28/06/2024,Fundos de Investimentos Imobiliário,BR0B4QCTF006,XP INVESTIMENTOS CCTVM S.A.,TG CORE ASSET LTDA,1370583794.86,9.57866436,Renda Fixa | Definitiva,22I0248815,VIRGO COMPANHIA DE SECURITIZAÇÃO,20/07/2032,10000.0,9777952.04521283,0.7134151214892783,2024-06-28,44.625.562/0001-04,FUNDO DE INVESTIMENTO IMOBILIARIO TG REAL ESTATE,FUNDO DE INVESTIMENTO IMOBILIARIO TG REAL ESTATE,FII,FECHADO,QUALIFICADO,TG CORE ASSET LTDA,13.194.316/0001-03,OLIVEIRA TRUST DTVM S.A.,36.113.876/0001-91,2024-12-31
9176,32781 - TG REAL ESTATE FII,44.625.562/0001-04,28/06/2024,Fundos de Investimentos Imobiliário,BR0B4QCTF006,XP INVESTIMENTOS CCTVM S.A.,TG CORE ASSET LTDA,1370583794.86,9.57866436,Renda Fixa | Definitiva,22I0248791,VIRGO COMPANHIA DE SECURITIZAÇÃO,20/07/2032,10000.0,9399220.00448766,0.6857822221258464,2024-06-28,44.625.562/0001-04,FUNDO DE INVESTIMENTO IMOBILIARIO TG REAL ESTATE,FUNDO DE INVESTIMENTO IMOBILIARIO TG REAL ESTATE,FII,FECHADO,QUALIFICADO,TG CORE ASSET LTDA,13.194.316/0001-03,OLIVEIRA TRUST DTVM S.A.,36.113.876/0001-91,2024-12-31
9177,32781 - TG REAL ESTATE FII,44.625.562/0001-04,28/06/2024,Fundos de Investimentos Imobiliário,BR0B4QCTF006,XP INVESTIMENTOS CCTVM S.A.,TG CORE ASSET LTDA,1370583794.86,9.57866436,Renda Fixa | Definitiva,22I0050260,VIRGO COMPANHIA DE SECURITIZAÇÃO,20/07/2032,8800.0,7939835.518037351,0.5793031807185767,2024-06-28,44.625.562/0001-04,FUNDO DE INVESTIMENTO IMOBILIARIO TG REAL ESTATE,FUNDO DE INVESTIMENTO IMOBILIARIO TG REAL ESTATE,FII,FECHADO,QUALIFICADO,TG CORE ASSET LTDA,13.194.316/0001-03,OLIVEIRA TRUST DTVM S.A.,36.113.876/0001-91,2024-12-31
9178,32781 - TG REAL ESTATE FII,44.625.562/0001-04,28/06/2024,Fundos de Investimentos Imobiliário,BR0B4QCTF006,XP INVESTIMENTOS CCTVM S.A.,TG CORE ASSET LTDA,1370583794.86,9.57866436,Renda Fixa | Definitiva,22D0059915,VIRGO COMPANHIA DE SECURITIZAÇÃO,23/04/2027,4237.0,2319929.272708865,0.16926577429334316,2024-06-28,44.625.562/0001-04,FUNDO DE INVESTIMENTO IMOBILIARIO TG REAL ESTATE,FUNDO DE INVESTIMENTO IMOBILIARIO TG REAL ESTATE,FII,FECHADO,QUALIFICADO,TG CORE ASSET LTDA,13.194.316/0001-03,OLIVEIRA TRUST DTVM S.A.,36.113.876/0001-91,2024-12-31
9179,32781 - TG REAL ESTATE FII,44.625.562/0001-04,28/06/2024,Fundos de Investimentos Imobiliário,BR0B4QCTF006,XP INVESTIMENTOS CCTVM S.A.,TG CORE ASSET LTDA,1370583794.86,9.57866436,Renda Fixa | Definitiva,22G0893940,VIRGO COMPANHIA DE SECURITIZAÇÃO,23/06/2027,1800.0,1920765.339797742,0.14014213118534216,2024-06-28,44.625.562/0001-04,FUNDO DE INVESTIMENTO IMOBILIARIO TG REAL ESTATE,FUNDO DE INVESTIMENTO IMOBILIARIO TG REAL ESTATE,FII,FECHADO,QUALIFICADO,TG CORE ASSET LTDA,13.194.316/0001-03,OLIVEIRA TRUST DTVM S.A.,36.113.876/0001-91,2024-12-31
9180,32781 - TG REAL ESTATE FII,44.625.562/0001-04,28/06/2024,Fundos de Investimentos Imobiliário,BR0B4QCTF006,XP INVESTIMENTOS CCTVM S.A.,TG CORE ASSET LTDA,1370583794.86,9.57866436,Renda Fixa | Definitiva,21A0607944,VIRGO COMPANHIA DE SECURITIZAÇÃO,20/01/2026,3420.0,4887736.445892606,0.35661711923216416,2024-06-28,44.625.562/0001-04,FUNDO DE INVESTIMENTO IMOBILIARIO TG REAL ESTATE,FUNDO DE INVESTIMENTO IMOBILIARIO TG REAL ESTATE,FII,FECHADO,QUALIFICADO,TG CORE ASSET LTDA,13.194.316/0001-03,OLIVEIRA TRUST DTVM S.A.,36.113.876/0001-91,2024-12-31
9181,32781 - TG REAL ESTATE FII,44.625.562/0001-04,28/06/2024,Fundos de Investimentos Imobiliário,BR0B4QCTF006,XP INVESTIMENTOS CCTVM S.A.,TG CORE ASSET LTDA,1370583794.86,9.57866436,Renda Fixa | Definitiva,21L0967448,HABITASEC SECURITIZADORA,24/12/2024,6500.0,7051128.608391075,0.5144616939755459,2024-06-28,44.625.562/0001-04,FUNDO DE INVESTIMENTO IMOBILIARIO TG REAL ESTATE,FUNDO DE INVESTIMENTO IMOBILIARIO TG REAL ESTATE,FII,FECHADO,QUALIFICADO,TG CORE ASSET LTDA,13.194.316/0001-03,OLIVEIRA TRUST DTVM S.A.,36.113.876/0001-91,2024-12-31
9182,32781 - TG REAL ESTATE FII,44.625.562/0001-04,28/06/2024,Fundos de Investimentos Imobiliário,BR0B4QCTF006,XP INVESTIMENTOS CCTVM S.A.,TG CORE ASSET LTDA,1370583794.86,9.57866436,Renda Fixa | Definitiva,21L0967496,HABITASEC SECURITIZADORA,24/12/2024,1000.0,1057700.1615639,0.07717150644349623,2024-06-28,44.625.562/0001-04,FUNDO DE INVESTIMENTO IMOBILIARIO TG REAL ESTATE,FUNDO DE INVESTIMENTO IMOBILIARIO TG REAL ESTATE,FII,FECHADO,QUALIFICADO,TG CORE ASSET LTDA,13.194.316/0001-03,OLIVEIRA TRUST DTVM S.A.,36.113.876/0001-91,2024-12-31
9183,32781 - TG REAL ESTATE FII,44.625.562/0001-04,28/06/2024,Fundos de Investimentos Imobiliário,BR0B4QCTF006,XP INVESTIMENTOS CCTVM S.A.,TG CORE ASSET LTDA,1370583794.86,9.57866436,Renda Fixa | Definitiva,19D1329451,Forte Securitizadora SA,20/11/2026,1250.0,742582.177696425,0.054179991072510605,2024-06-28,44.625.562/0001-04,FUNDO DE INVESTIMENTO IMOBILIARIO TG REAL ESTATE,FUNDO DE INVESTIMENTO IMOBILIARIO TG REAL ESTATE,FII,FECHADO,QUALIFICADO,TG CORE ASSET LTDA,13.194.316/0001-03,OLIVEIRA TRUST DTVM S.A.,36.113.876/0001-91,2024-12-31
9184,32781 - TG REAL ESTATE FII,44.625.562/0001-04,28/06/2024,Fundos de Investimentos Imobiliário,BR0B4QCTF006,XP INVESTIMENTOS CCTVM S.A.,TG CORE ASSET LTDA,1370583794.86,9.57866436,Renda Fixa | Definitiva,22G0893940,VIRGO COMPANHIA DE SECURITIZAÇÃO,23/06/2027,1962.0,2093634.220379539,0.15275492299202298,2024-06-28,44.625.562/0001-04,FUNDO DE INVESTIMENTO IMOBILIARIO TG REAL ESTATE,FUNDO DE INVESTIMENTO IMOBILIARIO TG REAL ESTATE,FII,FECHADO,QUALIFICADO,TG CORE ASSET LTDA,13.194.316/0001-03,OLIVEIRA TRUST DTVM S.A.,36.113.876/0001-91,2024-12-31
9185,32781 - TG REAL ESTATE FII,44.625.562/0001-04,28/06/2024,Fundos de Investimentos Imobiliário,BR0B4QCTF006,XP INVESTIMENTOS CCTVM S.A.,TG CORE ASSET LTDA,1370583794.86,9.57866436,Renda Fixa | Definitiva,21A0796003,Forte Securitizadora SA,20/11/2031,400.0,271354.319392048,0.01979844796134963,2024-06-28,44.625.562/0001-04,FUNDO DE INVESTIMENTO IMOBILIARIO TG REAL ESTATE,FUNDO DE INVESTIMENTO IMOBILIARIO TG REAL ESTATE,FII,FECHADO,QUALIFICADO,TG CORE ASSET LTDA,13.194.316/0001-03,OLIVEIRA TRUST DTVM S.A.,36.113.876/0001-91,2024-12-31
9186,32781 - TG REAL ESTATE FII,44.625.562/0001-04,28/06/2024,Fundos de Investimentos Imobiliário,BR0B4QCTF006,XP INVESTIMENTOS CCTVM S.A.,TG CORE ASSET LTDA,1370583794.86,9.57866436,Renda Fixa | Definitiva,21D0503168,Forte Securitizadora SA,20/04/2028,2450.0,693904.2555110351,0.05062837150952269,2024-06-28,44.625.562/0001-04,FUNDO DE INVESTIMENTO IMOBILIARIO TG REAL ESTATE,FUNDO DE INVESTIMENTO IMOBILIARIO TG REAL ESTATE,FII,FECHADO,QUALIFICADO,TG CORE ASSET LTDA,13.194.316/0001-03,OLIVEIRA TRUST DTVM S.A.,36.113.876/0001-91,2024-12-31
9187,32781 - TG REAL ESTATE FII,44.625.562/0001-04,28/06/2024,Fundos de Investimentos Imobiliário,BR0B4QCTF006,XP INVESTIMENTOS CCTVM S.A.,TG CORE ASSET LTDA,1370583794.86,9.57866436,Renda Fixa | Definitiva,20D0942992,VIRGO COMPANHIA DE SECURITIZAÇÃO,20/04/2030,1443.0,574422.8625656452,0.04191081674246123,2024-06-28,44.625.562/0001-04,FUNDO DE INVESTIMENTO IMOBILIARIO TG REAL ESTATE,FUNDO DE INVESTIMENTO IMOBILIARIO TG REAL ESTATE,FII,FECHADO,QUALIFICADO,TG CORE ASSET LTDA,13.194.316/0001-03,OLIVEIRA TRUST DTVM S.A.,36.113.876/0001-91,2024-12-31
9188,32781 - TG REAL ESTATE FII,44.625.562/0001-04,28/06/2024,Fundos de Investimentos Imobiliário,BR0B4QCTF006,XP INVESTIMENTOS CCTVM S.A.,TG CORE ASSET LTDA,1370583794.86,9.57866436,Renda Fixa | Definitiva,21A0796004,Forte Securitizadora SA,20/11/2031,630.0,435429.625684204,0.03176964643221114,2024-06-28,44.625.562/0001-04,FUNDO DE INVESTIMENTO IMOBILIARIO TG REAL ESTATE,FUNDO DE INVESTIMENTO IMOBILIARIO TG REAL ESTATE,FII,FECHADO,QUALIFICADO,TG CORE ASSET LTDA,13.194.316/0001-03,OLIVEIRA TRUST DTVM S.A.,36.113.876/0001-91,2024-12-31
9189,32781 - TG REAL ESTATE FII,44.625.562/0001-04,28/06/2024,Fundos de Investimentos Imobiliário,BR0B4QCTF006,XP INVESTIMENTOS CCTVM S.A.,TG CORE ASSET LTDA,1370583794.86,9.57866436,Renda Fixa | Definitiva,21L0967495,HABITASEC SECURITIZADORA,24/12/2024,1785.0,1916998.562184459,0.13986730102702502,2024-06-28,44.625.562/0001-04,FUNDO DE INVESTIMENTO IMOBILIARIO TG REAL ESTATE,FUNDO DE INVESTIMENTO IMOBILIARIO TG REAL ESTATE,FII,FECHADO,QUALIFICADO,TG CORE ASSET LTDA,13.194.316/0001-03,OLIVEIRA TRUST DTVM S.A.,36.113.876/0001-91,2024-12-31
9190,32781 - TG REAL ESTATE FII,44.625.562/0001-04,28/06/2024,Fundos de Investimentos Imobiliário,BR0B4QCTF006,XP INVESTIMENTOS CCTVM S.A.,TG CORE ASSET LTDA,1370583794.86,9.57866436,Renda Fixa | Definitiva,23G1149794,RBCAPITALRES,26/06/2029,3479.0,3282881.211251071,0.23952429786216797,2024-06-28,44.625.562/0001-04,FUNDO DE INVESTIMENTO IMOBILIARIO TG REAL ESTATE,FUNDO DE INVESTIMENTO IMOBILIARIO TG REAL ESTATE,FII,FECHADO,QUALIFICADO,TG CORE ASSET LTDA,13.194.316/0001-03,OLIVEIRA TRUST DTVM S.A.,36.113.876/0001-91,2024-12-31
9191,32781 - TG REAL ESTATE FII,44.625.562/0001-04,28/06/2024,Fundos de Investimentos Imobiliário,BR0B4QCTF006,XP INVESTIMENTOS CCTVM S.A.,TG CORE ASSET LTDA,1370583794.86,9.57866436,Renda Fixa | Definitiva,23G1149789,RBCAPITALRES,26/06/2029,21545.0,20251615.10331558,1.4775904384149097,2024-06-28,44.625.562/0001-04,FUNDO DE INVESTIMENTO IMOBILIARIO TG REAL ESTATE,FUNDO DE INVESTIMENTO IMOBILIARIO TG REAL ESTATE,FII,FECHADO,QUALIFICADO,TG CORE ASSET LTDA,13.194.316/0001-03,OLIVEIRA TRUST DTVM S.A.,36.113.876/0001-91,2024-12-31
9192,32781 - TG REAL ESTATE FII,44.625.562/0001-04,28/06/2024,Fundos de Investimentos Imobiliário,BR0B4QCTF006,XP INVESTIMENTOS CCTVM S.A.,TG CORE ASSET LTDA,1370583794.86,9.57866436,Renda Fixa | Definitiva,23G1149794,RBCAPITALRES,26/06/2029,5714.0,5391889.405314349,0.39340093072274435,2024-06-28,44.625.562/0001-04,FUNDO DE INVESTIMENTO IMOBILIARIO TG REAL ESTATE,FUNDO DE INVESTIMENTO IMOBILIARIO TG REAL ESTATE,FII,FECHADO,QUALIFICADO,TG CORE ASSET LTDA,13.194.316/0001-03,OLIVEIRA TRUST DTVM S.A.,36.113.876/0001-91,2024-12-31
9193,32781 - TG REAL ESTATE FII,44.625.562/0001-04,28/06/2024,Fundos de Investimentos Imobiliário,BR0B4QCTF006,XP INVESTIMENTOS CCTVM S.A.,TG CORE ASSET LTDA,1370583794.86,9.57866436,Renda Fixa | Definitiva,22G0893940,VIRGO COMPANHIA DE SECURITIZAÇÃO,23/06/2027,6549.0,6988384.561297452,0.5098837872960034,2024-06-28,44.625.562/0001-04,FUNDO DE INVESTIMENTO IMOBILIARIO TG REAL ESTATE,FUNDO DE INVESTIMENTO IMOBILIARIO TG REAL ESTATE,FII,FECHADO,QUALIFICADO,TG CORE ASSET LTDA,13.194.316/0001-03,OLIVEIRA TRUST DTVM S.A.,36.113.876/0001-91,2024-12-31
9194,32781 - TG REAL ESTATE FII,44.625.562/0001-04,28/06/2024,Fundos de Investimentos Imobiliário,BR0B4QCTF006,XP INVESTIMENTOS CCTVM S.A.,TG CORE ASSET LTDA,1370583794.86,9.57866436,Renda Fixa | Definitiva,21L0967496,HABITASEC SECURITIZADORA,24/12/2024,1407.0,1488184.127320407,0.10858030956599916,2024-06-28,44.625.562/0001-04,FUNDO DE INVESTIMENTO IMOBILIARIO TG REAL ESTATE,FUNDO DE INVESTIMENTO IMOBILIARIO TG REAL ESTATE,FII,FECHADO,QUALIFICADO,TG CORE ASSET LTDA,13.194.316/0001-03,OLIVEIRA TRUST DTVM S.A.,36.113.876/0001-91,2024-12-31
9195,32781 - TG REAL ESTATE FII,44.625.562/0001-04,28/06/2024,Fundos de Investimentos Imobiliário,BR0B4QCTF006,XP INVESTIMENTOS CCTVM S.A.,TG CORE ASSET LTDA,1370583794.86,9.57866436,Renda Fixa | Definitiva,22I0248848,VIRGO COMPANHIA DE SECURITIZAÇÃO,20/07/2032,3647.0,3672942.78226616,0.2679838179935097,2024-06-28,44.625.562/0001-04,FUNDO DE INVESTIMENTO IMOBILIARIO TG REAL ESTATE,FUNDO DE INVESTIMENTO IMOBILIARIO TG REAL ESTATE,FII,FECHADO,QUALIFICADO,TG CORE ASSET LTDA,13.194.316/0001-03,OLIVEIRA TRUST DTVM S.A.,36.113.876/0001-91,2024-12-31
9196,32781 - TG REAL ESTATE FII,44.625.562/0001-04,28/06/2024,Fundos de Investimentos Imobiliário,BR0B4QCTF006,XP INVESTIMENTOS CCTVM S.A.,TG CORE ASSET LTDA,1370583794.86,9.57866436,Renda Fixa | Definitiva,21L0967495,HABITASEC SECURITIZADORA,24/12/2024,4715.0,5063668.470980237,0.369453402992954,2024-06-28,44.625.562/0001-04,FUNDO DE INVESTIMENTO IMOBILIARIO TG REAL ESTATE,FUNDO DE INVESTIMENTO IMOBILIARIO TG REAL ESTATE,FII,FECHADO,QUALIFICADO,TG CORE ASSET LTDA,13.194.316/0001-03,OLIVEIRA TRUST DTVM S.A.,36.113.876/0001-91,2024-12-31
9197,32781 - TG REAL ESTATE FII,44.625.562/0001-04,28/06/2024,Fundos de Investimentos Imobiliário,BR0B4QCTF006,XP INVESTIMENTOS CCTVM S.A.,TG CORE ASSET LTDA,1370583794.86,9.57866436,Renda Fixa | Definitiva,22I0248848,VIRGO COMPANHIA DE SECURITIZAÇÃO,20/07/2032,3353.0,3376851.425538369,0.24638051596716143,2024-06-28,44.625.562/0001-04,FUNDO DE INVESTIMENTO IMOBILIARIO TG REAL ESTATE,FUNDO DE INVESTIMENTO IMOBILIARIO TG REAL ESTATE,FII,FECHADO,QUALIFICADO,TG CORE ASSET LTDA,13.194.316/0001-03,OLIVEIRA TRUST DTVM S.A.,36.113.876/0001-91,2024-12-31
9198,32781 - TG REAL ESTATE FII,44.625.562/0001-04,28/06/2024,Fundos de Investimentos Imobiliário,BR0B4QCTF006,XP INVESTIMENTOS CCTVM S.A.,TG CORE ASSET LTDA,1370583794.86,9.57866436,Renda Fixa | Definitiva,23E1081237,TRUE SECURITIZADORA S.A.,20/04/2027,1882.0,1870941.564406222,0.1365069083278729,2024-06-28,44.625.562/0001-04,FUNDO DE INVESTIMENTO IMOBILIARIO TG REAL ESTATE,FUNDO DE INVESTIMENTO IMOBILIARIO TG REAL ESTATE,FII,FECHADO,QUALIFICADO,TG CORE ASSET LTDA,13.194.316/0001-03,OLIVEIRA TRUST DTVM S.A.,36.113.876/0001-91,2024-12-31
9199,32781 - TG REAL ESTATE FII,44.625.562/0001-04,28/06/2024,Fundos de Investimentos Imobiliário,BR0B4QCTF006,XP INVESTIMENTOS CCTVM S.A.,TG CORE ASSET LTDA,1370583794.86,9.57866436,Renda Fixa | Definitiva,22I0351747,VIRGO COMPANHIA DE SECURITIZAÇÃO,21/01/2026,350.0,351380.227276274,0.02563726702402506,2024-06-28,44.625.562/0001-04,FUNDO DE INVESTIMENTO IMOBILIARIO TG REAL ESTATE,FUNDO DE INVESTIMENTO IMOBILIARIO TG REAL ESTATE,FII,FECHADO,QUALIFICADO,TG CORE ASSET LTDA,13.194.316/0001-03,OLIVEIRA TRUST DTVM S.A.,36.113.876/0001-91,2024-12-31
9200,32781 - TG REAL ESTATE FII,44.625.562/0001-04,28/06/2024,Fundos de Investimentos Imobiliário,BR0B4QCTF006,XP INVESTIMENTOS CCTVM S.A.,TG CORE ASSET LTDA,1370583794.86,9.57866436,Renda Fixa | Definitiva,24E2256429,LEVERAGE COMPANHIA SECURITIZADORA,22/09/2027,5250.0,5277984.406200922,0.3850902386263839,2024-06-28,44.625.562/0001-04,FUNDO DE INVESTIMENTO IMOBILIARIO TG REAL ESTATE,FUNDO DE INVESTIMENTO IMOBILIARIO TG REAL ESTATE,FII,FECHADO,QUALIFICADO,TG CORE ASSET LTDA,13.194.316/0001-03,OLIVEIRA TRUST DTVM S.A.,36.113.876/0001-91,2024-12-31
9201,32781 - TG REAL ESTATE FII,44.625.562/0001-04,28/06/2024,Fundos de Investimentos Imobiliário,BR0B4QCTF006,XP INVESTIMENTOS CCTVM S.A.,TG CORE ASSET LTDA,1370583794.86,9.57866436,Renda Fixa | Definitiva,24E2213960,LEVERAGE COMPANHIA SECURITIZADORA,22/09/2027,5250.0,5268791.757257595,0.3844195281614126,2024-06-28,44.625.562/0001-04,FUNDO DE INVESTIMENTO IMOBILIARIO TG REAL ESTATE,FUNDO DE INVESTIMENTO IMOBILIARIO TG REAL ESTATE,FII,FECHADO,QUALIFICADO,TG CORE ASSET LTDA,13.194.316/0001-03,OLIVEIRA TRUST DTVM S.A.,36.113.876/0001-91,2024-12-31
9202,32781 - TG REAL ESTATE FII,44.625.562/0001-04,28/06/2024,Fundos de Investimentos Imobiliário,BR0B4QCTF006,XP INVESTIMENTOS CCTVM S.A.,TG CORE ASSET LTDA,1370583794.86,9.57866436,Renda Fixa | Definitiva,24C1630587,HABITASEC SECURITIZADORA,16/04/2027,2000.0,2029587.118284,0.14808194332191962,2024-06-28,44.625.562/0001-04,FUNDO DE INVESTIMENTO IMOBILIARIO TG REAL ESTATE,FUNDO DE INVESTIMENTO IMOBILIARIO TG REAL ESTATE,FII,FECHADO,QUALIFICADO,TG CORE ASSET LTDA,13.194.316/0001-03,OLIVEIRA TRUST DTVM S.A.,36.113.876/0001-91,2024-12-31
9203,32781 - TG REAL ESTATE FII,44.625.562/0001-04,28/06/2024,Fundos de Investimentos Imobiliário,BR0B4QCTF006,XP INVESTIMENTOS CCTVM S.A.,TG CORE ASSET LTDA,1370583794.86,9.57866436,Renda Fixa | Definitiva,24E2495042,LEVERAGE COMPANHIA SECURITIZADORA,22/11/2027,17000.0,16974547.41628069,1.2384903046380011,2024-06-28,44.625.562/0001-04,FUNDO DE INVESTIMENTO IMOBILIARIO TG REAL ESTATE,FUNDO DE INVESTIMENTO IMOBILIARIO TG REAL ESTATE,FII,FECHADO,QUALIFICADO,TG CORE ASSET LTDA,13.194.316/0001-03,OLIVEIRA TRUST DTVM S.A.,36.113.876/0001-91,2024-12-31
9204,32781 - TG REAL ESTATE FII,44.625.562/0001-04,28/06/2024,Fundos de Investimentos Imobiliário,BR0B4QCTF006,XP INVESTIMENTOS CCTVM S.A.,TG CORE ASSET LTDA,1370583794.86,9.57866436,Renda Fixa | Definitiva,24E2494968,LEVERAGE COMPANHIA SECURITIZADORA,22/11/2027,17000.0,16944887.52720598,1.23632627138546,2024-06-28,44.625.562/0001-04,FUNDO DE INVESTIMENTO IMOBILIARIO TG REAL ESTATE,FUNDO DE INVESTIMENTO IMOBILIARIO TG REAL ESTATE,FII,FECHADO,QUALIFICADO,TG CORE ASSET LTDA,13.194.316/0001-03,OLIVEIRA TRUST DTVM S.A.,36.113.876/0001-91,2024-12-31
10073,22691 - XP SELECTION FII,30.983.020/0001-90,28/06/2024,Fundos de Investimentos Imobiliário,-,XP INVESTIMENTOS CCTVM S.A.,XP VISTA ASSET MANAGEMENT LTDA.,359460221.66,8.30121147,Cotas de fundos,OT SOBERANO FIRF REF DI LP,OLIVEIRA TRUST,2099-12-01 00:00:00,2597.35496228,6866167.82,1.9101328620707445,2024-06-28,30.983.020/0001-90,XP SELECTION FUNDO DE FUNDOS DE INVESTIMENTO IMOBILIÁRIO - FII,XP SELECTION FUNDO DE FUNDOS DE INVESTIMENTO IMOBILIÁRIO - FII,FII,FECHADO,GERAL,XP VISTA ASSET MANAGMENT LTDA.,16.789.525/0001-98,OLIVEIRA TRUST DTVM S.A.,36.113.876/0001-91,2024-12-31
10110,32781 - TG REAL ESTATE FII,44.625.562/0001-04,28/06/2024,Fundos de Investimentos Imobiliário,BR0B4QCTF006,XP INVESTIMENTOS CCTVM S.A.,TG CORE ASSET LTDA,1370583794.86,9.57866436,Cotas de fundos,FUNDO DE INVESTIMENTO IMOBILIÁRIO XP GRUPO CARNAÚBA,XP - 02220030-7,2099-12-01 00:00:00,4655.0,4356392.37,0.31784940011237983,2024-06-28,44.625.562/0001-04,FUNDO DE INVESTIMENTO IMOBILIARIO TG REAL ESTATE,FUNDO DE INVESTIMENTO IMOBILIARIO TG REAL ESTATE,FII,FECHADO,QUALIFICADO,TG CORE ASSET LTDA,13.194.316/0001-03,OLIVEIRA TRUST DTVM S.A.,36.113.876/0001-91,2024-12-31
10111,32781 - TG REAL ESTATE FII,44.625.562/0001-04,28/06/2024,Fundos de Investimentos Imobiliário,BR0B4QCTF006,XP INVESTIMENTOS CCTVM S.A.,TG CORE ASSET LTDA,1370583794.86,9.57866436,Cotas de fundos,SAFRA CAPITAL MARKET PREMIUM FIC FI RF REFERENCIADO DI CP,OLIVEIRA TRUST,2099-12-01 00:00:00,389679.08634254,109293584.05,7.97423583000731,2024-06-28,44.625.562/0001-04,FUNDO DE INVESTIMENTO IMOBILIARIO TG REAL ESTATE,FUNDO DE INVESTIMENTO IMOBILIARIO TG REAL ESTATE,FII,FECHADO,QUALIFICADO,TG CORE ASSET LTDA,13.194.316/0001-03,OLIVEIRA TRUST DTVM S.A.,36.113.876/0001-91,2024-12-31
10112,32781 - TG REAL ESTATE FII,44.625.562/0001-04,28/06/2024,Fundos de Investimentos Imobiliário,BR0B4QCTF006,XP INVESTIMENTOS CCTVM S.A.,TG CORE ASSET LTDA,1370583794.86,9.57866436,Cotas de fundos,TREND PE XXII FIC RF,XP - 02220030-7,2099-12-01 00:00:00,304471.45381054,323522.05,0.023604689564642532,2024-06-28,44.625.562/0001-04,FUNDO DE INVESTIMENTO IMOBILIARIO TG REAL ESTATE,FUNDO DE INVESTIMENTO IMOBILIARIO TG REAL ESTATE,FII,FECHADO,QUALIFICADO,TG CORE ASSET LTDA,13.194.316/0001-03,OLIVEIRA TRUST DTVM S.A.,36.113.876/0001-91,2024-12-31
10113,32781 - TG REAL ESTATE FII,44.625.562/0001-04,28/06/2024,Fundos de Investimentos Imobiliário,BR0B4QCTF006,XP INVESTIMENTOS CCTVM S.A.,TG CORE ASSET LTDA,1370583794.86,9.57866436,Cotas de fundos,OT SOBERANO FIRF REF DI LP,OLIVEIRA TRUST,2099-12-01 00:00:00,24688.8171446,65265458.25,4.761872896408105,2024-06-28,44.625.562/0001-04,FUNDO DE INVESTIMENTO IMOBILIARIO TG REAL ESTATE,FUNDO DE INVESTIMENTO IMOBILIARIO TG REAL ESTATE,FII,FECHADO,QUALIFICADO,TG CORE ASSET LTDA,13.194.316/0001-03,OLIVEIRA TRUST DTVM S.A.,36.113.876/0001-91,2024-12-31
10114,32781 - TG REAL ESTATE FII,44.625.562/0001-04,28/06/2024,Fundos de Investimentos Imobiliário,BR0B4QCTF006,XP INVESTIMENTOS CCTVM S.A.,TG CORE ASSET LTDA,1370583794.86,9.57866436,Cotas de fundos,BLUE FII,XP - 02220030-7,2099-12-01 00:00:00,200000.0,19791628.66,1.4440290870374433,2024-06-28,44.625.562/0001-04,FUNDO DE INVESTIMENTO IMOBILIARIO TG REAL ESTATE,FUNDO DE INVESTIMENTO IMOBILIARIO TG REAL ESTATE,FII,FECHADO,QUALIFICADO,TG CORE ASSET LTDA,13.194.316/0001-03,OLIVEIRA TRUST DTVM S.A.,36.113.876/0001-91,2024-12-31
10712,22691 - XP SELECTION FII,30.983.020/0001-90,28/06/2024,Fundos de Investimentos Imobiliário,-,XP INVESTIMENTOS CCTVM S.A.,XP VISTA ASSET MANAGEMENT LTDA.,359460221.66,8.30121147,Renda Variável,TRXF11,FII TRX REALCI,2099-12-01 00:00:00,48615.0,5114298.0,1.4227716147233178,2024-06-28,30.983.020/0001-90,XP SELECTION FUNDO DE FUNDOS DE INVESTIMENTO IMOBILIÁRIO - FII,XP SELECTION FUNDO DE FUNDOS DE INVESTIMENTO IMOBILIÁRIO - FII,FII,FECHADO,GERAL,XP VISTA ASSET MANAGMENT LTDA.,16.789.525/0001-98,OLIVEIRA TRUST DTVM S.A.,36.113.876/0001-91,2024-12-31
10713,22691 - XP SELECTION FII,30.983.020/0001-90,28/06/2024,Fundos de Investimentos Imobiliário,-,XP INVESTIMENTOS CCTVM S.A.,XP VISTA ASSET MANAGEMENT LTDA.,359460221.66,8.30121147,Renda Variável,VILG11,FII VINCI LGCI,2099-12-01 00:00:00,97580.0,8151833.2,2.2677984123958264,2024-06-28,30.983.020/0001-90,XP SELECTION FUNDO DE FUNDOS DE INVESTIMENTO IMOBILIÁRIO - FII,XP SELECTION FUNDO DE FUNDOS DE INVESTIMENTO IMOBILIÁRIO - FII,FII,FECHADO,GERAL,XP VISTA ASSET MANAGMENT LTDA.,16.789.525/0001-98,OLIVEIRA TRUST DTVM S.A.,36.113.876/0001-91,2024-12-31
10714,22691 - XP SELECTION FII,30.983.020/0001-90,28/06/2024,Fundos de Investimentos Imobiliário,-,XP INVESTIMENTOS CCTVM S.A.,XP VISTA ASSET MANAGEMENT LTDA.,359460221.66,8.30121147,Renda Variável,BRCO11,FII BRESCO  CI,2099-12-01 00:00:00,17891.0,2031165.23,0.5650598056775259,2024-06-28,30.983.020/0001-90,XP SELECTION FUNDO DE FUNDOS DE INVESTIMENTO IMOBILIÁRIO - FII,XP SELECTION FUNDO DE FUNDOS DE INVESTIMENTO IMOBILIÁRIO - FII,FII,FECHADO,GERAL,XP VISTA ASSET MANAGMENT LTDA.,16.789.525/0001-98,OLIVEIRA TRUST DTVM S.A.,36.113.876/0001-91,2024-12-31
10715,22691 - XP SELECTION FII,30.983.020/0001-90,28/06/2024,Fundos de Investimentos Imobiliário,-,XP INVESTIMENTOS CCTVM S.A.,XP VISTA ASSET MANAGEMENT LTDA.,359460221.66,8.30121147,Renda Variável,LPLP11,FII LAGO PDRCI,2099-12-01 00:00:00,11300.0,4942337.56,1.3749330975138527,2024-06-28,30.983.020/0001-90,XP SELECTION FUNDO DE FUNDOS DE INVESTIMENTO IMOBILIÁRIO - FII,XP SELECTION FUNDO DE FUNDOS DE INVESTIMENTO IMOBILIÁRIO - FII,FII,FECHADO,GERAL,XP VISTA ASSET MANAGMENT LTDA.,16.789.525/0001-98,OLIVEIRA TRUST DTVM S.A.,36.113.876/0001-91,2024-12-31
10716,22691 - XP SELECTION FII,30.983.020/0001-90,28/06/2024,Fundos de Investimentos Imobiliário,-,XP INVESTIMENTOS CCTVM S.A.,XP VISTA ASSET MANAGEMENT LTDA.,359460221.66,8.30121147,Renda Variável,JFLL11,FII JFL LIV CI,2099-12-01 00:00:00,20230.0,1521093.7,0.4231605079904351,2024-06-28,30.983.020/0001-90,XP SELECTION FUNDO DE FUNDOS DE INVESTIMENTO IMOBILIÁRIO - FII,XP SELECTION FUNDO DE FUNDOS DE INVESTIMENTO IMOBILIÁRIO - FII,FII,FECHADO,GERAL,XP VISTA ASSET MANAGMENT LTDA.,16.789.525/0001-98,OLIVEIRA TRUST DTVM S.A.,36.113.876/0001-91,2024-12-31
10717,22691 - XP SELECTION FII,30.983.020/0001-90,28/06/2024,Fundos de Investimentos Imobiliário,-,XP INVESTIMENTOS CCTVM S.A.,XP VISTA ASSET MANAGEMENT LTDA.,359460221.66,8.30121147,Renda Variável,XPLG11,FII XP LOG  CI,2099-12-01 00:00:00,148215.0,14803714.2,4.118317774254943,2024-06-28,30.983.020/0001-90,XP SELECTION FUNDO DE FUNDOS DE INVESTIMENTO IMOBILIÁRIO - FII,XP SELECTION FUNDO DE FUNDOS DE INVESTIMENTO IMOBILIÁRIO - FII,FII,FECHADO,GERAL,XP VISTA ASSET MANAGMENT LTDA.,16.789.525/0001-98,OLIVEIRA TRUST DTVM S.A.,36.113.876/0001-91,2024-12-31
10718,22691 - XP SELECTION FII,30.983.020/0001-90,28/06/2024,Fundos de Investimentos Imobiliário,-,XP INVESTIMENTOS CCTVM S.A.,XP VISTA ASSET MANAGEMENT LTDA.,359460221.66,8.30121147,Renda Variável,BTCI11,FII BTG CRI CI,2099-12-01 00:00:00,63719.0,639738.76,0.17797205961918786,2024-06-28,30.983.020/0001-90,XP SELECTION FUNDO DE FUNDOS DE INVESTIMENTO IMOBILIÁRIO - FII,XP SELECTION FUNDO DE FUNDOS DE INVESTIMENTO IMOBILIÁRIO - FII,FII,FECHADO,GERAL,XP VISTA ASSET MANAGMENT LTDA.,16.789.525/0001-98,OLIVEIRA TRUST DTVM S.A.,36.113.876/0001-91,2024-12-31
10719,22691 - XP SELECTION FII,30.983.020/0001-90,28/06/2024,Fundos de Investimentos Imobiliário,-,XP INVESTIMENTOS CCTVM S.A.,XP VISTA ASSET MANAGEMENT LTDA.,359460221.66,8.30121147,Renda Variável,VVMR11,FII MULT RENCI,2099-12-01 00:00:00,207105.0,18618739.5,5.17963835164236,2024-06-28,30.983.020/0001-90,XP SELECTION FUNDO DE FUNDOS DE INVESTIMENTO IMOBILIÁRIO - FII,XP SELECTION FUNDO DE FUNDOS DE INVESTIMENTO IMOBILIÁRIO - FII,FII,FECHADO,GERAL,XP VISTA ASSET MANAGMENT LTDA.,16.789.525/0001-98,OLIVEIRA TRUST DTVM S.A.,36.113.876/0001-91,2024-12-31
10720,22691 - XP SELECTION FII,30.983.020/0001-90,28/06/2024,Fundos de Investimentos Imobiliário,-,XP INVESTIMENTOS CCTVM S.A.,XP VISTA ASSET MANAGEMENT LTDA.,359460221.66,8.30121147,Renda Variável,GTWR11,FII G TOWERSCI,2099-12-01 00:00:00,58419.0,4921800.75,1.369219861733504,2024-06-28,30.983.020/0001-90,XP SELECTION FUNDO DE FUNDOS DE INVESTIMENTO IMOBILIÁRIO - FII,XP SELECTION FUNDO DE FUNDOS DE INVESTIMENTO IMOBILIÁRIO - FII,FII,FECHADO,GERAL,XP VISTA ASSET MANAGMENT LTDA.,16.789.525/0001-98,OLIVEIRA TRUST DTVM S.A.,36.113.876/0001-91,2024-12-31
10721,22691 - XP SELECTION FII,30.983.020/0001-90,28/06/2024,Fundos de Investimentos Imobiliário,-,XP INVESTIMENTOS CCTVM S.A.,XP VISTA ASSET MANAGEMENT LTDA.,359460221.66,8.30121147,Renda Variável,SPVJ11,FII S VAREJOCI  ERS,2099-12-01 00:00:00,75117.0,8366250.37,2.327448175312518,2024-06-28,30.983.020/0001-90,XP SELECTION FUNDO DE FUNDOS DE INVESTIMENTO IMOBILIÁRIO - FII,XP SELECTION FUNDO DE FUNDOS DE INVESTIMENTO IMOBILIÁRIO - FII,FII,FECHADO,GERAL,XP VISTA ASSET MANAGMENT LTDA.,16.789.525/0001-98,OLIVEIRA TRUST DTVM S.A.,36.113.876/0001-91,2024-12-31
10722,22691 - XP SELECTION FII,30.983.020/0001-90,28/06/2024,Fundos de Investimentos Imobiliário,-,XP INVESTIMENTOS CCTVM S.A.,XP VISTA ASSET MANAGEMENT LTDA.,359460221.66,8.30121147,Renda Variável,XPCI11,FII XP CRED CI,2099-12-01 00:00:00,117908.0,10257996.0,2.853722159472392,2024-06-28,30.983.020/0001-90,XP SELECTION FUNDO DE FUNDOS DE INVESTIMENTO IMOBILIÁRIO - FII,XP SELECTION FUNDO DE FUNDOS DE INVESTIMENTO IMOBILIÁRIO - FII,FII,FECHADO,GERAL,XP VISTA ASSET MANAGMENT LTDA.,16.789.525/0001-98,OLIVEIRA TRUST DTVM S.A.,36.113.876/0001-91,2024-12-31
10723,22691 - XP SELECTION FII,30.983.020/0001-90,28/06/2024,Fundos de Investimentos Imobiliário,-,XP INVESTIMENTOS CCTVM S.A.,XP VISTA ASSET MANAGEMENT LTDA.,359460221.66,8.30121147,Renda Variável,BROF11,FII BROF    CI,2099-12-01 00:00:00,63184.0,3307682.4,0.9201803706471346,2024-06-28,30.983.020/0001-90,XP SELECTION FUNDO DE FUNDOS DE INVESTIMENTO IMOBILIÁRIO - FII,XP SELECTION FUNDO DE FUNDOS DE INVESTIMENTO IMOBILIÁRIO - FII,FII,FECHADO,GERAL,XP VISTA ASSET MANAGMENT LTDA.,16.789.525/0001-98,OLIVEIRA TRUST DTVM S.A.,36.113.876/0001-91,2024-12-31
10724,22691 - XP SELECTION FII,30.983.020/0001-90,28/06/2024,Fundos de Investimentos Imobiliário,-,XP INVESTIMENTOS CCTVM S.A.,XP VISTA ASSET MANAGEMENT LTDA.,359460221.66,8.30121147,Renda Variável,VINO11,FII VINCI OFCI,2099-12-01 00:00:00,1010325.0,7072275.0,1.9674708281600628,2024-06-28,30.983.020/0001-90,XP SELECTION FUNDO DE FUNDOS DE INVESTIMENTO IMOBILIÁRIO - FII,XP SELECTION FUNDO DE FUNDOS DE INVESTIMENTO IMOBILIÁRIO - FII,FII,FECHADO,GERAL,XP VISTA ASSET MANAGMENT LTDA.,16.789.525/0001-98,OLIVEIRA TRUST DTVM S.A.,36.113.876/0001-91,2024-12-31
10725,22691 - XP SELECTION FII,30.983.020/0001-90,28/06/2024,Fundos de Investimentos Imobiliário,-,XP INVESTIMENTOS CCTVM S.A.,XP VISTA ASSET MANAGEMENT LTDA.,359460221.66,8.30121147,Renda Variável,MCCI11,FII MAUA    CI,2099-12-01 00:00:00,204584.0,18617144.0,5.179194491681269,2024-06-28,30.983.020/0001-90,XP SELECTION FUNDO DE FUNDOS DE INVESTIMENTO IMOBILIÁRIO - FII,XP SELECTION FUNDO DE FUNDOS DE INVESTIMENTO IMOBILIÁRIO - FII,FII,FECHADO,GERAL,XP VISTA ASSET MANAGMENT LTDA.,16.789.525/0001-98,OLIVEIRA TRUST DTVM S.A.,36.113.876/0001-91,2024-12-31
10726,22691 - XP SELECTION FII,30.983.020/0001-90,28/06/2024,Fundos de Investimentos Imobiliário,-,XP INVESTIMENTOS CCTVM S.A.,XP VISTA ASSET MANAGEMENT LTDA.,359460221.66,8.30121147,Renda Variável,TEPP11,FII TEL PROPCI,2099-12-01 00:00:00,21629.0,1989868.0,0.5535711269554998,2024-06-28,30.983.020/0001-90,XP SELECTION FUNDO DE FUNDOS DE INVESTIMENTO IMOBILIÁRIO - FII,XP SELECTION FUNDO DE FUNDOS DE INVESTIMENTO IMOBILIÁRIO - FII,FII,FECHADO,GERAL,XP VISTA ASSET MANAGMENT LTDA.,16.789.525/0001-98,OLIVEIRA TRUST DTVM S.A.,36.113.876/0001-91,2024-12-31
10727,22691 - XP SELECTION FII,30.983.020/0001-90,28/06/2024,Fundos de Investimentos Imobiliário,-,XP INVESTIMENTOS CCTVM S.A.,XP VISTA ASSET MANAGEMENT LTDA.,359460221.66,8.30121147,Renda Variável,CBOP11,FII C BRANCOCI,2099-12-01 00:00:00,59714.0,1625415.08,0.45218218374588864,2024-06-28,30.983.020/0001-90,XP SELECTION FUNDO DE FUNDOS DE INVESTIMENTO IMOBILIÁRIO - FII,XP SELECTION FUNDO DE FUNDOS DE INVESTIMENTO IMOBILIÁRIO - FII,FII,FECHADO,GERAL,XP VISTA ASSET MANAGMENT LTDA.,16.789.525/0001-98,OLIVEIRA TRUST DTVM S.A.,36.113.876/0001-91,2024-12-31
10728,22691 - XP SELECTION FII,30.983.020/0001-90,28/06/2024,Fundos de Investimentos Imobiliário,-,XP INVESTIMENTOS CCTVM S.A.,XP VISTA ASSET MANAGEMENT LTDA.,359460221.66,8.30121147,Renda Variável,HSML11,FII HSI MALLCI,2099-12-01 00:00:00,134156.0,13060086.6,3.633249470466595,2024-06-28,30.983.020/0001-90,XP SELECTION FUNDO DE FUNDOS DE INVESTIMENTO IMOBILIÁRIO - FII,XP SELECTION FUNDO DE FUNDOS DE INVESTIMENTO IMOBILIÁRIO - FII,FII,FECHADO,GERAL,XP VISTA ASSET MANAGMENT LTDA.,16.789.525/0001-98,OLIVEIRA TRUST DTVM S.A.,36.113.876/0001-91,2024-12-31
10729,22691 - XP SELECTION FII,30.983.020/0001-90,28/06/2024,Fundos de Investimentos Imobiliário,-,XP INVESTIMENTOS CCTVM S.A.,XP VISTA ASSET MANAGEMENT LTDA.,359460221.66,8.30121147,Renda Variável,JSRE11,FII JS REAL CI,2099-12-01 00:00:00,15718.0,1048390.6,0.2916569169068263,2024-06-28,30.983.020/0001-90,XP SELECTION FUNDO DE FUNDOS DE INVESTIMENTO IMOBILIÁRIO - FII,XP SELECTION FUNDO DE FUNDOS DE INVESTIMENTO IMOBILIÁRIO - FII,FII,FECHADO,GERAL,XP VISTA ASSET MANAGMENT LTDA.,16.789.525/0001-98,OLIVEIRA TRUST DTVM S.A.,36.113.876/0001-91,2024-12-31
10730,22691 - XP SELECTION FII,30.983.020/0001-90,28/06/2024,Fundos de Investimentos Imobiliário,-,XP INVESTIMENTOS CCTVM S.A.,XP VISTA ASSET MANAGEMENT LTDA.,359460221.66,8.30121147,Renda Variável,RBRY11,FII RBR PCRICI,2099-12-01 00:00:00,40046.0,3924508.0,1.0917781060381266,2024-06-28,30.983.020/0001-90,XP SELECTION FUNDO DE FUNDOS DE INVESTIMENTO IMOBILIÁRIO - FII,XP SELECTION FUNDO DE FUNDOS DE INVESTIMENTO IMOBILIÁRIO - FII,FII,FECHADO,GERAL,XP VISTA ASSET MANAGMENT LTDA.,16.789.525/0001-98,OLIVEIRA TRUST DTVM S.A.,36.113.876/0001-91,2024-12-31
10731,22691 - XP SELECTION FII,30.983.020/0001-90,28/06/2024,Fundos de Investimentos Imobiliário,-,XP INVESTIMENTOS CCTVM S.A.,XP VISTA ASSET MANAGEMENT LTDA.,359460221.66,8.30121147,Renda Variável,RBRP11,FII RBR PROPCI,2099-12-01 00:00:00,159952.0,9353992.96,2.6022331252128343,2024-06-28,30.983.020/0001-90,XP SELECTION FUNDO DE FUNDOS DE INVESTIMENTO IMOBILIÁRIO - FII,XP SELECTION FUNDO DE FUNDOS DE INVESTIMENTO IMOBILIÁRIO - FII,FII,FECHADO,GERAL,XP VISTA ASSET MANAGMENT LTDA.,16.789.525/0001-98,OLIVEIRA TRUST DTVM S.A.,36.113.876/0001-91,2024-12-31
10732,22691 - XP SELECTION FII,30.983.020/0001-90,28/06/2024,Fundos de Investimentos Imobiliário,-,XP INVESTIMENTOS CCTVM S.A.,XP VISTA ASSET MANAGEMENT LTDA.,359460221.66,8.30121147,Renda Variável,AIEC11,FII AUTONOMYCI,2099-12-01 00:00:00,78696.0,4304671.2,1.1975375690030112,2024-06-28,30.983.020/0001-90,XP SELECTION FUNDO DE FUNDOS DE INVESTIMENTO IMOBILIÁRIO - FII,XP SELECTION FUNDO DE FUNDOS DE INVESTIMENTO IMOBILIÁRIO - FII,FII,FECHADO,GERAL,XP VISTA ASSET MANAGMENT LTDA.,16.789.525/0001-98,OLIVEIRA TRUST DTVM S.A.,36.113.876/0001-91,2024-12-31
10733,22691 - XP SELECTION FII,30.983.020/0001-90,28/06/2024,Fundos de Investimentos Imobiliário,-,XP INVESTIMENTOS CCTVM S.A.,XP VISTA ASSET MANAGEMENT LTDA.,359460221.66,8.30121147,Renda Variável,PVBI11,FII VBI PRI CI,2099-12-01 00:00:00,101722.0,9384871.72,2.610823438727192,2024-06-28,30.983.020/0001-90,XP SELECTION FUNDO DE FUNDOS DE INVESTIMENTO IMOBILIÁRIO - FII,XP SELECTION FUNDO DE FUNDOS DE INVESTIMENTO IMOBILIÁRIO - FII,FII,FECHADO,GERAL,XP VISTA ASSET MANAGMENT LTDA.,16.789.525/0001-98,OLIVEIRA TRUST DTVM S.A.,36.113.876/0001-91,2024-12-31
10734,22691 - XP SELECTION FII,30.983.020/0001-90,28/06/2024,Fundos de Investimentos Imobiliário,-,XP INVESTIMENTOS CCTVM S.A.,XP VISTA ASSET MANAGEMENT LTDA.,359460221.66,8.30121147,Renda Variável,PATL11,FII PATR LOGCI,2099-12-01 00:00:00,43014.0,2621273.16,0.7292248215657543,2024-06-28,30.983.020/0001-90,XP SELECTION FUNDO DE FUNDOS DE INVESTIMENTO IMOBILIÁRIO - FII,XP SELECTION FUNDO DE FUNDOS DE INVESTIMENTO IMOBILIÁRIO - FII,FII,FECHADO,GERAL,XP VISTA ASSET MANAGMENT LTDA.,16.789.525/0001-98,OLIVEIRA TRUST DTVM S.A.,36.113.876/0001-91,2024-12-31
10735,22691 - XP SELECTION FII,30.983.020/0001-90,28/06/2024,Fundos de Investimentos Imobiliário,-,XP INVESTIMENTOS CCTVM S.A.,XP VISTA ASSET MANAGEMENT LTDA.,359460221.66,8.30121147,Renda Variável,MXRF13,FII MAX RENCI,2099-12-01 00:00:00,1000.0,10240.0,0.002848715764072953,2024-06-28,30.983.020/0001-90,XP SELECTION FUNDO DE FUNDOS DE INVESTIMENTO IMOBILIÁRIO - FII,XP SELECTION FUNDO DE FUNDOS DE INVESTIMENTO IMOBILIÁRIO - FII,FII,FECHADO,GERAL,XP VISTA ASSET MANAGMENT LTDA.,16.789.525/0001-98,OLIVEIRA TRUST DTVM S.A.,36.113.876/0001-91,2024-12-31
10736,22691 - XP SELECTION FII,30.983.020/0001-90,28/06/2024,Fundos de Investimentos Imobiliário,-,XP INVESTIMENTOS CCTVM S.A.,XP VISTA ASSET MANAGEMENT LTDA.,359460221.66,8.30121147,Renda Variável,LPLP15,FII LAGO PDRCI,2099-12-01 00:00:00,22469.0,9827378.99,2.7339267039387045,2024-06-28,30.983.020/0001-90,XP SELECTION FUNDO DE FUNDOS DE INVESTIMENTO IMOBILIÁRIO - FII,XP SELECTION FUNDO DE FUNDOS DE INVESTIMENTO IMOBILIÁRIO - FII,FII,FECHADO,GERAL,XP VISTA ASSET MANAGMENT LTDA.,16.789.525/0001-98,OLIVEIRA TRUST DTVM S.A.,36.113.876/0001-91,2024-12-31
10737,22691 - XP SELECTION FII,30.983.020/0001-90,28/06/2024,Fundos de Investimentos Imobiliário,-,XP INVESTIMENTOS CCTVM S.A.,XP VISTA ASSET MANAGEMENT LTDA.,359460221.66,8.30121147,Renda Variável,RBRR11,FII RBRHGRADCI,2099-12-01 00:00:00,199812.0,18284796.12,5.08673700682656,2024-06-28,30.983.020/0001-90,XP SELECTION FUNDO DE FUNDOS DE INVESTIMENTO IMOBILIÁRIO - FII,XP SELECTION FUNDO DE FUNDOS DE INVESTIMENTO IMOBILIÁRIO - FII,FII,FECHADO,GERAL,XP VISTA ASSET MANAGMENT LTDA.,16.789.525/0001-98,OLIVEIRA TRUST DTVM S.A.,36.113.876/0001-91,2024-12-31
10738,22691 - XP SELECTION FII,30.983.020/0001-90,28/06/2024,Fundos de Investimentos Imobiliário,-,XP INVESTIMENTOS CCTVM S.A.,XP VISTA ASSET MANAGEMENT LTDA.,359460221.66,8.30121147,Renda Variável,XPIN11,FII XP INDL CI,2099-12-01 00:00:00,9247.0,718491.9,0.19988078143444607,2024-06-28,30.983.020/0001-90,XP SELECTION FUNDO DE FUNDOS DE INVESTIMENTO IMOBILIÁRIO - FII,XP SELECTION FUNDO DE FUNDOS DE INVESTIMENTO IMOBILIÁRIO - FII,FII,FECHADO,GERAL,XP VISTA ASSET MANAGMENT LTDA.,16.789.525/0001-98,OLIVEIRA TRUST DTVM S.A.,36.113.876/0001-91,2024-12-31
10739,22691 - XP SELECTION FII,30.983.020/0001-90,28/06/2024,Fundos de Investimentos Imobiliário,-,XP INVESTIMENTOS CCTVM S.A.,XP VISTA ASSET MANAGEMENT LTDA.,359460221.66,8.30121147,Renda Variável,KNRI11,FII KINEA   CI,2099-12-01 00:00:00,9229.0,1473409.85,0.4098951041636099,2024-06-28,30.983.020/0001-90,XP SELECTION FUNDO DE FUNDOS DE INVESTIMENTO IMOBILIÁRIO - FII,XP SELECTION FUNDO DE FUNDOS DE INVESTIMENTO IMOBILIÁRIO - FII,FII,FECHADO,GERAL,XP VISTA ASSET MANAGMENT LTDA.,16.789.525/0001-98,OLIVEIRA TRUST DTVM S.A.,36.113.876/0001-91,2024-12-31
10740,22691 - XP SELECTION FII,30.983.020/0001-90,28/06/2024,Fundos de Investimentos Imobiliário,-,XP INVESTIMENTOS CCTVM S.A.,XP VISTA ASSET MANAGEMENT LTDA.,359460221.66,8.30121147,Renda Variável,ALZR13,FII ALIANZA CI ER,2099-12-01 00:00:00,592.0,64196.48,0.017859133259179108,2024-06-28,30.983.020/0001-90,XP SELECTION FUNDO DE FUNDOS DE INVESTIMENTO IMOBILIÁRIO - FII,XP SELECTION FUNDO DE FUNDOS DE INVESTIMENTO IMOBILIÁRIO - FII,FII,FECHADO,GERAL,XP VISTA ASSET MANAGMENT LTDA.,16.789.525/0001-98,OLIVEIRA TRUST DTVM S.A.,36.113.876/0001-91,2024-12-31
10741,22691 - XP SELECTION FII,30.983.020/0001-90,28/06/2024,Fundos de Investimentos Imobiliário,-,XP INVESTIMENTOS CCTVM S.A.,XP VISTA ASSET MANAGEMENT LTDA.,359460221.66,8.30121147,Renda Variável,ALZR14,FII ALIANZA CI ER,2099-12-01 00:00:00,64739.0,7020297.16,1.953010858219588,2024-06-28,30.983.020/0001-90,XP SELECTION FUNDO DE FUNDOS DE INVESTIMENTO IMOBILIÁRIO - FII,XP SELECTION FUNDO DE FUNDOS DE INVESTIMENTO IMOBILIÁRIO - FII,FII,FECHADO,GERAL,XP VISTA ASSET MANAGMENT LTDA.,16.789.525/0001-98,OLIVEIRA TRUST DTVM S.A.,36.113.876/0001-91,2024-12-31
10742,22691 - XP SELECTION FII,30.983.020/0001-90,28/06/2024,Fundos de Investimentos Imobiliário,-,XP INVESTIMENTOS CCTVM S.A.,XP VISTA ASSET MANAGEMENT LTDA.,359460221.66,8.30121147,Renda Variável,IRDM11,FII IRIDIUM CI,2099-12-01 00:00:00,25588.0,1848221.24,0.514165720886959,2024-06-28,30.983.020/0001-90,XP SELECTION FUNDO DE FUNDOS DE INVESTIMENTO IMOBILIÁRIO - FII,XP SELECTION FUNDO DE FUNDOS DE INVESTIMENTO IMOBILIÁRIO - FII,FII,FECHADO,GERAL,XP VISTA ASSET MANAGMENT LTDA.,16.789.525/0001-98,OLIVEIRA TRUST DTVM S.A.,36.113.876/0001-91,2024-12-31
10743,22691 - XP SELECTION FII,30.983.020/0001-90,28/06/2024,Fundos de Investimentos Imobiliário,-,XP INVESTIMENTOS CCTVM S.A.,XP VISTA ASSET MANAGEMENT LTDA.,359460221.66,8.30121147,Renda Variável,RBRL11,FII RBR LOG CI,2099-12-01 00:00:00,225968.0,17309148.8,4.815316899340277,2024-06-28,30.983.020/0001-90,XP SELECTION FUNDO DE FUNDOS DE INVESTIMENTO IMOBILIÁRIO - FII,XP SELECTION FUNDO DE FUNDOS DE INVESTIMENTO IMOBILIÁRIO - FII,FII,FECHADO,GERAL,XP VISTA ASSET MANAGMENT LTDA.,16.789.525/0001-98,OLIVEIRA TRUST DTVM S.A.,36.113.876/0001-91,2024-12-31
10744,22691 - XP SELECTION FII,30.983.020/0001-90,28/06/2024,Fundos de Investimentos Imobiliário,-,XP INVESTIMENTOS CCTVM S.A.,XP VISTA ASSET MANAGEMENT LTDA.,359460221.66,8.30121147,Renda Variável,TGAR11,FII TG ATIVOCI,2099-12-01 00:00:00,171020.0,20731044.4,5.767270799607061,2024-06-28,30.983.020/0001-90,XP SELECTION FUNDO DE FUNDOS DE INVESTIMENTO IMOBILIÁRIO - FII,XP SELECTION FUNDO DE FUNDOS DE INVESTIMENTO IMOBILIÁRIO - FII,FII,FECHADO,GERAL,XP VISTA ASSET MANAGMENT LTDA.,16.789.525/0001-98,OLIVEIRA TRUST DTVM S.A.,36.113.876/0001-91,2024-12-31
10745,22691 - XP SELECTION FII,30.983.020/0001-90,28/06/2024,Fundos de Investimentos Imobiliário,-,XP INVESTIMENTOS CCTVM S.A.,XP VISTA ASSET MANAGEMENT LTDA.,359460221.66,8.30121147,Renda Variável,MXRF11,FII MAXI RENCI,2099-12-01 00:00:00,937006.0,9594941.44,2.669263763230941,2024-06-28,30.983.020/0001-90,XP SELECTION FUNDO DE FUNDOS DE INVESTIMENTO IMOBILIÁRIO - FII,XP SELECTION FUNDO DE FUNDOS DE INVESTIMENTO IMOBILIÁRIO - FII,FII,FECHADO,GERAL,XP VISTA ASSET MANAGMENT LTDA.,16.789.525/0001-98,OLIVEIRA TRUST DTVM S.A.,36.113.876/0001-91,2024-12-31
10746,22691 - XP SELECTION FII,30.983.020/0001-90,28/06/2024,Fundos de Investimentos Imobiliário,-,XP INVESTIMENTOS CCTVM S.A.,XP VISTA ASSET MANAGEMENT LTDA.,359460221.66,8.30121147,Renda Variável,ALZR11,FII ALIANZA CI  ER,2099-12-01 00:00:00,1670.0,181094.8,0.0503796495655897,2024-06-28,30.983.020/0001-90,XP SELECTION FUNDO DE FUNDOS DE INVESTIMENTO IMOBILIÁRIO - FII,XP SELECTION FUNDO DE FUNDOS DE INVESTIMENTO IMOBILIÁRIO - FII,FII,FECHADO,GERAL,XP VISTA ASSET MANAGMENT LTDA.,16.789.525/0001-98,OLIVEIRA TRUST DTVM S.A.,36.113.876/0001-91,2024-12-31
10747,22691 - XP SELECTION FII,30.983.020/0001-90,28/06/2024,Fundos de Investimentos Imobiliário,-,XP INVESTIMENTOS CCTVM S.A.,XP VISTA ASSET MANAGEMENT LTDA.,359460221.66,8.30121147,Renda Variável,RBED11,FII RIOB ED CI,2099-12-01 00:00:00,61152.0,8456098.56,2.352443483440098,2024-06-28,30.983.020/0001-90,XP SELECTION FUNDO DE FUNDOS DE INVESTIMENTO IMOBILIÁRIO - FII,XP SELECTION FUNDO DE FUNDOS DE INVESTIMENTO IMOBILIÁRIO - FII,FII,FECHADO,GERAL,XP VISTA ASSET MANAGMENT LTDA.,16.789.525/0001-98,OLIVEIRA TRUST DTVM S.A.,36.113.876/0001-91,2024-12-31
10748,22691 - XP SELECTION FII,30.983.020/0001-90,28/06/2024,Fundos de Investimentos Imobiliário,-,XP INVESTIMENTOS CCTVM S.A.,XP VISTA ASSET MANAGEMENT LTDA.,359460221.66,8.30121147,Renda Variável,HGBS11,FII HEDGEBS CI,2099-12-01 00:00:00,33929.0,7185144.33,1.998870500001015,2024-06-28,30.983.020/0001-90,XP SELECTION FUNDO DE FUNDOS DE INVESTIMENTO IMOBILIÁRIO - FII,XP SELECTION FUNDO DE FUNDOS DE INVESTIMENTO IMOBILIÁRIO - FII,FII,FECHADO,GERAL,XP VISTA ASSET MANAGMENT LTDA.,16.789.525/0001-98,OLIVEIRA TRUST DTVM S.A.,36.113.876/0001-91,2024-12-31
10749,22691 - XP SELECTION FII,30.983.020/0001-90,28/06/2024,Fundos de Investimentos Imobiliário,-,XP INVESTIMENTOS CCTVM S.A.,XP VISTA ASSET MANAGEMENT LTDA.,359460221.66,8.30121147,Renda Variável,BARI11,FII BARIGUI CI,2099-12-01 00:00:00,195279.0,16588951.05,4.614961559137653,2024-06-28,30.983.020/0001-90,XP SELECTION FUNDO DE FUNDOS DE INVESTIMENTO IMOBILIÁRIO - FII,XP SELECTION FUNDO DE FUNDOS DE INVESTIMENTO IMOBILIÁRIO - FII,FII,FECHADO,GERAL,XP VISTA ASSET MANAGMENT LTDA.,16.789.525/0001-98,OLIVEIRA TRUST DTVM S.A.,36.113.876/0001-91,2024-12-31
10750,22691 - XP SELECTION FII,30.983.020/0001-90,28/06/2024,Fundos de Investimentos Imobiliário,-,XP INVESTIMENTOS CCTVM S.A.,XP VISTA ASSET MANAGEMENT LTDA.,359460221.66,8.30121147,Renda Variável,HGRE11,FII HG REAL CI,2099-12-01 00:00:00,36062.0,4303999.7,1.1973507611284435,2024-06-28,30.983.020/0001-90,XP SELECTION FUNDO DE FUNDOS DE INVESTIMENTO IMOBILIÁRIO - FII,XP SELECTION FUNDO DE FUNDOS DE INVESTIMENTO IMOBILIÁRIO - FII,FII,FECHADO,GERAL,XP VISTA ASSET MANAGMENT LTDA.,16.789.525/0001-98,OLIVEIRA TRUST DTVM S.A.,36.113.876/0001-91,2024-12-31
10751,22691 - XP SELECTION FII,30.983.020/0001-90,28/06/2024,Fundos de Investimentos Imobiliário,-,XP INVESTIMENTOS CCTVM S.A.,XP VISTA ASSET MANAGEMENT LTDA.,359460221.66,8.30121147,Renda Variável,XPML11,FII XP MALLSCI  ER,2099-12-01 00:00:00,149023.0,16802343.25,4.674326180628884,2024-06-28,30.983.020/0001-90,XP SELECTION FUNDO DE FUNDOS DE INVESTIMENTO IMOBILIÁRIO - FII,XP SELECTION FUNDO DE FUNDOS DE INVESTIMENTO IMOBILIÁRIO - FII,FII,FECHADO,GERAL,XP VISTA ASSET MANAGMENT LTDA.,16.789.525/0001-98,OLIVEIRA TRUST DTVM S.A.,36.113.876/0001-91,2024-12-31
10752,22691 - XP SELECTION FII,30.983.020/0001-90,28/06/2024,Fundos de Investimentos Imobiliário,-,XP INVESTIMENTOS CCTVM S.A.,XP VISTA ASSET MANAGEMENT LTDA.,359460221.66,8.30121147,Renda Variável,CPTS11,FII CAPI SECCI,2099-12-01 00:00:00,2772272.0,22926689.44,6.37808804938798,2024-06-28,30.983.020/0001-90,XP SELECTION FUNDO DE FUNDOS DE INVESTIMENTO IMOBILIÁRIO - FII,XP SELECTION FUNDO DE FUNDOS DE INVESTIMENTO IMOBILIÁRIO - FII,FII,FECHADO,GERAL,XP VISTA ASSET MANAGMENT LTDA.,16.789.525/0001-98,OLIVEIRA TRUST DTVM S.A.,36.113.876/0001-91,2024-12-31
10753,22691 - XP SELECTION FII,30.983.020/0001-90,28/06/2024,Fundos de Investimentos Imobiliário,-,XP INVESTIMENTOS CCTVM S.A.,XP VISTA ASSET MANAGEMENT LTDA.,359460221.66,8.30121147,Renda Variável,XPPR11,FII XP PROP CI,2099-12-01 00:00:00,109593.0,1926644.94,0.5359827941747449,2024-06-28,30.983.020/0001-90,XP SELECTION FUNDO DE FUNDOS DE INVESTIMENTO IMOBILIÁRIO - FII,XP SELECTION FUNDO DE FUNDOS DE INVESTIMENTO IMOBILIÁRIO - FII,FII,FECHADO,GERAL,XP VISTA ASSET MANAGMENT LTDA.,16.789.525/0001-98,OLIVEIRA TRUST DTVM S.A.,36.113.876/0001-91,2024-12-31
10754,22691 - XP SELECTION FII,30.983.020/0001-90,28/06/2024,Fundos de Investimentos Imobiliário,-,XP INVESTIMENTOS CCTVM S.A.,XP VISTA ASSET MANAGEMENT LTDA.,359460221.66,8.30121147,Renda Variável,RVBI11,FII VBI REITCI,2099-12-01 00:00:00,14170.0,1038802.7,0.2889896120362838,2024-06-28,30.983.020/0001-90,XP SELECTION FUNDO DE FUNDOS DE INVESTIMENTO IMOBILIÁRIO - FII,XP SELECTION FUNDO DE FUNDOS DE INVESTIMENTO IMOBILIÁRIO - FII,FII,FECHADO,GERAL,XP VISTA ASSET MANAGMENT LTDA.,16.789.525/0001-98,OLIVEIRA TRUST DTVM S.A.,36.113.876/0001-91,2024-12-31
10755,22691 - XP SELECTION FII,30.983.020/0001-90,28/06/2024,Fundos de Investimentos Imobiliário,-,XP INVESTIMENTOS CCTVM S.A.,XP VISTA ASSET MANAGEMENT LTDA.,359460221.66,8.30121147,Renda Variável,BTLG11,FII BTLG    CI  ER,2099-12-01 00:00:00,164316.0,16390521.0,4.559759331452029,2024-06-28,30.983.020/0001-90,XP SELECTION FUNDO DE FUNDOS DE INVESTIMENTO IMOBILIÁRIO - FII,XP SELECTION FUNDO DE FUNDOS DE INVESTIMENTO IMOBILIÁRIO - FII,FII,FECHADO,GERAL,XP VISTA ASSET MANAGMENT LTDA.,16.789.525/0001-98,OLIVEIRA TRUST DTVM S.A.,36.113.876/0001-91,2024-12-31
10756,22691 - XP SELECTION FII,30.983.020/0001-90,28/06/2024,Fundos de Investimentos Imobiliário,-,XP INVESTIMENTOS CCTVM S.A.,XP VISTA ASSET MANAGEMENT LTDA.,359460221.66,8.30121147,Renda Variável,HGRU11,FII CSHG URBCI,2099-12-01 00:00:00,2964.0,384252.96,0.10689721333434513,2024-06-28,30.983.020/0001-90,XP SELECTION FUNDO DE FUNDOS DE INVESTIMENTO IMOBILIÁRIO - FII,XP SELECTION FUNDO DE FUNDOS DE INVESTIMENTO IMOBILIÁRIO - FII,FII,FECHADO,GERAL,XP VISTA ASSET MANAGMENT LTDA.,16.789.525/0001-98,OLIVEIRA TRUST DTVM S.A.,36.113.876/0001-91,2024-12-31
10757,22691 - XP SELECTION FII,30.983.020/0001-90,28/06/2024,Fundos de Investimentos Imobiliário,-,XP INVESTIMENTOS CCTVM S.A.,XP VISTA ASSET MANAGEMENT LTDA.,359460221.66,8.30121147,Renda Variável,HSAF11,FII HSI CRI CI,2099-12-01 00:00:00,13957.0,1205047.38,0.3352380339707822,2024-06-28,30.983.020/0001-90,XP SELECTION FUNDO DE FUNDOS DE INVESTIMENTO IMOBILIÁRIO - FII,XP SELECTION FUNDO DE FUNDOS DE INVESTIMENTO IMOBILIÁRIO - FII,FII,FECHADO,GERAL,XP VISTA ASSET MANAGMENT LTDA.,16.789.525/0001-98,OLIVEIRA TRUST DTVM S.A.,36.113.876/0001-91,2024-12-31
10779,32781 - TG REAL ESTATE FII,44.625.562/0001-04,28/06/2024,Fundos de Investimentos Imobiliário,BR0B4QCTF006,XP INVESTIMENTOS CCTVM S.A.,TG CORE ASSET LTDA,1370583794.86,9.57866436,Renda Variável,SNME11,FII SNME    CI,2099-12-01 00:00:00,743929.0,7216111.3,0.526499096739802,2024-06-28,44.625.562/0001-04,FUNDO DE INVESTIMENTO IMOBILIARIO TG REAL ESTATE,FUNDO DE INVESTIMENTO IMOBILIARIO TG REAL ESTATE,FII,FECHADO,QUALIFICADO,TG CORE ASSET LTDA,13.194.316/0001-03,OLIVEIRA TRUST DTVM S.A.,36.113.876/0001-91,2024-12-31
10780,32781 - TG REAL ESTATE FII,44.625.562/0001-04,28/06/2024,Fundos de Investimentos Imobiliário,BR0B4QCTF006,XP INVESTIMENTOS CCTVM S.A.,TG CORE ASSET LTDA,1370583794.86,9.57866436,Renda Variável,RZTR11,FII RIZA TX CI,2099-12-01 00:00:00,69707.0,6601252.9,0.4816380380941462,2024-06-28,44.625.562/0001-04,FUNDO DE INVESTIMENTO IMOBILIARIO TG REAL ESTATE,FUNDO DE INVESTIMENTO IMOBILIARIO TG REAL ESTATE,FII,FECHADO,QUALIFICADO,TG CORE ASSET LTDA,13.194.316/0001-03,OLIVEIRA TRUST DTVM S.A.,36.113.876/0001-91,2024-12-31
10781,32781 - TG REAL ESTATE FII,44.625.562/0001-04,28/06/2024,Fundos de Investimentos Imobiliário,BR0B4QCTF006,XP INVESTIMENTOS CCTVM S.A.,TG CORE ASSET LTDA,1370583794.86,9.57866436,Renda Variável,RBHG11,FII RBCRI IVCI,2099-12-01 00:00:00,22054.0,1924211.5,0.14039356858123012,2024-06-28,44.625.562/0001-04,FUNDO DE INVESTIMENTO IMOBILIARIO TG REAL ESTATE,FUNDO DE INVESTIMENTO IMOBILIARIO TG REAL ESTATE,FII,FECHADO,QUALIFICADO,TG CORE ASSET LTDA,13.194.316/0001-03,OLIVEIRA TRUST DTVM S.A.,36.113.876/0001-91,2024-12-31
10782,32781 - TG REAL ESTATE FII,44.625.562/0001-04,28/06/2024,Fundos de Investimentos Imobiliário,BR0B4QCTF006,XP INVESTIMENTOS CCTVM S.A.,TG CORE ASSET LTDA,1370583794.86,9.57866436,Renda Variável,ARXD11,FII ARXD R  CI,2099-12-01 00:00:00,61043.0,6103689.57,0.4453350165739753,2024-06-28,44.625.562/0001-04,FUNDO DE INVESTIMENTO IMOBILIARIO TG REAL ESTATE,FUNDO DE INVESTIMENTO IMOBILIARIO TG REAL ESTATE,FII,FECHADO,QUALIFICADO,TG CORE ASSET LTDA,13.194.316/0001-03,OLIVEIRA TRUST DTVM S.A.,36.113.876/0001-91,2024-12-31
10783,32781 - TG REAL ESTATE FII,44.625.562/0001-04,28/06/2024,Fundos de Investimentos Imobiliário,BR0B4QCTF006,XP INVESTIMENTOS CCTVM S.A.,TG CORE ASSET LTDA,1370583794.86,9.57866436,Renda Variável,VGRI11,FII VGRI    CI,2099-12-01 00:00:00,718441.0,7040721.8,0.5137023964827472,2024-06-28,44.625.562/0001-04,FUNDO DE INVESTIMENTO IMOBILIARIO TG REAL ESTATE,FUNDO DE INVESTIMENTO IMOBILIARIO TG REAL ESTATE,FII,FECHADO,QUALIFICADO,TG CORE ASSET LTDA,13.194.316/0001-03,OLIVEIRA TRUST DTVM S.A.,36.113.876/0001-91,2024-12-31
10784,32781 - TG REAL ESTATE FII,44.625.562/0001-04,28/06/2024,Fundos de Investimentos Imobiliário,BR0B4QCTF006,XP INVESTIMENTOS CCTVM S.A.,TG CORE ASSET LTDA,1370583794.86,9.57866436,Renda Variável,RBRX11,FII RBR MULTCI,2099-12-01 00:00:00,5047.0,45322.06,0.0033067704557698694,2024-06-28,44.625.562/0001-04,FUNDO DE INVESTIMENTO IMOBILIARIO TG REAL ESTATE,FUNDO DE INVESTIMENTO IMOBILIARIO TG REAL ESTATE,FII,FECHADO,QUALIFICADO,TG CORE ASSET LTDA,13.194.316/0001-03,OLIVEIRA TRUST DTVM S.A.,36.113.876/0001-91,2024-12-31
10785,32781 - TG REAL ESTATE FII,44.625.562/0001-04,28/06/2024,Fundos de Investimentos Imobiliário,BR0B4QCTF006,XP INVESTIMENTOS CCTVM S.A.,TG CORE ASSET LTDA,1370583794.86,9.57866436,Renda Variável,LSPA11,FII LESTE PACI  ER,2099-12-01 00:00:00,39409.0,3270947.0,0.2386535585979342,2024-06-28,44.625.562/0001-04,FUNDO DE INVESTIMENTO IMOBILIARIO TG REAL ESTATE,FUNDO DE INVESTIMENTO IMOBILIARIO TG REAL ESTATE,FII,FECHADO,QUALIFICADO,TG CORE ASSET LTDA,13.194.316/0001-03,OLIVEIRA TRUST DTVM S.A.,36.113.876/0001-91,2024-12-31
10786,32781 - TG REAL ESTATE FII,44.625.562/0001-04,28/06/2024,Fundos de Investimentos Imobiliário,BR0B4QCTF006,XP INVESTIMENTOS CCTVM S.A.,TG CORE ASSET LTDA,1370583794.86,9.57866436,Renda Variável,KIVO11,FII KIVO    CI,2099-12-01 00:00:00,29715.0,2538849.6,0.18523855378425325,2024-06-28,44.625.562/0001-04,FUNDO DE INVESTIMENTO IMOBILIARIO TG REAL ESTATE,FUNDO DE INVESTIMENTO IMOBILIARIO TG REAL ESTATE,FII,FECHADO,QUALIFICADO,TG CORE ASSET LTDA,13.194.316/0001-03,OLIVEIRA TRUST DTVM S.A.,36.113.876/0001-91,2024-12-31
10787,32781 - TG REAL ESTATE FII,44.625.562/0001-04,28/06/2024,Fundos de Investimentos Imobiliário,BR0B4QCTF006,XP INVESTIMENTOS CCTVM S.A.,TG CORE ASSET LTDA,1370583794.86,9.57866436,Renda Variável,HGIC11,FII HGI CRI CI,2099-12-01 00:00:00,354888.0,33675322.32,2.4570057260482794,2024-06-28,44.625.562/0001-04,FUNDO DE INVESTIMENTO IMOBILIARIO TG REAL ESTATE,FUNDO DE INVESTIMENTO IMOBILIARIO TG REAL ESTATE,FII,FECHADO,QUALIFICADO,TG CORE ASSET LTDA,13.194.316/0001-03,OLIVEIRA TRUST DTVM S.A.,36.113.876/0001-91,2024-12-31
10788,32781 - TG REAL ESTATE FII,44.625.562/0001-04,28/06/2024,Fundos de Investimentos Imobiliário,BR0B4QCTF006,XP INVESTIMENTOS CCTVM S.A.,TG CORE ASSET LTDA,1370583794.86,9.57866436,Renda Variável,RBRY11,FII RBR PCRICI,2099-12-01 00:00:00,52548.0,5149704.0,0.3757306936877962,2024-06-28,44.625.562/0001-04,FUNDO DE INVESTIMENTO IMOBILIARIO TG REAL ESTATE,FUNDO DE INVESTIMENTO IMOBILIARIO TG REAL ESTATE,FII,FECHADO,QUALIFICADO,TG CORE ASSET LTDA,13.194.316/0001-03,OLIVEIRA TRUST DTVM S.A.,36.113.876/0001-91,2024-12-31
10789,32781 - TG REAL ESTATE FII,44.625.562/0001-04,28/06/2024,Fundos de Investimentos Imobiliário,BR0B4QCTF006,XP INVESTIMENTOS CCTVM S.A.,TG CORE ASSET LTDA,1370583794.86,9.57866436,Renda Variável,MANA11,FII MANATI  CI,2099-12-01 00:00:00,877123.0,8709831.39,0.6354833190545404,2024-06-28,44.625.562/0001-04,FUNDO DE INVESTIMENTO IMOBILIARIO TG REAL ESTATE,FUNDO DE INVESTIMENTO IMOBILIARIO TG REAL ESTATE,FII,FECHADO,QUALIFICADO,TG CORE ASSET LTDA,13.194.316/0001-03,OLIVEIRA TRUST DTVM S.A.,36.113.876/0001-91,2024-12-31
10790,32781 - TG REAL ESTATE FII,44.625.562/0001-04,28/06/2024,Fundos de Investimentos Imobiliário,BR0B4QCTF006,XP INVESTIMENTOS CCTVM S.A.,TG CORE ASSET LTDA,1370583794.86,9.57866436,Renda Variável,EQIR11,FII EQI RECECI  ER,2099-12-01 00:00:00,494149.0,4442399.51,0.32412461949864035,2024-06-28,44.625.562/0001-04,FUNDO DE INVESTIMENTO IMOBILIARIO TG REAL ESTATE,FUNDO DE INVESTIMENTO IMOBILIARIO TG REAL ESTATE,FII,FECHADO,QUALIFICADO,TG CORE ASSET LTDA,13.194.316/0001-03,OLIVEIRA TRUST DTVM S.A.,36.113.876/0001-91,2024-12-31
10791,32781 - TG REAL ESTATE FII,44.625.562/0001-04,28/06/2024,Fundos de Investimentos Imobiliário,BR0B4QCTF006,XP INVESTIMENTOS CCTVM S.A.,TG CORE ASSET LTDA,1370583794.86,9.57866436,Renda Variável,DAMA11,FII DAMA    CI,2099-12-01 00:00:00,1000000.0,10210000.0,0.7449380357691238,2024-06-28,44.625.562/0001-04,FUNDO DE INVESTIMENTO IMOBILIARIO TG REAL ESTATE,FUNDO DE INVESTIMENTO IMOBILIARIO TG REAL ESTATE,FII,FECHADO,QUALIFICADO,TG CORE ASSET LTDA,13.194.316/0001-03,OLIVEIRA TRUST DTVM S.A.,36.113.876/0001-91,2024-12-31
10792,32781 - TG REAL ESTATE FII,44.625.562/0001-04,28/06/2024,Fundos de Investimentos Imobiliário,BR0B4QCTF006,XP INVESTIMENTOS CCTVM S.A.,TG CORE ASSET LTDA,1370583794.86,9.57866436,Renda Variável,HABT11,FII HABIT IICI,2099-12-01 00:00:00,20911.0,1887008.64,0.13767918802751866,2024-06-28,44.625.562/0001-04,FUNDO DE INVESTIMENTO IMOBILIARIO TG REAL ESTATE,FUNDO DE INVESTIMENTO IMOBILIARIO TG REAL ESTATE,FII,FECHADO,QUALIFICADO,TG CORE ASSET LTDA,13.194.316/0001-03,OLIVEIRA TRUST DTVM S.A.,36.113.876/0001-91,2024-12-31
10793,32781 - TG REAL ESTATE FII,44.625.562/0001-04,28/06/2024,Fundos de Investimentos Imobiliário,BR0B4QCTF006,XP INVESTIMENTOS CCTVM S.A.,TG CORE ASSET LTDA,1370583794.86,9.57866436,Renda Variável,TGRE LAND,TGLT,2099-12-01 00:00:00,50000000.0,41285976.97,3.0122913407288032,2024-06-28,44.625.562/0001-04,FUNDO DE INVESTIMENTO IMOBILIARIO TG REAL ESTATE,FUNDO DE INVESTIMENTO IMOBILIARIO TG REAL ESTATE,FII,FECHADO,QUALIFICADO,TG CORE ASSET LTDA,13.194.316/0001-03,OLIVEIRA TRUST DTVM S.A.,36.113.876/0001-91,2024-12-31
10794,32781 - TG REAL ESTATE FII,44.625.562/0001-04,28/06/2024,Fundos de Investimentos Imobiliário,BR0B4QCTF006,XP INVESTIMENTOS CCTVM S.A.,TG CORE ASSET LTDA,1370583794.86,9.57866436,Renda Variável,TGRE MALL,TGLT,2099-12-01 00:00:00,59139225.0,53580458.59,3.909316511032662,2024-06-28,44.625.562/0001-04,FUNDO DE INVESTIMENTO IMOBILIARIO TG REAL ESTATE,FUNDO DE INVESTIMENTO IMOBILIARIO TG REAL ESTATE,FII,FECHADO,QUALIFICADO,TG CORE ASSET LTDA,13.194.316/0001-03,OLIVEIRA TRUST DTVM S.A.,36.113.876/0001-91,2024-12-31
10795,32781 - TG REAL ESTATE FII,44.625.562/0001-04,28/06/2024,Fundos de Investimentos Imobiliário,BR0B4QCTF006,XP INVESTIMENTOS CCTVM S.A.,TG CORE ASSET LTDA,1370583794.86,9.57866436,Renda Variável,TGRE SHARE,TGLT,2099-12-01 00:00:00,100000000.0,100731000.0,7.349495913913771,2024-06-28,44.625.562/0001-04,FUNDO DE INVESTIMENTO IMOBILIARIO TG REAL ESTATE,FUNDO DE INVESTIMENTO IMOBILIARIO TG REAL ESTATE,FII,FECHADO,QUALIFICADO,TG CORE ASSET LTDA,13.194.316/0001-03,OLIVEIRA TRUST DTVM S.A.,36.113.876/0001-91,2024-12-31
10796,32781 - TG REAL ESTATE FII,44.625.562/0001-04,28/06/2024,Fundos de Investimentos Imobiliário,BR0B4QCTF006,XP INVESTIMENTOS CCTVM S.A.,TG CORE ASSET LTDA,1370583794.86,9.57866436,Renda Variável,TGRE LOTEAMENTOS,TGLT,2099-12-01 00:00:00,620000000.0,620902722.64,45.30206215544982,2024-06-28,44.625.562/0001-04,FUNDO DE INVESTIMENTO IMOBILIARIO TG REAL ESTATE,FUNDO DE INVESTIMENTO IMOBILIARIO TG REAL ESTATE,FII,FECHADO,QUALIFICADO,TG CORE ASSET LTDA,13.194.316/0001-03,OLIVEIRA TRUST DTVM S.A.,36.113.876/0001-91,2024-12-31
10797,32781 - TG REAL ESTATE FII,44.625.562/0001-04,28/06/2024,Fundos de Investimentos Imobiliário,BR0B4QCTF006,XP INVESTIMENTOS CCTVM S.A.,TG CORE ASSET LTDA,1370583794.86,9.57866436,Renda Variável,TGRE INCORPORACOES,TGLT,2099-12-01 00:00:00,260000000.0,259976563.16,18.968308551069335,2024-06-28,44.625.562/0001-04,FUNDO DE INVESTIMENTO IMOBILIARIO TG REAL ESTATE,FUNDO DE INVESTIMENTO IMOBILIARIO TG REAL ESTATE,FII,FECHADO,QUALIFICADO,TG CORE ASSET LTDA,13.194.316/0001-03,OLIVEIRA TRUST DTVM S.A.,36.113.876/0001-91,2024-12-31
10968,22691 - XP SELECTION FII,30.983.020/0001-90,28/06/2024,Fundos de Investimentos Imobiliário,-,XP INVESTIMENTOS CCTVM S.A.,XP VISTA ASSET MANAGEMENT LTDA.,359460221.66,8.30121147,Dinheiro,Caixa,n/a,2099-12-01 00:00:00,1.0,87.25,2.4272504923375504e-05,2024-06-28,30.983.020/0001-90,XP SELECTION FUNDO DE FUNDOS DE INVESTIMENTO IMOBILIÁRIO - FII,XP SELECTION FUNDO DE FUNDOS DE INVESTIMENTO IMOBILIÁRIO - FII,FII,FECHADO,GERAL,XP VISTA ASSET MANAGMENT LTDA.,16.789.525/0001-98,OLIVEIRA TRUST DTVM S.A.,36.113.876/0001-91,2024-12-31
10981,32781 - TG REAL ESTATE FII,44.625.562/0001-04,28/06/2024,Fundos de Investimentos Imobiliário,BR0B4QCTF006,XP INVESTIMENTOS CCTVM S.A.,TG CORE ASSET LTDA,1370583794.86,9.57866436,Dinheiro,Caixa,n/a,2099-12-01 00:00:00,1.0,374.5,2.73241228595041e-05,2024-06-28,44.625.562/0001-04,FUNDO DE INVESTIMENTO IMOBILIARIO TG REAL ESTATE,FUNDO DE INVESTIMENTO IMOBILIARIO TG REAL ESTATE,FII,FECHADO,QUALIFICADO,TG CORE ASSET LTDA,13.194.316/0001-03,OLIVEIRA TRUST DTVM S.A.,36.113.876/0001-91,2024-12-31
11062,22691 - XP SELECTION FII,30.983.020/0001-90,06/08/2024,Fundos de Investimentos Imobiliário,-,XP INVESTIMENTOS CCTVM S.A.,XP VISTA ASSET MANAGEMENT LTDA.,357958828.37,8.26653898,Renda Fixa | Definitiva,21K0938631,BARIGUI SECURITIZADORA S.A.,20/11/2024,2970.0,852767.6803431183,0.23823066027628875,2024-08-06,30.983.020/0001-90,XP SELECTION FUNDO DE FUNDOS DE INVESTIMENTO IMOBILIÁRIO - FII,XP SELECTION FUNDO DE FUNDOS DE INVESTIMENTO IMOBILIÁRIO - FII,FII,FECHADO,GERAL,XP VISTA ASSET MANAGMENT LTDA.,16.789.525/0001-98,OLIVEIRA TRUST DTVM S.A.,36.113.876/0001-91,2024-12-31
11063,22691 - XP SELECTION FII,30.983.020/0001-90,06/08/2024,Fundos de Investimentos Imobiliário,-,XP INVESTIMENTOS CCTVM S.A.,XP VISTA ASSET MANAGEMENT LTDA.,357958828.37,8.26653898,Renda Fixa | Definitiva,21K0938631,BARIGUI SECURITIZADORA S.A.,20/11/2024,10913.0,3133418.752722037,0.8753573049141884,2024-08-06,30.983.020/0001-90,XP SELECTION FUNDO DE FUNDOS DE INVESTIMENTO IMOBILIÁRIO - FII,XP SELECTION FUNDO DE FUNDOS DE INVESTIMENTO IMOBILIÁRIO - FII,FII,FECHADO,GERAL,XP VISTA ASSET MANAGMENT LTDA.,16.789.525/0001-98,OLIVEIRA TRUST DTVM S.A.,36.113.876/0001-91,2024-12-31
11122,32781 - TG REAL ESTATE FII,44.625.562/0001-04,06/08/2024,Fundos de Investimentos Imobiliário,BR0B4QCTF006,XP INVESTIMENTOS CCTVM S.A.,TG CORE ASSET LTDA,1363658434.8,9.53026477,Renda Fixa | Definitiva,20D0942992,VIRGO COMPANHIA DE SECURITIZAÇÃO,20/04/2030,1198.0,470570.8934411455,0.034507973656186235,2024-08-06,44.625.562/0001-04,FUNDO DE INVESTIMENTO IMOBILIARIO TG REAL ESTATE,FUNDO DE INVESTIMENTO IMOBILIARIO TG REAL ESTATE,FII,FECHADO,QUALIFICADO,TG CORE ASSET LTDA,13.194.316/0001-03,OLIVEIRA TRUST DTVM S.A.,36.113.876/0001-91,2024-12-31
11123,32781 - TG REAL ESTATE FII,44.625.562/0001-04,06/08/2024,Fundos de Investimentos Imobiliário,BR0B4QCTF006,XP INVESTIMENTOS CCTVM S.A.,TG CORE ASSET LTDA,1363658434.8,9.53026477,Renda Fixa | Definitiva,20D0942992,VIRGO COMPANHIA DE SECURITIZAÇÃO,20/04/2030,4469.0,1755410.119189048,0.12872799187770975,2024-08-06,44.625.562/0001-04,FUNDO DE INVESTIMENTO IMOBILIARIO TG REAL ESTATE,FUNDO DE INVESTIMENTO IMOBILIARIO TG REAL ESTATE,FII,FECHADO,QUALIFICADO,TG CORE ASSET LTDA,13.194.316/0001-03,OLIVEIRA TRUST DTVM S.A.,36.113.876/0001-91,2024-12-31
11124,32781 - TG REAL ESTATE FII,44.625.562/0001-04,06/08/2024,Fundos de Investimentos Imobiliário,BR0B4QCTF006,XP INVESTIMENTOS CCTVM S.A.,TG CORE ASSET LTDA,1363658434.8,9.53026477,Renda Fixa | Definitiva,20D0995555,Forte Securitizadora SA,20/06/2029,1695.0,1545063.096725999,0.11330279322861406,2024-08-06,44.625.562/0001-04,FUNDO DE INVESTIMENTO IMOBILIARIO TG REAL ESTATE,FUNDO DE INVESTIMENTO IMOBILIARIO TG REAL ESTATE,FII,FECHADO,QUALIFICADO,TG CORE ASSET LTDA,13.194.316/0001-03,OLIVEIRA TRUST DTVM S.A.,36.113.876/0001-91,2024-12-31
11125,32781 - TG REAL ESTATE FII,44.625.562/0001-04,06/08/2024,Fundos de Investimentos Imobiliário,BR0B4QCTF006,XP INVESTIMENTOS CCTVM S.A.,TG CORE ASSET LTDA,1363658434.8,9.53026477,Renda Fixa | Definitiva,20D0995632,Forte Securitizadora SA,20/06/2029,3955.0,3089555.255181969,0.2265637183284168,2024-08-06,44.625.562/0001-04,FUNDO DE INVESTIMENTO IMOBILIARIO TG REAL ESTATE,FUNDO DE INVESTIMENTO IMOBILIARIO TG REAL ESTATE,FII,FECHADO,QUALIFICADO,TG CORE ASSET LTDA,13.194.316/0001-03,OLIVEIRA TRUST DTVM S.A.,36.113.876/0001-91,2024-12-31
11126,32781 - TG REAL ESTATE FII,44.625.562/0001-04,06/08/2024,Fundos de Investimentos Imobiliário,BR0B4QCTF006,XP INVESTIMENTOS CCTVM S.A.,TG CORE ASSET LTDA,1363658434.8,9.53026477,Renda Fixa | Definitiva,20F0851401,Forte Securitizadora SA,20/04/2030,1019.0,499045.4355844466,0.0365960729497221,2024-08-06,44.625.562/0001-04,FUNDO DE INVESTIMENTO IMOBILIARIO TG REAL ESTATE,FUNDO DE INVESTIMENTO IMOBILIARIO TG REAL ESTATE,FII,FECHADO,QUALIFICADO,TG CORE ASSET LTDA,13.194.316/0001-03,OLIVEIRA TRUST DTVM S.A.,36.113.876/0001-91,2024-12-31
11127,32781 - TG REAL ESTATE FII,44.625.562/0001-04,06/08/2024,Fundos de Investimentos Imobiliário,BR0B4QCTF006,XP INVESTIMENTOS CCTVM S.A.,TG CORE ASSET LTDA,1363658434.8,9.53026477,Renda Fixa | Definitiva,20F0851402,Forte Securitizadora SA,20/08/2029,3500.0,1749022.392586315,0.12825956617522294,2024-08-06,44.625.562/0001-04,FUNDO DE INVESTIMENTO IMOBILIARIO TG REAL ESTATE,FUNDO DE INVESTIMENTO IMOBILIARIO TG REAL ESTATE,FII,FECHADO,QUALIFICADO,TG CORE ASSET LTDA,13.194.316/0001-03,OLIVEIRA TRUST DTVM S.A.,36.113.876/0001-91,2024-12-31
11128,32781 - TG REAL ESTATE FII,44.625.562/0001-04,06/08/2024,Fundos de Investimentos Imobiliário,BR0B4QCTF006,XP INVESTIMENTOS CCTVM S.A.,TG CORE ASSET LTDA,1363658434.8,9.53026477,Renda Fixa | Definitiva,20F0851403,Forte Securitizadora SA,20/08/2029,3500.0,1851458.07775621,0.13577139483816214,2024-08-06,44.625.562/0001-04,FUNDO DE INVESTIMENTO IMOBILIARIO TG REAL ESTATE,FUNDO DE INVESTIMENTO IMOBILIARIO TG REAL ESTATE,FII,FECHADO,QUALIFICADO,TG CORE ASSET LTDA,13.194.316/0001-03,OLIVEIRA TRUST DTVM S.A.,36.113.876/0001-91,2024-12-31
11129,32781 - TG REAL ESTATE FII,44.625.562/0001-04,06/08/2024,Fundos de Investimentos Imobiliário,BR0B4QCTF006,XP INVESTIMENTOS CCTVM S.A.,TG CORE ASSET LTDA,1363658434.8,9.53026477,Renda Fixa | Definitiva,20F0851404,Forte Securitizadora SA,20/08/2029,782.0,386557.5470200804,0.02834709463567206,2024-08-06,44.625.562/0001-04,FUNDO DE INVESTIMENTO IMOBILIARIO TG REAL ESTATE,FUNDO DE INVESTIMENTO IMOBILIARIO TG REAL ESTATE,FII,FECHADO,QUALIFICADO,TG CORE ASSET LTDA,13.194.316/0001-03,OLIVEIRA TRUST DTVM S.A.,36.113.876/0001-91,2024-12-31
11130,32781 - TG REAL ESTATE FII,44.625.562/0001-04,06/08/2024,Fundos de Investimentos Imobiliário,BR0B4QCTF006,XP INVESTIMENTOS CCTVM S.A.,TG CORE ASSET LTDA,1363658434.8,9.53026477,Renda Fixa | Definitiva,20F0851404,Forte Securitizadora SA,20/08/2029,3418.0,1689582.731092884,0.12390072821576362,2024-08-06,44.625.562/0001-04,FUNDO DE INVESTIMENTO IMOBILIARIO TG REAL ESTATE,FUNDO DE INVESTIMENTO IMOBILIARIO TG REAL ESTATE,FII,FECHADO,QUALIFICADO,TG CORE ASSET LTDA,13.194.316/0001-03,OLIVEIRA TRUST DTVM S.A.,36.113.876/0001-91,2024-12-31
11131,32781 - TG REAL ESTATE FII,44.625.562/0001-04,06/08/2024,Fundos de Investimentos Imobiliário,BR0B4QCTF006,XP INVESTIMENTOS CCTVM S.A.,TG CORE ASSET LTDA,1363658434.8,9.53026477,Renda Fixa | Definitiva,20F0851405,Forte Securitizadora SA,20/08/2029,1750.0,939883.98830788,0.06892371024315391,2024-08-06,44.625.562/0001-04,FUNDO DE INVESTIMENTO IMOBILIARIO TG REAL ESTATE,FUNDO DE INVESTIMENTO IMOBILIARIO TG REAL ESTATE,FII,FECHADO,QUALIFICADO,TG CORE ASSET LTDA,13.194.316/0001-03,OLIVEIRA TRUST DTVM S.A.,36.113.876/0001-91,2024-12-31
11132,32781 - TG REAL ESTATE FII,44.625.562/0001-04,06/08/2024,Fundos de Investimentos Imobiliário,BR0B4QCTF006,XP INVESTIMENTOS CCTVM S.A.,TG CORE ASSET LTDA,1363658434.8,9.53026477,Renda Fixa | Definitiva,20F0851406,Forte Securitizadora SA,20/08/2029,2850.0,1421448.345712648,0.10423785820832208,2024-08-06,44.625.562/0001-04,FUNDO DE INVESTIMENTO IMOBILIARIO TG REAL ESTATE,FUNDO DE INVESTIMENTO IMOBILIARIO TG REAL ESTATE,FII,FECHADO,QUALIFICADO,TG CORE ASSET LTDA,13.194.316/0001-03,OLIVEIRA TRUST DTVM S.A.,36.113.876/0001-91,2024-12-31
11133,32781 - TG REAL ESTATE FII,44.625.562/0001-04,06/08/2024,Fundos de Investimentos Imobiliário,BR0B4QCTF006,XP INVESTIMENTOS CCTVM S.A.,TG CORE ASSET LTDA,1363658434.8,9.53026477,Renda Fixa | Definitiva,20F0851407,Forte Securitizadora SA,20/08/2029,1500.0,736515.07225401,0.05401023111495149,2024-08-06,44.625.562/0001-04,FUNDO DE INVESTIMENTO IMOBILIARIO TG REAL ESTATE,FUNDO DE INVESTIMENTO IMOBILIARIO TG REAL ESTATE,FII,FECHADO,QUALIFICADO,TG CORE ASSET LTDA,13.194.316/0001-03,OLIVEIRA TRUST DTVM S.A.,36.113.876/0001-91,2024-12-31
11134,32781 - TG REAL ESTATE FII,44.625.562/0001-04,06/08/2024,Fundos de Investimentos Imobiliário,BR0B4QCTF006,XP INVESTIMENTOS CCTVM S.A.,TG CORE ASSET LTDA,1363658434.8,9.53026477,Renda Fixa | Definitiva,20F0851408,Forte Securitizadora SA,20/08/2029,1500.0,736264.0869025501,0.05399182582041035,2024-08-06,44.625.562/0001-04,FUNDO DE INVESTIMENTO IMOBILIARIO TG REAL ESTATE,FUNDO DE INVESTIMENTO IMOBILIARIO TG REAL ESTATE,FII,FECHADO,QUALIFICADO,TG CORE ASSET LTDA,13.194.316/0001-03,OLIVEIRA TRUST DTVM S.A.,36.113.876/0001-91,2024-12-31
11135,32781 - TG REAL ESTATE FII,44.625.562/0001-04,06/08/2024,Fundos de Investimentos Imobiliário,BR0B4QCTF006,XP INVESTIMENTOS CCTVM S.A.,TG CORE ASSET LTDA,1363658434.8,9.53026477,Renda Fixa | Definitiva,20F0851409,Forte Securitizadora SA,20/08/2029,1800.0,876728.6960356439,0.0642923971034014,2024-08-06,44.625.562/0001-04,FUNDO DE INVESTIMENTO IMOBILIARIO TG REAL ESTATE,FUNDO DE INVESTIMENTO IMOBILIARIO TG REAL ESTATE,FII,FECHADO,QUALIFICADO,TG CORE ASSET LTDA,13.194.316/0001-03,OLIVEIRA TRUST DTVM S.A.,36.113.876/0001-91,2024-12-31
11136,32781 - TG REAL ESTATE FII,44.625.562/0001-04,06/08/2024,Fundos de Investimentos Imobiliário,BR0B4QCTF006,XP INVESTIMENTOS CCTVM S.A.,TG CORE ASSET LTDA,1363658434.8,9.53026477,Renda Fixa | Definitiva,20F0851410,Forte Securitizadora SA,20/08/2029,750.0,402521.02627659,0.02951773083379384,2024-08-06,44.625.562/0001-04,FUNDO DE INVESTIMENTO IMOBILIARIO TG REAL ESTATE,FUNDO DE INVESTIMENTO IMOBILIARIO TG REAL ESTATE,FII,FECHADO,QUALIFICADO,TG CORE ASSET LTDA,13.194.316/0001-03,OLIVEIRA TRUST DTVM S.A.,36.113.876/0001-91,2024-12-31
11137,32781 - TG REAL ESTATE FII,44.625.562/0001-04,06/08/2024,Fundos de Investimentos Imobiliário,BR0B4QCTF006,XP INVESTIMENTOS CCTVM S.A.,TG CORE ASSET LTDA,1363658434.8,9.53026477,Renda Fixa | Definitiva,20K0713315,VIRGO COMPANHIA DE SECURITIZAÇÃO,24/11/2025,344.0,1726928.693428505,0.12663938779374645,2024-08-06,44.625.562/0001-04,FUNDO DE INVESTIMENTO IMOBILIARIO TG REAL ESTATE,FUNDO DE INVESTIMENTO IMOBILIARIO TG REAL ESTATE,FII,FECHADO,QUALIFICADO,TG CORE ASSET LTDA,13.194.316/0001-03,OLIVEIRA TRUST DTVM S.A.,36.113.876/0001-91,2024-12-31
11138,32781 - TG REAL ESTATE FII,44.625.562/0001-04,06/08/2024,Fundos de Investimentos Imobiliário,BR0B4QCTF006,XP INVESTIMENTOS CCTVM S.A.,TG CORE ASSET LTDA,1363658434.8,9.53026477,Renda Fixa | Definitiva,20K0713315,VIRGO COMPANHIA DE SECURITIZAÇÃO,24/11/2025,944.0,4739013.623827062,0.34752204092237404,2024-08-06,44.625.562/0001-04,FUNDO DE INVESTIMENTO IMOBILIARIO TG REAL ESTATE,FUNDO DE INVESTIMENTO IMOBILIARIO TG REAL ESTATE,FII,FECHADO,QUALIFICADO,TG CORE ASSET LTDA,13.194.316/0001-03,OLIVEIRA TRUST DTVM S.A.,36.113.876/0001-91,2024-12-31
11139,32781 - TG REAL ESTATE FII,44.625.562/0001-04,06/08/2024,Fundos de Investimentos Imobiliário,BR0B4QCTF006,XP INVESTIMENTOS CCTVM S.A.,TG CORE ASSET LTDA,1363658434.8,9.53026477,Renda Fixa | Definitiva,20K0713315,VIRGO COMPANHIA DE SECURITIZAÇÃO,24/11/2025,166.0,833343.4974102671,0.06111086736558696,2024-08-06,44.625.562/0001-04,FUNDO DE INVESTIMENTO IMOBILIARIO TG REAL ESTATE,FUNDO DE INVESTIMENTO IMOBILIARIO TG REAL ESTATE,FII,FECHADO,QUALIFICADO,TG CORE ASSET LTDA,13.194.316/0001-03,OLIVEIRA TRUST DTVM S.A.,36.113.876/0001-91,2024-12-31
11140,32781 - TG REAL ESTATE FII,44.625.562/0001-04,06/08/2024,Fundos de Investimentos Imobiliário,BR0B4QCTF006,XP INVESTIMENTOS CCTVM S.A.,TG CORE ASSET LTDA,1363658434.8,9.53026477,Renda Fixa | Definitiva,21A0607973,VIRGO COMPANHIA DE SECURITIZAÇÃO,20/01/2026,3300.0,4003291.074837483,0.2935699272394867,2024-08-06,44.625.562/0001-04,FUNDO DE INVESTIMENTO IMOBILIARIO TG REAL ESTATE,FUNDO DE INVESTIMENTO IMOBILIARIO TG REAL ESTATE,FII,FECHADO,QUALIFICADO,TG CORE ASSET LTDA,13.194.316/0001-03,OLIVEIRA TRUST DTVM S.A.,36.113.876/0001-91,2024-12-31
11141,32781 - TG REAL ESTATE FII,44.625.562/0001-04,06/08/2024,Fundos de Investimentos Imobiliário,BR0B4QCTF006,XP INVESTIMENTOS CCTVM S.A.,TG CORE ASSET LTDA,1363658434.8,9.53026477,Renda Fixa | Definitiva,21A0608480,VIRGO COMPANHIA DE SECURITIZAÇÃO,20/01/2026,3300.0,3631731.667652352,0.26632267839013496,2024-08-06,44.625.562/0001-04,FUNDO DE INVESTIMENTO IMOBILIARIO TG REAL ESTATE,FUNDO DE INVESTIMENTO IMOBILIARIO TG REAL ESTATE,FII,FECHADO,QUALIFICADO,TG CORE ASSET LTDA,13.194.316/0001-03,OLIVEIRA TRUST DTVM S.A.,36.113.876/0001-91,2024-12-31
11142,32781 - TG REAL ESTATE FII,44.625.562/0001-04,06/08/2024,Fundos de Investimentos Imobiliário,BR0B4QCTF006,XP INVESTIMENTOS CCTVM S.A.,TG CORE ASSET LTDA,1363658434.8,9.53026477,Renda Fixa | Definitiva,21A0608492,VIRGO COMPANHIA DE SECURITIZAÇÃO,20/01/2026,1800.0,1944837.381308886,0.14261909959836272,2024-08-06,44.625.562/0001-04,FUNDO DE INVESTIMENTO IMOBILIARIO TG REAL ESTATE,FUNDO DE INVESTIMENTO IMOBILIARIO TG REAL ESTATE,FII,FECHADO,QUALIFICADO,TG CORE ASSET LTDA,13.194.316/0001-03,OLIVEIRA TRUST DTVM S.A.,36.113.876/0001-91,2024-12-31
11143,32781 - TG REAL ESTATE FII,44.625.562/0001-04,06/08/2024,Fundos de Investimentos Imobiliário,BR0B4QCTF006,XP INVESTIMENTOS CCTVM S.A.,TG CORE ASSET LTDA,1363658434.8,9.53026477,Renda Fixa | Definitiva,21A0796003,Forte Securitizadora SA,20/11/2031,1070.0,724307.9896970756,0.05311505954959357,2024-08-06,44.625.562/0001-04,FUNDO DE INVESTIMENTO IMOBILIARIO TG REAL ESTATE,FUNDO DE INVESTIMENTO IMOBILIARIO TG REAL ESTATE,FII,FECHADO,QUALIFICADO,TG CORE ASSET LTDA,13.194.316/0001-03,OLIVEIRA TRUST DTVM S.A.,36.113.876/0001-91,2024-12-31
11144,32781 - TG REAL ESTATE FII,44.625.562/0001-04,06/08/2024,Fundos de Investimentos Imobiliário,BR0B4QCTF006,XP INVESTIMENTOS CCTVM S.A.,TG CORE ASSET LTDA,1363658434.8,9.53026477,Renda Fixa | Definitiva,21B0718276,Forte Securitizadora SA,20/02/2031,9000.0,7228124.477852761,0.530053882511486,2024-08-06,44.625.562/0001-04,FUNDO DE INVESTIMENTO IMOBILIARIO TG REAL ESTATE,FUNDO DE INVESTIMENTO IMOBILIARIO TG REAL ESTATE,FII,FECHADO,QUALIFICADO,TG CORE ASSET LTDA,13.194.316/0001-03,OLIVEIRA TRUST DTVM S.A.,36.113.876/0001-91,2024-12-31
11145,32781 - TG REAL ESTATE FII,44.625.562/0001-04,06/08/2024,Fundos de Investimentos Imobiliário,BR0B4QCTF006,XP INVESTIMENTOS CCTVM S.A.,TG CORE ASSET LTDA,1363658434.8,9.53026477,Renda Fixa | Definitiva,21C0528435,VIRGO COMPANHIA DE SECURITIZAÇÃO,20/01/2032,2292.0,1140375.828449968,0.08362620721934819,2024-08-06,44.625.562/0001-04,FUNDO DE INVESTIMENTO IMOBILIARIO TG REAL ESTATE,FUNDO DE INVESTIMENTO IMOBILIARIO TG REAL ESTATE,FII,FECHADO,QUALIFICADO,TG CORE ASSET LTDA,13.194.316/0001-03,OLIVEIRA TRUST DTVM S.A.,36.113.876/0001-91,2024-12-31
11146,32781 - TG REAL ESTATE FII,44.625.562/0001-04,06/08/2024,Fundos de Investimentos Imobiliário,BR0B4QCTF006,XP INVESTIMENTOS CCTVM S.A.,TG CORE ASSET LTDA,1363658434.8,9.53026477,Renda Fixa | Definitiva,21C0528435,VIRGO COMPANHIA DE SECURITIZAÇÃO,20/01/2032,2571.0,1279191.210708929,0.09380583715573472,2024-08-06,44.625.562/0001-04,FUNDO DE INVESTIMENTO IMOBILIARIO TG REAL ESTATE,FUNDO DE INVESTIMENTO IMOBILIARIO TG REAL ESTATE,FII,FECHADO,QUALIFICADO,TG CORE ASSET LTDA,13.194.316/0001-03,OLIVEIRA TRUST DTVM S.A.,36.113.876/0001-91,2024-12-31
11147,32781 - TG REAL ESTATE FII,44.625.562/0001-04,06/08/2024,Fundos de Investimentos Imobiliário,BR0B4QCTF006,XP INVESTIMENTOS CCTVM S.A.,TG CORE ASSET LTDA,1363658434.8,9.53026477,Renda Fixa | Definitiva,21C0528814,VIRGO COMPANHIA DE SECURITIZAÇÃO,20/01/2032,571.0,244862.9306281028,0.017956324280281773,2024-08-06,44.625.562/0001-04,FUNDO DE INVESTIMENTO IMOBILIARIO TG REAL ESTATE,FUNDO DE INVESTIMENTO IMOBILIARIO TG REAL ESTATE,FII,FECHADO,QUALIFICADO,TG CORE ASSET LTDA,13.194.316/0001-03,OLIVEIRA TRUST DTVM S.A.,36.113.876/0001-91,2024-12-31
11148,32781 - TG REAL ESTATE FII,44.625.562/0001-04,06/08/2024,Fundos de Investimentos Imobiliário,BR0B4QCTF006,XP INVESTIMENTOS CCTVM S.A.,TG CORE ASSET LTDA,1363658434.8,9.53026477,Renda Fixa | Definitiva,21C0775913,VIRGO COMPANHIA DE SECURITIZAÇÃO,20/06/2026,2000.0,2391327.38422964,0.1753611698651182,2024-08-06,44.625.562/0001-04,FUNDO DE INVESTIMENTO IMOBILIARIO TG REAL ESTATE,FUNDO DE INVESTIMENTO IMOBILIARIO TG REAL ESTATE,FII,FECHADO,QUALIFICADO,TG CORE ASSET LTDA,13.194.316/0001-03,OLIVEIRA TRUST DTVM S.A.,36.113.876/0001-91,2024-12-31
11149,32781 - TG REAL ESTATE FII,44.625.562/0001-04,06/08/2024,Fundos de Investimentos Imobiliário,BR0B4QCTF006,XP INVESTIMENTOS CCTVM S.A.,TG CORE ASSET LTDA,1363658434.8,9.53026477,Renda Fixa | Definitiva,21C0775913,VIRGO COMPANHIA DE SECURITIZAÇÃO,20/06/2026,6000.0,7173982.15268892,0.5260835095953545,2024-08-06,44.625.562/0001-04,FUNDO DE INVESTIMENTO IMOBILIARIO TG REAL ESTATE,FUNDO DE INVESTIMENTO IMOBILIARIO TG REAL ESTATE,FII,FECHADO,QUALIFICADO,TG CORE ASSET LTDA,13.194.316/0001-03,OLIVEIRA TRUST DTVM S.A.,36.113.876/0001-91,2024-12-31
11150,32781 - TG REAL ESTATE FII,44.625.562/0001-04,06/08/2024,Fundos de Investimentos Imobiliário,BR0B4QCTF006,XP INVESTIMENTOS CCTVM S.A.,TG CORE ASSET LTDA,1363658434.8,9.53026477,Renda Fixa | Definitiva,21C0775913,VIRGO COMPANHIA DE SECURITIZAÇÃO,20/06/2026,2200.0,2630460.122652604,0.19289728685163,2024-08-06,44.625.562/0001-04,FUNDO DE INVESTIMENTO IMOBILIARIO TG REAL ESTATE,FUNDO DE INVESTIMENTO IMOBILIARIO TG REAL ESTATE,FII,FECHADO,QUALIFICADO,TG CORE ASSET LTDA,13.194.316/0001-03,OLIVEIRA TRUST DTVM S.A.,36.113.876/0001-91,2024-12-31
11151,32781 - TG REAL ESTATE FII,44.625.562/0001-04,06/08/2024,Fundos de Investimentos Imobiliário,BR0B4QCTF006,XP INVESTIMENTOS CCTVM S.A.,TG CORE ASSET LTDA,1363658434.8,9.53026477,Renda Fixa | Definitiva,21C0822819,VIRGO COMPANHIA DE SECURITIZAÇÃO,20/01/2032,2422.0,1567102.382094835,0.11491898133015052,2024-08-06,44.625.562/0001-04,FUNDO DE INVESTIMENTO IMOBILIARIO TG REAL ESTATE,FUNDO DE INVESTIMENTO IMOBILIARIO TG REAL ESTATE,FII,FECHADO,QUALIFICADO,TG CORE ASSET LTDA,13.194.316/0001-03,OLIVEIRA TRUST DTVM S.A.,36.113.876/0001-91,2024-12-31
11152,32781 - TG REAL ESTATE FII,44.625.562/0001-04,06/08/2024,Fundos de Investimentos Imobiliário,BR0B4QCTF006,XP INVESTIMENTOS CCTVM S.A.,TG CORE ASSET LTDA,1363658434.8,9.53026477,Renda Fixa | Definitiva,21C0822821,VIRGO COMPANHIA DE SECURITIZAÇÃO,20/01/2032,500.0,353287.40137112,0.025907323443713725,2024-08-06,44.625.562/0001-04,FUNDO DE INVESTIMENTO IMOBILIARIO TG REAL ESTATE,FUNDO DE INVESTIMENTO IMOBILIARIO TG REAL ESTATE,FII,FECHADO,QUALIFICADO,TG CORE ASSET LTDA,13.194.316/0001-03,OLIVEIRA TRUST DTVM S.A.,36.113.876/0001-91,2024-12-31
11153,32781 - TG REAL ESTATE FII,44.625.562/0001-04,06/08/2024,Fundos de Investimentos Imobiliário,BR0B4QCTF006,XP INVESTIMENTOS CCTVM S.A.,TG CORE ASSET LTDA,1363658434.8,9.53026477,Renda Fixa | Definitiva,21C0822821,VIRGO COMPANHIA DE SECURITIZAÇÃO,20/01/2032,1500.0,1059862.20411336,0.07772197033114117,2024-08-06,44.625.562/0001-04,FUNDO DE INVESTIMENTO IMOBILIARIO TG REAL ESTATE,FUNDO DE INVESTIMENTO IMOBILIARIO TG REAL ESTATE,FII,FECHADO,QUALIFICADO,TG CORE ASSET LTDA,13.194.316/0001-03,OLIVEIRA TRUST DTVM S.A.,36.113.876/0001-91,2024-12-31
11154,32781 - TG REAL ESTATE FII,44.625.562/0001-04,06/08/2024,Fundos de Investimentos Imobiliário,BR0B4QCTF006,XP INVESTIMENTOS CCTVM S.A.,TG CORE ASSET LTDA,1363658434.8,9.53026477,Renda Fixa | Definitiva,21C0830878,VIRGO COMPANHIA DE SECURITIZAÇÃO,20/01/2032,1863.0,1234164.883388666,0.090503959928182,2024-08-06,44.625.562/0001-04,FUNDO DE INVESTIMENTO IMOBILIARIO TG REAL ESTATE,FUNDO DE INVESTIMENTO IMOBILIARIO TG REAL ESTATE,FII,FECHADO,QUALIFICADO,TG CORE ASSET LTDA,13.194.316/0001-03,OLIVEIRA TRUST DTVM S.A.,36.113.876/0001-91,2024-12-31
11155,32781 - TG REAL ESTATE FII,44.625.562/0001-04,06/08/2024,Fundos de Investimentos Imobiliário,BR0B4QCTF006,XP INVESTIMENTOS CCTVM S.A.,TG CORE ASSET LTDA,1363658434.8,9.53026477,Renda Fixa | Definitiva,21C0830878,VIRGO COMPANHIA DE SECURITIZAÇÃO,20/01/2032,2200.0,1457414.247694614,0.10687531499838995,2024-08-06,44.625.562/0001-04,FUNDO DE INVESTIMENTO IMOBILIARIO TG REAL ESTATE,FUNDO DE INVESTIMENTO IMOBILIARIO TG REAL ESTATE,FII,FECHADO,QUALIFICADO,TG CORE ASSET LTDA,13.194.316/0001-03,OLIVEIRA TRUST DTVM S.A.,36.113.876/0001-91,2024-12-31
11156,32781 - TG REAL ESTATE FII,44.625.562/0001-04,06/08/2024,Fundos de Investimentos Imobiliário,BR0B4QCTF006,XP INVESTIMENTOS CCTVM S.A.,TG CORE ASSET LTDA,1363658434.8,9.53026477,Renda Fixa | Definitiva,21C0830879,VIRGO COMPANHIA DE SECURITIZAÇÃO,20/01/2032,702.0,460573.6288621478,0.03377485278633557,2024-08-06,44.625.562/0001-04,FUNDO DE INVESTIMENTO IMOBILIARIO TG REAL ESTATE,FUNDO DE INVESTIMENTO IMOBILIARIO TG REAL ESTATE,FII,FECHADO,QUALIFICADO,TG CORE ASSET LTDA,13.194.316/0001-03,OLIVEIRA TRUST DTVM S.A.,36.113.876/0001-91,2024-12-31
11157,32781 - TG REAL ESTATE FII,44.625.562/0001-04,06/08/2024,Fundos de Investimentos Imobiliário,BR0B4QCTF006,XP INVESTIMENTOS CCTVM S.A.,TG CORE ASSET LTDA,1363658434.8,9.53026477,Renda Fixa | Definitiva,21C0830879,VIRGO COMPANHIA DE SECURITIZAÇÃO,20/01/2032,563.0,369377.4259962809,0.027087239485337505,2024-08-06,44.625.562/0001-04,FUNDO DE INVESTIMENTO IMOBILIARIO TG REAL ESTATE,FUNDO DE INVESTIMENTO IMOBILIARIO TG REAL ESTATE,FII,FECHADO,QUALIFICADO,TG CORE ASSET LTDA,13.194.316/0001-03,OLIVEIRA TRUST DTVM S.A.,36.113.876/0001-91,2024-12-31
11158,32781 - TG REAL ESTATE FII,44.625.562/0001-04,06/08/2024,Fundos de Investimentos Imobiliário,BR0B4QCTF006,XP INVESTIMENTOS CCTVM S.A.,TG CORE ASSET LTDA,1363658434.8,9.53026477,Renda Fixa | Definitiva,21C0830879,VIRGO COMPANHIA DE SECURITIZAÇÃO,20/01/2032,235.0,154180.6307444512,0.011306396588018318,2024-08-06,44.625.562/0001-04,FUNDO DE INVESTIMENTO IMOBILIARIO TG REAL ESTATE,FUNDO DE INVESTIMENTO IMOBILIARIO TG REAL ESTATE,FII,FECHADO,QUALIFICADO,TG CORE ASSET LTDA,13.194.316/0001-03,OLIVEIRA TRUST DTVM S.A.,36.113.876/0001-91,2024-12-31
11159,32781 - TG REAL ESTATE FII,44.625.562/0001-04,06/08/2024,Fundos de Investimentos Imobiliário,BR0B4QCTF006,XP INVESTIMENTOS CCTVM S.A.,TG CORE ASSET LTDA,1363658434.8,9.53026477,Renda Fixa | Definitiva,21C0834078,VIRGO COMPANHIA DE SECURITIZAÇÃO,20/01/2032,3500.0,2555553.376826345,0.18740421439927177,2024-08-06,44.625.562/0001-04,FUNDO DE INVESTIMENTO IMOBILIARIO TG REAL ESTATE,FUNDO DE INVESTIMENTO IMOBILIARIO TG REAL ESTATE,FII,FECHADO,QUALIFICADO,TG CORE ASSET LTDA,13.194.316/0001-03,OLIVEIRA TRUST DTVM S.A.,36.113.876/0001-91,2024-12-31
11160,32781 - TG REAL ESTATE FII,44.625.562/0001-04,06/08/2024,Fundos de Investimentos Imobiliário,BR0B4QCTF006,XP INVESTIMENTOS CCTVM S.A.,TG CORE ASSET LTDA,1363658434.8,9.53026477,Renda Fixa | Definitiva,21D0503168,Forte Securitizadora SA,20/04/2028,2500.0,691009.58857935,0.050673216323462736,2024-08-06,44.625.562/0001-04,FUNDO DE INVESTIMENTO IMOBILIARIO TG REAL ESTATE,FUNDO DE INVESTIMENTO IMOBILIARIO TG REAL ESTATE,FII,FECHADO,QUALIFICADO,TG CORE ASSET LTDA,13.194.316/0001-03,OLIVEIRA TRUST DTVM S.A.,36.113.876/0001-91,2024-12-31
11161,32781 - TG REAL ESTATE FII,44.625.562/0001-04,06/08/2024,Fundos de Investimentos Imobiliário,BR0B4QCTF006,XP INVESTIMENTOS CCTVM S.A.,TG CORE ASSET LTDA,1363658434.8,9.53026477,Renda Fixa | Definitiva,21F0929701,VIRGO COMPANHIA DE SECURITIZAÇÃO,20/06/2033,2891.0,2097300.720356545,0.1537995635002356,2024-08-06,44.625.562/0001-04,FUNDO DE INVESTIMENTO IMOBILIARIO TG REAL ESTATE,FUNDO DE INVESTIMENTO IMOBILIARIO TG REAL ESTATE,FII,FECHADO,QUALIFICADO,TG CORE ASSET LTDA,13.194.316/0001-03,OLIVEIRA TRUST DTVM S.A.,36.113.876/0001-91,2024-12-31
11162,32781 - TG REAL ESTATE FII,44.625.562/0001-04,06/08/2024,Fundos de Investimentos Imobiliário,BR0B4QCTF006,XP INVESTIMENTOS CCTVM S.A.,TG CORE ASSET LTDA,1363658434.8,9.53026477,Renda Fixa | Definitiva,21F0930064,VIRGO COMPANHIA DE SECURITIZAÇÃO,20/06/2033,1000.0,732368.00528837,0.05370611779303681,2024-08-06,44.625.562/0001-04,FUNDO DE INVESTIMENTO IMOBILIARIO TG REAL ESTATE,FUNDO DE INVESTIMENTO IMOBILIARIO TG REAL ESTATE,FII,FECHADO,QUALIFICADO,TG CORE ASSET LTDA,13.194.316/0001-03,OLIVEIRA TRUST DTVM S.A.,36.113.876/0001-91,2024-12-31
11163,32781 - TG REAL ESTATE FII,44.625.562/0001-04,06/08/2024,Fundos de Investimentos Imobiliário,BR0B4QCTF006,XP INVESTIMENTOS CCTVM S.A.,TG CORE ASSET LTDA,1363658434.8,9.53026477,Renda Fixa | Definitiva,21I0142395,Forte Securitizadora SA,20/05/2028,4000.0,2425860.00183628,0.17789352083552118,2024-08-06,44.625.562/0001-04,FUNDO DE INVESTIMENTO IMOBILIARIO TG REAL ESTATE,FUNDO DE INVESTIMENTO IMOBILIARIO TG REAL ESTATE,FII,FECHADO,QUALIFICADO,TG CORE ASSET LTDA,13.194.316/0001-03,OLIVEIRA TRUST DTVM S.A.,36.113.876/0001-91,2024-12-31
11164,32781 - TG REAL ESTATE FII,44.625.562/0001-04,06/08/2024,Fundos de Investimentos Imobiliário,BR0B4QCTF006,XP INVESTIMENTOS CCTVM S.A.,TG CORE ASSET LTDA,1363658434.8,9.53026477,Renda Fixa | Definitiva,21I0142421,Forte Securitizadora SA,20/05/2028,1000.0,606627.01503506,0.044485261085488066,2024-08-06,44.625.562/0001-04,FUNDO DE INVESTIMENTO IMOBILIARIO TG REAL ESTATE,FUNDO DE INVESTIMENTO IMOBILIARIO TG REAL ESTATE,FII,FECHADO,QUALIFICADO,TG CORE ASSET LTDA,13.194.316/0001-03,OLIVEIRA TRUST DTVM S.A.,36.113.876/0001-91,2024-12-31
11165,32781 - TG REAL ESTATE FII,44.625.562/0001-04,06/08/2024,Fundos de Investimentos Imobiliário,BR0B4QCTF006,XP INVESTIMENTOS CCTVM S.A.,TG CORE ASSET LTDA,1363658434.8,9.53026477,Renda Fixa | Definitiva,22F0636862,RB CAPITAL SECURITIZADORA S.A.,24/05/2028,3924.0,2556604.695044192,0.187481309820751,2024-08-06,44.625.562/0001-04,FUNDO DE INVESTIMENTO IMOBILIARIO TG REAL ESTATE,FUNDO DE INVESTIMENTO IMOBILIARIO TG REAL ESTATE,FII,FECHADO,QUALIFICADO,TG CORE ASSET LTDA,13.194.316/0001-03,OLIVEIRA TRUST DTVM S.A.,36.113.876/0001-91,2024-12-31
11166,32781 - TG REAL ESTATE FII,44.625.562/0001-04,06/08/2024,Fundos de Investimentos Imobiliário,BR0B4QCTF006,XP INVESTIMENTOS CCTVM S.A.,TG CORE ASSET LTDA,1363658434.8,9.53026477,Renda Fixa | Definitiva,22F0636862,RB CAPITAL SECURITIZADORA S.A.,24/05/2028,718.0,467798.7184102268,0.03430468411093253,2024-08-06,44.625.562/0001-04,FUNDO DE INVESTIMENTO IMOBILIARIO TG REAL ESTATE,FUNDO DE INVESTIMENTO IMOBILIARIO TG REAL ESTATE,FII,FECHADO,QUALIFICADO,TG CORE ASSET LTDA,13.194.316/0001-03,OLIVEIRA TRUST DTVM S.A.,36.113.876/0001-91,2024-12-31
11167,32781 - TG REAL ESTATE FII,44.625.562/0001-04,06/08/2024,Fundos de Investimentos Imobiliário,BR0B4QCTF006,XP INVESTIMENTOS CCTVM S.A.,TG CORE ASSET LTDA,1363658434.8,9.53026477,Renda Fixa | Definitiva,22G0893940,VIRGO COMPANHIA DE SECURITIZAÇÃO,23/06/2027,4300.0,4647711.140636041,0.34082663385701084,2024-08-06,44.625.562/0001-04,FUNDO DE INVESTIMENTO IMOBILIARIO TG REAL ESTATE,FUNDO DE INVESTIMENTO IMOBILIARIO TG REAL ESTATE,FII,FECHADO,QUALIFICADO,TG CORE ASSET LTDA,13.194.316/0001-03,OLIVEIRA TRUST DTVM S.A.,36.113.876/0001-91,2024-12-31
11168,32781 - TG REAL ESTATE FII,44.625.562/0001-04,06/08/2024,Fundos de Investimentos Imobiliário,BR0B4QCTF006,XP INVESTIMENTOS CCTVM S.A.,TG CORE ASSET LTDA,1363658434.8,9.53026477,Renda Fixa | Definitiva,22H1237505,VIRGO COMPANHIA DE SECURITIZAÇÃO,21/07/2027,5000.0,4567829.3225021,0.3349687286737633,2024-08-06,44.625.562/0001-04,FUNDO DE INVESTIMENTO IMOBILIARIO TG REAL ESTATE,FUNDO DE INVESTIMENTO IMOBILIARIO TG REAL ESTATE,FII,FECHADO,QUALIFICADO,TG CORE ASSET LTDA,13.194.316/0001-03,OLIVEIRA TRUST DTVM S.A.,36.113.876/0001-91,2024-12-31
11169,32781 - TG REAL ESTATE FII,44.625.562/0001-04,06/08/2024,Fundos de Investimentos Imobiliário,BR0B4QCTF006,XP INVESTIMENTOS CCTVM S.A.,TG CORE ASSET LTDA,1363658434.8,9.53026477,Renda Fixa | Definitiva,22H1237507,VIRGO COMPANHIA DE SECURITIZAÇÃO,21/07/2027,5000.0,4569562.2109252,0.33509580510132597,2024-08-06,44.625.562/0001-04,FUNDO DE INVESTIMENTO IMOBILIARIO TG REAL ESTATE,FUNDO DE INVESTIMENTO IMOBILIARIO TG REAL ESTATE,FII,FECHADO,QUALIFICADO,TG CORE ASSET LTDA,13.194.316/0001-03,OLIVEIRA TRUST DTVM S.A.,36.113.876/0001-91,2024-12-31
11170,32781 - TG REAL ESTATE FII,44.625.562/0001-04,06/08/2024,Fundos de Investimentos Imobiliário,BR0B4QCTF006,XP INVESTIMENTOS CCTVM S.A.,TG CORE ASSET LTDA,1363658434.8,9.53026477,Renda Fixa | Definitiva,22H1237510,VIRGO COMPANHIA DE SECURITIZAÇÃO,21/07/2027,2000.0,1834693.8672039,0.13454203929541814,2024-08-06,44.625.562/0001-04,FUNDO DE INVESTIMENTO IMOBILIARIO TG REAL ESTATE,FUNDO DE INVESTIMENTO IMOBILIARIO TG REAL ESTATE,FII,FECHADO,QUALIFICADO,TG CORE ASSET LTDA,13.194.316/0001-03,OLIVEIRA TRUST DTVM S.A.,36.113.876/0001-91,2024-12-31
11171,32781 - TG REAL ESTATE FII,44.625.562/0001-04,06/08/2024,Fundos de Investimentos Imobiliário,BR0B4QCTF006,XP INVESTIMENTOS CCTVM S.A.,TG CORE ASSET LTDA,1363658434.8,9.53026477,Renda Fixa | Definitiva,22H1237510,VIRGO COMPANHIA DE SECURITIZAÇÃO,21/07/2027,1108.0,1016420.402430961,0.07453628976966169,2024-08-06,44.625.562/0001-04,FUNDO DE INVESTIMENTO IMOBILIARIO TG REAL ESTATE,FUNDO DE INVESTIMENTO IMOBILIARIO TG REAL ESTATE,FII,FECHADO,QUALIFICADO,TG CORE ASSET LTDA,13.194.316/0001-03,OLIVEIRA TRUST DTVM S.A.,36.113.876/0001-91,2024-12-31
11172,32781 - TG REAL ESTATE FII,44.625.562/0001-04,06/08/2024,Fundos de Investimentos Imobiliário,BR0B4QCTF006,XP INVESTIMENTOS CCTVM S.A.,TG CORE ASSET LTDA,1363658434.8,9.53026477,Renda Fixa | Definitiva,22H1237510,VIRGO COMPANHIA DE SECURITIZAÇÃO,21/07/2027,2192.0,2010824.478455474,0.14745807506777825,2024-08-06,44.625.562/0001-04,FUNDO DE INVESTIMENTO IMOBILIARIO TG REAL ESTATE,FUNDO DE INVESTIMENTO IMOBILIARIO TG REAL ESTATE,FII,FECHADO,QUALIFICADO,TG CORE ASSET LTDA,13.194.316/0001-03,OLIVEIRA TRUST DTVM S.A.,36.113.876/0001-91,2024-12-31
11173,32781 - TG REAL ESTATE FII,44.625.562/0001-04,06/08/2024,Fundos de Investimentos Imobiliário,BR0B4QCTF006,XP INVESTIMENTOS CCTVM S.A.,TG CORE ASSET LTDA,1363658434.8,9.53026477,Renda Fixa | Definitiva,22H1237592,VIRGO COMPANHIA DE SECURITIZAÇÃO,21/07/2027,5300.0,4977640.38063558,0.3650210531910524,2024-08-06,44.625.562/0001-04,FUNDO DE INVESTIMENTO IMOBILIARIO TG REAL ESTATE,FUNDO DE INVESTIMENTO IMOBILIARIO TG REAL ESTATE,FII,FECHADO,QUALIFICADO,TG CORE ASSET LTDA,13.194.316/0001-03,OLIVEIRA TRUST DTVM S.A.,36.113.876/0001-91,2024-12-31
11174,32781 - TG REAL ESTATE FII,44.625.562/0001-04,06/08/2024,Fundos de Investimentos Imobiliário,BR0B4QCTF006,XP INVESTIMENTOS CCTVM S.A.,TG CORE ASSET LTDA,1363658434.8,9.53026477,Renda Fixa | Definitiva,22I0351637,VIRGO COMPANHIA DE SECURITIZAÇÃO,21/01/2026,4500.0,4907800.57648158,0.35989955044727745,2024-08-06,44.625.562/0001-04,FUNDO DE INVESTIMENTO IMOBILIARIO TG REAL ESTATE,FUNDO DE INVESTIMENTO IMOBILIARIO TG REAL ESTATE,FII,FECHADO,QUALIFICADO,TG CORE ASSET LTDA,13.194.316/0001-03,OLIVEIRA TRUST DTVM S.A.,36.113.876/0001-91,2024-12-31
11175,32781 - TG REAL ESTATE FII,44.625.562/0001-04,06/08/2024,Fundos de Investimentos Imobiliário,BR0B4QCTF006,XP INVESTIMENTOS CCTVM S.A.,TG CORE ASSET LTDA,1363658434.8,9.53026477,Renda Fixa | Definitiva,22I1290893,VIRGO COMPANHIA DE SECURITIZAÇÃO,22/10/2025,5000.0,4819464.94256,0.35342170880693036,2024-08-06,44.625.562/0001-04,FUNDO DE INVESTIMENTO IMOBILIARIO TG REAL ESTATE,FUNDO DE INVESTIMENTO IMOBILIARIO TG REAL ESTATE,FII,FECHADO,QUALIFICADO,TG CORE ASSET LTDA,13.194.316/0001-03,OLIVEIRA TRUST DTVM S.A.,36.113.876/0001-91,2024-12-31
11176,32781 - TG REAL ESTATE FII,44.625.562/0001-04,06/08/2024,Fundos de Investimentos Imobiliário,BR0B4QCTF006,XP INVESTIMENTOS CCTVM S.A.,TG CORE ASSET LTDA,1363658434.8,9.53026477,Renda Fixa | Definitiva,22I1290978,VIRGO COMPANHIA DE SECURITIZAÇÃO,22/10/2025,4000.0,3732176.930206,0.273688545090353,2024-08-06,44.625.562/0001-04,FUNDO DE INVESTIMENTO IMOBILIARIO TG REAL ESTATE,FUNDO DE INVESTIMENTO IMOBILIARIO TG REAL ESTATE,FII,FECHADO,QUALIFICADO,TG CORE ASSET LTDA,13.194.316/0001-03,OLIVEIRA TRUST DTVM S.A.,36.113.876/0001-91,2024-12-31
11177,32781 - TG REAL ESTATE FII,44.625.562/0001-04,06/08/2024,Fundos de Investimentos Imobiliário,BR0B4QCTF006,XP INVESTIMENTOS CCTVM S.A.,TG CORE ASSET LTDA,1363658434.8,9.53026477,Renda Fixa | Definitiva,22J1206765,BARIGUI SECURITIZADORA S.A.,20/10/2031,1677.0,1625275.478220458,0.11918493933261431,2024-08-06,44.625.562/0001-04,FUNDO DE INVESTIMENTO IMOBILIARIO TG REAL ESTATE,FUNDO DE INVESTIMENTO IMOBILIARIO TG REAL ESTATE,FII,FECHADO,QUALIFICADO,TG CORE ASSET LTDA,13.194.316/0001-03,OLIVEIRA TRUST DTVM S.A.,36.113.876/0001-91,2024-12-31
11178,32781 - TG REAL ESTATE FII,44.625.562/0001-04,06/08/2024,Fundos de Investimentos Imobiliário,BR0B4QCTF006,XP INVESTIMENTOS CCTVM S.A.,TG CORE ASSET LTDA,1363658434.8,9.53026477,Renda Fixa | Definitiva,22J1206765,BARIGUI SECURITIZADORA S.A.,20/10/2031,1161.0,1125190.715691086,0.0825126503071945,2024-08-06,44.625.562/0001-04,FUNDO DE INVESTIMENTO IMOBILIARIO TG REAL ESTATE,FUNDO DE INVESTIMENTO IMOBILIARIO TG REAL ESTATE,FII,FECHADO,QUALIFICADO,TG CORE ASSET LTDA,13.194.316/0001-03,OLIVEIRA TRUST DTVM S.A.,36.113.876/0001-91,2024-12-31
11179,32781 - TG REAL ESTATE FII,44.625.562/0001-04,06/08/2024,Fundos de Investimentos Imobiliário,BR0B4QCTF006,XP INVESTIMENTOS CCTVM S.A.,TG CORE ASSET LTDA,1363658434.8,9.53026477,Renda Fixa | Definitiva,22L0344492,VIRGO COMPANHIA DE SECURITIZAÇÃO,20/12/2034,2000.0,1945066.61881614,0.14263591007680834,2024-08-06,44.625.562/0001-04,FUNDO DE INVESTIMENTO IMOBILIARIO TG REAL ESTATE,FUNDO DE INVESTIMENTO IMOBILIARIO TG REAL ESTATE,FII,FECHADO,QUALIFICADO,TG CORE ASSET LTDA,13.194.316/0001-03,OLIVEIRA TRUST DTVM S.A.,36.113.876/0001-91,2024-12-31
11180,32781 - TG REAL ESTATE FII,44.625.562/0001-04,06/08/2024,Fundos de Investimentos Imobiliário,BR0B4QCTF006,XP INVESTIMENTOS CCTVM S.A.,TG CORE ASSET LTDA,1363658434.8,9.53026477,Renda Fixa | Definitiva,22L0344492,VIRGO COMPANHIA DE SECURITIZAÇÃO,20/12/2034,2500.0,2431333.273520175,0.1782948875960104,2024-08-06,44.625.562/0001-04,FUNDO DE INVESTIMENTO IMOBILIARIO TG REAL ESTATE,FUNDO DE INVESTIMENTO IMOBILIARIO TG REAL ESTATE,FII,FECHADO,QUALIFICADO,TG CORE ASSET LTDA,13.194.316/0001-03,OLIVEIRA TRUST DTVM S.A.,36.113.876/0001-91,2024-12-31
11181,32781 - TG REAL ESTATE FII,44.625.562/0001-04,06/08/2024,Fundos de Investimentos Imobiliário,BR0B4QCTF006,XP INVESTIMENTOS CCTVM S.A.,TG CORE ASSET LTDA,1363658434.8,9.53026477,Renda Fixa | Definitiva,22L0344525,VIRGO COMPANHIA DE SECURITIZAÇÃO,20/12/2034,1500.0,1461266.07064359,0.10715777744284664,2024-08-06,44.625.562/0001-04,FUNDO DE INVESTIMENTO IMOBILIARIO TG REAL ESTATE,FUNDO DE INVESTIMENTO IMOBILIARIO TG REAL ESTATE,FII,FECHADO,QUALIFICADO,TG CORE ASSET LTDA,13.194.316/0001-03,OLIVEIRA TRUST DTVM S.A.,36.113.876/0001-91,2024-12-31
11182,32781 - TG REAL ESTATE FII,44.625.562/0001-04,06/08/2024,Fundos de Investimentos Imobiliário,BR0B4QCTF006,XP INVESTIMENTOS CCTVM S.A.,TG CORE ASSET LTDA,1363658434.8,9.53026477,Renda Fixa | Definitiva,22L0344525,VIRGO COMPANHIA DE SECURITIZAÇÃO,20/12/2034,2111.0,2056488.450085746,0.15080671212123287,2024-08-06,44.625.562/0001-04,FUNDO DE INVESTIMENTO IMOBILIARIO TG REAL ESTATE,FUNDO DE INVESTIMENTO IMOBILIARIO TG REAL ESTATE,FII,FECHADO,QUALIFICADO,TG CORE ASSET LTDA,13.194.316/0001-03,OLIVEIRA TRUST DTVM S.A.,36.113.876/0001-91,2024-12-31
11183,32781 - TG REAL ESTATE FII,44.625.562/0001-04,06/08/2024,Fundos de Investimentos Imobiliário,BR0B4QCTF006,XP INVESTIMENTOS CCTVM S.A.,TG CORE ASSET LTDA,1363658434.8,9.53026477,Renda Fixa | Definitiva,22L1668403,CANAL COMPANHIA DE SECURITIZACAO,22/12/2027,2000.0,1681472.37653316,0.12330597850771716,2024-08-06,44.625.562/0001-04,FUNDO DE INVESTIMENTO IMOBILIARIO TG REAL ESTATE,FUNDO DE INVESTIMENTO IMOBILIARIO TG REAL ESTATE,FII,FECHADO,QUALIFICADO,TG CORE ASSET LTDA,13.194.316/0001-03,OLIVEIRA TRUST DTVM S.A.,36.113.876/0001-91,2024-12-31
11184,32781 - TG REAL ESTATE FII,44.625.562/0001-04,06/08/2024,Fundos de Investimentos Imobiliário,BR0B4QCTF006,XP INVESTIMENTOS CCTVM S.A.,TG CORE ASSET LTDA,1363658434.8,9.53026477,Renda Fixa | Definitiva,23B0330159,VIRGO COMPANHIA DE SECURITIZAÇÃO,19/02/2035,8000.0,7260950.63120416,0.5324610947952727,2024-08-06,44.625.562/0001-04,FUNDO DE INVESTIMENTO IMOBILIARIO TG REAL ESTATE,FUNDO DE INVESTIMENTO IMOBILIARIO TG REAL ESTATE,FII,FECHADO,QUALIFICADO,TG CORE ASSET LTDA,13.194.316/0001-03,OLIVEIRA TRUST DTVM S.A.,36.113.876/0001-91,2024-12-31
11185,32781 - TG REAL ESTATE FII,44.625.562/0001-04,06/08/2024,Fundos de Investimentos Imobiliário,BR0B4QCTF006,XP INVESTIMENTOS CCTVM S.A.,TG CORE ASSET LTDA,1363658434.8,9.53026477,Renda Fixa | Definitiva,23B0330159,VIRGO COMPANHIA DE SECURITIZAÇÃO,19/02/2035,2000.0,1815237.65780104,0.13311527369881818,2024-08-06,44.625.562/0001-04,FUNDO DE INVESTIMENTO IMOBILIARIO TG REAL ESTATE,FUNDO DE INVESTIMENTO IMOBILIARIO TG REAL ESTATE,FII,FECHADO,QUALIFICADO,TG CORE ASSET LTDA,13.194.316/0001-03,OLIVEIRA TRUST DTVM S.A.,36.113.876/0001-91,2024-12-31
11186,32781 - TG REAL ESTATE FII,44.625.562/0001-04,06/08/2024,Fundos de Investimentos Imobiliário,BR0B4QCTF006,XP INVESTIMENTOS CCTVM S.A.,TG CORE ASSET LTDA,1363658434.8,9.53026477,Renda Fixa | Definitiva,22D0059915,VIRGO COMPANHIA DE SECURITIZAÇÃO,23/04/2027,3262.0,1742471.515235054,0.12777917627815738,2024-08-06,44.625.562/0001-04,FUNDO DE INVESTIMENTO IMOBILIARIO TG REAL ESTATE,FUNDO DE INVESTIMENTO IMOBILIARIO TG REAL ESTATE,FII,FECHADO,QUALIFICADO,TG CORE ASSET LTDA,13.194.316/0001-03,OLIVEIRA TRUST DTVM S.A.,36.113.876/0001-91,2024-12-31
11187,32781 - TG REAL ESTATE FII,44.625.562/0001-04,06/08/2024,Fundos de Investimentos Imobiliário,BR0B4QCTF006,XP INVESTIMENTOS CCTVM S.A.,TG CORE ASSET LTDA,1363658434.8,9.53026477,Renda Fixa | Definitiva,21C0528814,VIRGO COMPANHIA DE SECURITIZAÇÃO,20/01/2032,429.0,183968.8217853872,0.01349082857485268,2024-08-06,44.625.562/0001-04,FUNDO DE INVESTIMENTO IMOBILIARIO TG REAL ESTATE,FUNDO DE INVESTIMENTO IMOBILIARIO TG REAL ESTATE,FII,FECHADO,QUALIFICADO,TG CORE ASSET LTDA,13.194.316/0001-03,OLIVEIRA TRUST DTVM S.A.,36.113.876/0001-91,2024-12-31
11188,32781 - TG REAL ESTATE FII,44.625.562/0001-04,06/08/2024,Fundos de Investimentos Imobiliário,BR0B4QCTF006,XP INVESTIMENTOS CCTVM S.A.,TG CORE ASSET LTDA,1363658434.8,9.53026477,Renda Fixa | Definitiva,19K1139242,Forte Securitizadora SA,20/11/2025,3129.0,2983389.28869705,0.2187783401299173,2024-08-06,44.625.562/0001-04,FUNDO DE INVESTIMENTO IMOBILIARIO TG REAL ESTATE,FUNDO DE INVESTIMENTO IMOBILIARIO TG REAL ESTATE,FII,FECHADO,QUALIFICADO,TG CORE ASSET LTDA,13.194.316/0001-03,OLIVEIRA TRUST DTVM S.A.,36.113.876/0001-91,2024-12-31
11189,32781 - TG REAL ESTATE FII,44.625.562/0001-04,06/08/2024,Fundos de Investimentos Imobiliário,BR0B4QCTF006,XP INVESTIMENTOS CCTVM S.A.,TG CORE ASSET LTDA,1363658434.8,9.53026477,Renda Fixa | Definitiva,23E1206892,HABITASEC SECURITIZADORA,24/04/2028,600.0,607095.785952942,0.044519637063073,2024-08-06,44.625.562/0001-04,FUNDO DE INVESTIMENTO IMOBILIARIO TG REAL ESTATE,FUNDO DE INVESTIMENTO IMOBILIARIO TG REAL ESTATE,FII,FECHADO,QUALIFICADO,TG CORE ASSET LTDA,13.194.316/0001-03,OLIVEIRA TRUST DTVM S.A.,36.113.876/0001-91,2024-12-31
11190,32781 - TG REAL ESTATE FII,44.625.562/0001-04,06/08/2024,Fundos de Investimentos Imobiliário,BR0B4QCTF006,XP INVESTIMENTOS CCTVM S.A.,TG CORE ASSET LTDA,1363658434.8,9.53026477,Renda Fixa | Definitiva,24D0770386,VERT COMPANHIA SECURITIZADORA,15/03/2034,20446.0,20375025.19521124,1.4941443308125415,2024-08-06,44.625.562/0001-04,FUNDO DE INVESTIMENTO IMOBILIARIO TG REAL ESTATE,FUNDO DE INVESTIMENTO IMOBILIARIO TG REAL ESTATE,FII,FECHADO,QUALIFICADO,TG CORE ASSET LTDA,13.194.316/0001-03,OLIVEIRA TRUST DTVM S.A.,36.113.876/0001-91,2024-12-31
11191,32781 - TG REAL ESTATE FII,44.625.562/0001-04,06/08/2024,Fundos de Investimentos Imobiliário,BR0B4QCTF006,XP INVESTIMENTOS CCTVM S.A.,TG CORE ASSET LTDA,1363658434.8,9.53026477,Renda Fixa | Definitiva,22I0248848,VIRGO COMPANHIA DE SECURITIZAÇÃO,20/07/2032,1370.0,1397637.478222297,0.10249175618726553,2024-08-06,44.625.562/0001-04,FUNDO DE INVESTIMENTO IMOBILIARIO TG REAL ESTATE,FUNDO DE INVESTIMENTO IMOBILIARIO TG REAL ESTATE,FII,FECHADO,QUALIFICADO,TG CORE ASSET LTDA,13.194.316/0001-03,OLIVEIRA TRUST DTVM S.A.,36.113.876/0001-91,2024-12-31
11192,32781 - TG REAL ESTATE FII,44.625.562/0001-04,06/08/2024,Fundos de Investimentos Imobiliário,BR0B4QCTF006,XP INVESTIMENTOS CCTVM S.A.,TG CORE ASSET LTDA,1363658434.8,9.53026477,Renda Fixa | Definitiva,23E1081237,TRUE SECURITIZADORA S.A.,20/04/2027,3000.0,3017133.05949495,0.2212528432706432,2024-08-06,44.625.562/0001-04,FUNDO DE INVESTIMENTO IMOBILIARIO TG REAL ESTATE,FUNDO DE INVESTIMENTO IMOBILIARIO TG REAL ESTATE,FII,FECHADO,QUALIFICADO,TG CORE ASSET LTDA,13.194.316/0001-03,OLIVEIRA TRUST DTVM S.A.,36.113.876/0001-91,2024-12-31
11193,32781 - TG REAL ESTATE FII,44.625.562/0001-04,06/08/2024,Fundos de Investimentos Imobiliário,BR0B4QCTF006,XP INVESTIMENTOS CCTVM S.A.,TG CORE ASSET LTDA,1363658434.8,9.53026477,Renda Fixa | Definitiva,23E1079719,TRUE SECURITIZADORA S.A.,20/04/2027,590.0,579212.6359335543,0.04247490582335628,2024-08-06,44.625.562/0001-04,FUNDO DE INVESTIMENTO IMOBILIARIO TG REAL ESTATE,FUNDO DE INVESTIMENTO IMOBILIARIO TG REAL ESTATE,FII,FECHADO,QUALIFICADO,TG CORE ASSET LTDA,13.194.316/0001-03,OLIVEIRA TRUST DTVM S.A.,36.113.876/0001-91,2024-12-31
11194,32781 - TG REAL ESTATE FII,44.625.562/0001-04,06/08/2024,Fundos de Investimentos Imobiliário,BR0B4QCTF006,XP INVESTIMENTOS CCTVM S.A.,TG CORE ASSET LTDA,1363658434.8,9.53026477,Renda Fixa | Definitiva,22I0351653,VIRGO COMPANHIA DE SECURITIZAÇÃO,21/01/2026,110.0,114844.3347879113,0.008421781573532735,2024-08-06,44.625.562/0001-04,FUNDO DE INVESTIMENTO IMOBILIARIO TG REAL ESTATE,FUNDO DE INVESTIMENTO IMOBILIARIO TG REAL ESTATE,FII,FECHADO,QUALIFICADO,TG CORE ASSET LTDA,13.194.316/0001-03,OLIVEIRA TRUST DTVM S.A.,36.113.876/0001-91,2024-12-31
11195,32781 - TG REAL ESTATE FII,44.625.562/0001-04,06/08/2024,Fundos de Investimentos Imobiliário,BR0B4QCTF006,XP INVESTIMENTOS CCTVM S.A.,TG CORE ASSET LTDA,1363658434.8,9.53026477,Renda Fixa | Definitiva,22I0351747,VIRGO COMPANHIA DE SECURITIZAÇÃO,21/01/2026,460.0,465946.1079215928,0.03416882820733115,2024-08-06,44.625.562/0001-04,FUNDO DE INVESTIMENTO IMOBILIARIO TG REAL ESTATE,FUNDO DE INVESTIMENTO IMOBILIARIO TG REAL ESTATE,FII,FECHADO,QUALIFICADO,TG CORE ASSET LTDA,13.194.316/0001-03,OLIVEIRA TRUST DTVM S.A.,36.113.876/0001-91,2024-12-31
11196,32781 - TG REAL ESTATE FII,44.625.562/0001-04,06/08/2024,Fundos de Investimentos Imobiliário,BR0B4QCTF006,XP INVESTIMENTOS CCTVM S.A.,TG CORE ASSET LTDA,1363658434.8,9.53026477,Renda Fixa | Definitiva,24C2146614,LEVERAGE COMPANHIA SECURITIZADORA,22/05/2028,3000.0,3049121.26827099,0.22359860728014247,2024-08-06,44.625.562/0001-04,FUNDO DE INVESTIMENTO IMOBILIARIO TG REAL ESTATE,FUNDO DE INVESTIMENTO IMOBILIARIO TG REAL ESTATE,FII,FECHADO,QUALIFICADO,TG CORE ASSET LTDA,13.194.316/0001-03,OLIVEIRA TRUST DTVM S.A.,36.113.876/0001-91,2024-12-31
11197,32781 - TG REAL ESTATE FII,44.625.562/0001-04,06/08/2024,Fundos de Investimentos Imobiliário,BR0B4QCTF006,XP INVESTIMENTOS CCTVM S.A.,TG CORE ASSET LTDA,1363658434.8,9.53026477,Renda Fixa | Definitiva,24D0770386,VERT COMPANHIA SECURITIZADORA,15/03/2034,2682.0,2672689.89404072,0.19599408663011045,2024-08-06,44.625.562/0001-04,FUNDO DE INVESTIMENTO IMOBILIARIO TG REAL ESTATE,FUNDO DE INVESTIMENTO IMOBILIARIO TG REAL ESTATE,FII,FECHADO,QUALIFICADO,TG CORE ASSET LTDA,13.194.316/0001-03,OLIVEIRA TRUST DTVM S.A.,36.113.876/0001-91,2024-12-31
11198,32781 - TG REAL ESTATE FII,44.625.562/0001-04,06/08/2024,Fundos de Investimentos Imobiliário,BR0B4QCTF006,XP INVESTIMENTOS CCTVM S.A.,TG CORE ASSET LTDA,1363658434.8,9.53026477,Renda Fixa | Definitiva,23B0330161,VIRGO COMPANHIA DE SECURITIZAÇÃO,19/02/2035,900.0,880733.139583671,0.06458605154397355,2024-08-06,44.625.562/0001-04,FUNDO DE INVESTIMENTO IMOBILIARIO TG REAL ESTATE,FUNDO DE INVESTIMENTO IMOBILIARIO TG REAL ESTATE,FII,FECHADO,QUALIFICADO,TG CORE ASSET LTDA,13.194.316/0001-03,OLIVEIRA TRUST DTVM S.A.,36.113.876/0001-91,2024-12-31
11199,32781 - TG REAL ESTATE FII,44.625.562/0001-04,06/08/2024,Fundos de Investimentos Imobiliário,BR0B4QCTF006,XP INVESTIMENTOS CCTVM S.A.,TG CORE ASSET LTDA,1363658434.8,9.53026477,Renda Fixa | Definitiva,23B0330162,VIRGO COMPANHIA DE SECURITIZAÇÃO,19/02/2035,1000.0,997662.95429186,0.07316076583636441,2024-08-06,44.625.562/0001-04,FUNDO DE INVESTIMENTO IMOBILIARIO TG REAL ESTATE,FUNDO DE INVESTIMENTO IMOBILIARIO TG REAL ESTATE,FII,FECHADO,QUALIFICADO,TG CORE ASSET LTDA,13.194.316/0001-03,OLIVEIRA TRUST DTVM S.A.,36.113.876/0001-91,2024-12-31
11200,32781 - TG REAL ESTATE FII,44.625.562/0001-04,06/08/2024,Fundos de Investimentos Imobiliário,BR0B4QCTF006,XP INVESTIMENTOS CCTVM S.A.,TG CORE ASSET LTDA,1363658434.8,9.53026477,Renda Fixa | Definitiva,24D0770386,VERT COMPANHIA SECURITIZADORA,15/03/2034,9821.0,9786908.072100636,0.7176949756876637,2024-08-06,44.625.562/0001-04,FUNDO DE INVESTIMENTO IMOBILIARIO TG REAL ESTATE,FUNDO DE INVESTIMENTO IMOBILIARIO TG REAL ESTATE,FII,FECHADO,QUALIFICADO,TG CORE ASSET LTDA,13.194.316/0001-03,OLIVEIRA TRUST DTVM S.A.,36.113.876/0001-91,2024-12-31
11201,32781 - TG REAL ESTATE FII,44.625.562/0001-04,06/08/2024,Fundos de Investimentos Imobiliário,BR0B4QCTF006,XP INVESTIMENTOS CCTVM S.A.,TG CORE ASSET LTDA,1363658434.8,9.53026477,Renda Fixa | Definitiva,22I0050260,VIRGO COMPANHIA DE SECURITIZAÇÃO,20/07/2032,7200.0,6582094.6468374,0.4826791283553905,2024-08-06,44.625.562/0001-04,FUNDO DE INVESTIMENTO IMOBILIARIO TG REAL ESTATE,FUNDO DE INVESTIMENTO IMOBILIARIO TG REAL ESTATE,FII,FECHADO,QUALIFICADO,TG CORE ASSET LTDA,13.194.316/0001-03,OLIVEIRA TRUST DTVM S.A.,36.113.876/0001-91,2024-12-31
11202,32781 - TG REAL ESTATE FII,44.625.562/0001-04,06/08/2024,Fundos de Investimentos Imobiliário,BR0B4QCTF006,XP INVESTIMENTOS CCTVM S.A.,TG CORE ASSET LTDA,1363658434.8,9.53026477,Renda Fixa | Definitiva,22H1237621,VIRGO COMPANHIA DE SECURITIZAÇÃO,21/07/2027,2700.0,2588394.851556363,0.1898125502326386,2024-08-06,44.625.562/0001-04,FUNDO DE INVESTIMENTO IMOBILIARIO TG REAL ESTATE,FUNDO DE INVESTIMENTO IMOBILIARIO TG REAL ESTATE,FII,FECHADO,QUALIFICADO,TG CORE ASSET LTDA,13.194.316/0001-03,OLIVEIRA TRUST DTVM S.A.,36.113.876/0001-91,2024-12-31
11203,32781 - TG REAL ESTATE FII,44.625.562/0001-04,06/08/2024,Fundos de Investimentos Imobiliário,BR0B4QCTF006,XP INVESTIMENTOS CCTVM S.A.,TG CORE ASSET LTDA,1363658434.8,9.53026477,Renda Fixa | Definitiva,23E1081237,TRUE SECURITIZADORA S.A.,20/04/2027,2118.0,2130095.940003435,0.15620450734907412,2024-08-06,44.625.562/0001-04,FUNDO DE INVESTIMENTO IMOBILIARIO TG REAL ESTATE,FUNDO DE INVESTIMENTO IMOBILIARIO TG REAL ESTATE,FII,FECHADO,QUALIFICADO,TG CORE ASSET LTDA,13.194.316/0001-03,OLIVEIRA TRUST DTVM S.A.,36.113.876/0001-91,2024-12-31
11204,32781 - TG REAL ESTATE FII,44.625.562/0001-04,06/08/2024,Fundos de Investimentos Imobiliário,BR0B4QCTF006,XP INVESTIMENTOS CCTVM S.A.,TG CORE ASSET LTDA,1363658434.8,9.53026477,Renda Fixa | Definitiva,23E1081252,TRUE SECURITIZADORA S.A.,20/04/2027,500.0,508317.453251265,0.037276009906822234,2024-08-06,44.625.562/0001-04,FUNDO DE INVESTIMENTO IMOBILIARIO TG REAL ESTATE,FUNDO DE INVESTIMENTO IMOBILIARIO TG REAL ESTATE,FII,FECHADO,QUALIFICADO,TG CORE ASSET LTDA,13.194.316/0001-03,OLIVEIRA TRUST DTVM S.A.,36.113.876/0001-91,2024-12-31
11205,32781 - TG REAL ESTATE FII,44.625.562/0001-04,06/08/2024,Fundos de Investimentos Imobiliário,BR0B4QCTF006,XP INVESTIMENTOS CCTVM S.A.,TG CORE ASSET LTDA,1363658434.8,9.53026477,Renda Fixa | Definitiva,22I0248854,VIRGO COMPANHIA DE SECURITIZAÇÃO,20/07/2032,2600.0,2640201.564445432,0.1936116476874691,2024-08-06,44.625.562/0001-04,FUNDO DE INVESTIMENTO IMOBILIARIO TG REAL ESTATE,FUNDO DE INVESTIMENTO IMOBILIARIO TG REAL ESTATE,FII,FECHADO,QUALIFICADO,TG CORE ASSET LTDA,13.194.316/0001-03,OLIVEIRA TRUST DTVM S.A.,36.113.876/0001-91,2024-12-31
11206,32781 - TG REAL ESTATE FII,44.625.562/0001-04,06/08/2024,Fundos de Investimentos Imobiliário,BR0B4QCTF006,XP INVESTIMENTOS CCTVM S.A.,TG CORE ASSET LTDA,1363658434.8,9.53026477,Renda Fixa | Definitiva,23E1206892,HABITASEC SECURITIZADORA,24/04/2028,700.0,708278.416945099,0.051939576573585174,2024-08-06,44.625.562/0001-04,FUNDO DE INVESTIMENTO IMOBILIARIO TG REAL ESTATE,FUNDO DE INVESTIMENTO IMOBILIARIO TG REAL ESTATE,FII,FECHADO,QUALIFICADO,TG CORE ASSET LTDA,13.194.316/0001-03,OLIVEIRA TRUST DTVM S.A.,36.113.876/0001-91,2024-12-31
11207,32781 - TG REAL ESTATE FII,44.625.562/0001-04,06/08/2024,Fundos de Investimentos Imobiliário,BR0B4QCTF006,XP INVESTIMENTOS CCTVM S.A.,TG CORE ASSET LTDA,1363658434.8,9.53026477,Renda Fixa | Definitiva,22G0893940,VIRGO COMPANHIA DE SECURITIZAÇÃO,23/06/2027,467.0,504763.0471341933,0.037015357677028855,2024-08-06,44.625.562/0001-04,FUNDO DE INVESTIMENTO IMOBILIARIO TG REAL ESTATE,FUNDO DE INVESTIMENTO IMOBILIARIO TG REAL ESTATE,FII,FECHADO,QUALIFICADO,TG CORE ASSET LTDA,13.194.316/0001-03,OLIVEIRA TRUST DTVM S.A.,36.113.876/0001-91,2024-12-31
11208,32781 - TG REAL ESTATE FII,44.625.562/0001-04,06/08/2024,Fundos de Investimentos Imobiliário,BR0B4QCTF006,XP INVESTIMENTOS CCTVM S.A.,TG CORE ASSET LTDA,1363658434.8,9.53026477,Renda Fixa | Definitiva,22I0248815,VIRGO COMPANHIA DE SECURITIZAÇÃO,20/07/2032,10000.0,9907966.0547965,0.7265724173993502,2024-08-06,44.625.562/0001-04,FUNDO DE INVESTIMENTO IMOBILIARIO TG REAL ESTATE,FUNDO DE INVESTIMENTO IMOBILIARIO TG REAL ESTATE,FII,FECHADO,QUALIFICADO,TG CORE ASSET LTDA,13.194.316/0001-03,OLIVEIRA TRUST DTVM S.A.,36.113.876/0001-91,2024-12-31
11209,32781 - TG REAL ESTATE FII,44.625.562/0001-04,06/08/2024,Fundos de Investimentos Imobiliário,BR0B4QCTF006,XP INVESTIMENTOS CCTVM S.A.,TG CORE ASSET LTDA,1363658434.8,9.53026477,Renda Fixa | Definitiva,22I0248791,VIRGO COMPANHIA DE SECURITIZAÇÃO,20/07/2032,10000.0,9523209.4445845,0.6983573893253713,2024-08-06,44.625.562/0001-04,FUNDO DE INVESTIMENTO IMOBILIARIO TG REAL ESTATE,FUNDO DE INVESTIMENTO IMOBILIARIO TG REAL ESTATE,FII,FECHADO,QUALIFICADO,TG CORE ASSET LTDA,13.194.316/0001-03,OLIVEIRA TRUST DTVM S.A.,36.113.876/0001-91,2024-12-31
11210,32781 - TG REAL ESTATE FII,44.625.562/0001-04,06/08/2024,Fundos de Investimentos Imobiliário,BR0B4QCTF006,XP INVESTIMENTOS CCTVM S.A.,TG CORE ASSET LTDA,1363658434.8,9.53026477,Renda Fixa | Definitiva,22I0050260,VIRGO COMPANHIA DE SECURITIZAÇÃO,20/07/2032,8800.0,8044782.3461346,0.5899411568788105,2024-08-06,44.625.562/0001-04,FUNDO DE INVESTIMENTO IMOBILIARIO TG REAL ESTATE,FUNDO DE INVESTIMENTO IMOBILIARIO TG REAL ESTATE,FII,FECHADO,QUALIFICADO,TG CORE ASSET LTDA,13.194.316/0001-03,OLIVEIRA TRUST DTVM S.A.,36.113.876/0001-91,2024-12-31
11211,32781 - TG REAL ESTATE FII,44.625.562/0001-04,06/08/2024,Fundos de Investimentos Imobiliário,BR0B4QCTF006,XP INVESTIMENTOS CCTVM S.A.,TG CORE ASSET LTDA,1363658434.8,9.53026477,Renda Fixa | Definitiva,22D0059915,VIRGO COMPANHIA DE SECURITIZAÇÃO,23/04/2027,4237.0,2263289.947900345,0.16597190983769253,2024-08-06,44.625.562/0001-04,FUNDO DE INVESTIMENTO IMOBILIARIO TG REAL ESTATE,FUNDO DE INVESTIMENTO IMOBILIARIO TG REAL ESTATE,FII,FECHADO,QUALIFICADO,TG CORE ASSET LTDA,13.194.316/0001-03,OLIVEIRA TRUST DTVM S.A.,36.113.876/0001-91,2024-12-31
11212,32781 - TG REAL ESTATE FII,44.625.562/0001-04,06/08/2024,Fundos de Investimentos Imobiliário,BR0B4QCTF006,XP INVESTIMENTOS CCTVM S.A.,TG CORE ASSET LTDA,1363658434.8,9.53026477,Renda Fixa | Definitiva,22G0893940,VIRGO COMPANHIA DE SECURITIZAÇÃO,23/06/2027,1800.0,1945553.500731366,0.14267161417270222,2024-08-06,44.625.562/0001-04,FUNDO DE INVESTIMENTO IMOBILIARIO TG REAL ESTATE,FUNDO DE INVESTIMENTO IMOBILIARIO TG REAL ESTATE,FII,FECHADO,QUALIFICADO,TG CORE ASSET LTDA,13.194.316/0001-03,OLIVEIRA TRUST DTVM S.A.,36.113.876/0001-91,2024-12-31
11213,32781 - TG REAL ESTATE FII,44.625.562/0001-04,06/08/2024,Fundos de Investimentos Imobiliário,BR0B4QCTF006,XP INVESTIMENTOS CCTVM S.A.,TG CORE ASSET LTDA,1363658434.8,9.53026477,Renda Fixa | Definitiva,21A0607944,VIRGO COMPANHIA DE SECURITIZAÇÃO,20/01/2026,3420.0,4896217.752400176,0.3590501570958476,2024-08-06,44.625.562/0001-04,FUNDO DE INVESTIMENTO IMOBILIARIO TG REAL ESTATE,FUNDO DE INVESTIMENTO IMOBILIARIO TG REAL ESTATE,FII,FECHADO,QUALIFICADO,TG CORE ASSET LTDA,13.194.316/0001-03,OLIVEIRA TRUST DTVM S.A.,36.113.876/0001-91,2024-12-31
11214,32781 - TG REAL ESTATE FII,44.625.562/0001-04,06/08/2024,Fundos de Investimentos Imobiliário,BR0B4QCTF006,XP INVESTIMENTOS CCTVM S.A.,TG CORE ASSET LTDA,1363658434.8,9.53026477,Renda Fixa | Definitiva,21L0967448,HABITASEC SECURITIZADORA,24/12/2024,6500.0,7080427.004215566,0.5192229097496847,2024-08-06,44.625.562/0001-04,FUNDO DE INVESTIMENTO IMOBILIARIO TG REAL ESTATE,FUNDO DE INVESTIMENTO IMOBILIARIO TG REAL ESTATE,FII,FECHADO,QUALIFICADO,TG CORE ASSET LTDA,13.194.316/0001-03,OLIVEIRA TRUST DTVM S.A.,36.113.876/0001-91,2024-12-31
11215,32781 - TG REAL ESTATE FII,44.625.562/0001-04,06/08/2024,Fundos de Investimentos Imobiliário,BR0B4QCTF006,XP INVESTIMENTOS CCTVM S.A.,TG CORE ASSET LTDA,1363658434.8,9.53026477,Renda Fixa | Definitiva,21L0967496,HABITASEC SECURITIZADORA,24/12/2024,1000.0,1066542.0157688,0.07821181525747857,2024-08-06,44.625.562/0001-04,FUNDO DE INVESTIMENTO IMOBILIARIO TG REAL ESTATE,FUNDO DE INVESTIMENTO IMOBILIARIO TG REAL ESTATE,FII,FECHADO,QUALIFICADO,TG CORE ASSET LTDA,13.194.316/0001-03,OLIVEIRA TRUST DTVM S.A.,36.113.876/0001-91,2024-12-31
11216,32781 - TG REAL ESTATE FII,44.625.562/0001-04,06/08/2024,Fundos de Investimentos Imobiliário,BR0B4QCTF006,XP INVESTIMENTOS CCTVM S.A.,TG CORE ASSET LTDA,1363658434.8,9.53026477,Renda Fixa | Definitiva,19D1329451,Forte Securitizadora SA,20/11/2026,1250.0,726798.0604393876,0.05329766178185103,2024-08-06,44.625.562/0001-04,FUNDO DE INVESTIMENTO IMOBILIARIO TG REAL ESTATE,FUNDO DE INVESTIMENTO IMOBILIARIO TG REAL ESTATE,FII,FECHADO,QUALIFICADO,TG CORE ASSET LTDA,13.194.316/0001-03,OLIVEIRA TRUST DTVM S.A.,36.113.876/0001-91,2024-12-31
11217,32781 - TG REAL ESTATE FII,44.625.562/0001-04,06/08/2024,Fundos de Investimentos Imobiliário,BR0B4QCTF006,XP INVESTIMENTOS CCTVM S.A.,TG CORE ASSET LTDA,1363658434.8,9.53026477,Renda Fixa | Definitiva,22G0893940,VIRGO COMPANHIA DE SECURITIZAÇÃO,23/06/2027,1962.0,2120653.315797189,0.1555120594482454,2024-08-06,44.625.562/0001-04,FUNDO DE INVESTIMENTO IMOBILIARIO TG REAL ESTATE,FUNDO DE INVESTIMENTO IMOBILIARIO TG REAL ESTATE,FII,FECHADO,QUALIFICADO,TG CORE ASSET LTDA,13.194.316/0001-03,OLIVEIRA TRUST DTVM S.A.,36.113.876/0001-91,2024-12-31
11218,32781 - TG REAL ESTATE FII,44.625.562/0001-04,06/08/2024,Fundos de Investimentos Imobiliário,BR0B4QCTF006,XP INVESTIMENTOS CCTVM S.A.,TG CORE ASSET LTDA,1363658434.8,9.53026477,Renda Fixa | Definitiva,21A0796003,Forte Securitizadora SA,20/11/2031,400.0,270769.341942832,0.019856097027885447,2024-08-06,44.625.562/0001-04,FUNDO DE INVESTIMENTO IMOBILIARIO TG REAL ESTATE,FUNDO DE INVESTIMENTO IMOBILIARIO TG REAL ESTATE,FII,FECHADO,QUALIFICADO,TG CORE ASSET LTDA,13.194.316/0001-03,OLIVEIRA TRUST DTVM S.A.,36.113.876/0001-91,2024-12-31
11219,32781 - TG REAL ESTATE FII,44.625.562/0001-04,06/08/2024,Fundos de Investimentos Imobiliário,BR0B4QCTF006,XP INVESTIMENTOS CCTVM S.A.,TG CORE ASSET LTDA,1363658434.8,9.53026477,Renda Fixa | Definitiva,21D0503168,Forte Securitizadora SA,20/04/2028,2450.0,677189.396807763,0.04965975199699348,2024-08-06,44.625.562/0001-04,FUNDO DE INVESTIMENTO IMOBILIARIO TG REAL ESTATE,FUNDO DE INVESTIMENTO IMOBILIARIO TG REAL ESTATE,FII,FECHADO,QUALIFICADO,TG CORE ASSET LTDA,13.194.316/0001-03,OLIVEIRA TRUST DTVM S.A.,36.113.876/0001-91,2024-12-31
11220,32781 - TG REAL ESTATE FII,44.625.562/0001-04,06/08/2024,Fundos de Investimentos Imobiliário,BR0B4QCTF006,XP INVESTIMENTOS CCTVM S.A.,TG CORE ASSET LTDA,1363658434.8,9.53026477,Renda Fixa | Definitiva,20D0942992,VIRGO COMPANHIA DE SECURITIZAÇÃO,20/04/2030,1443.0,566806.1763235166,0.04156511351074853,2024-08-06,44.625.562/0001-04,FUNDO DE INVESTIMENTO IMOBILIARIO TG REAL ESTATE,FUNDO DE INVESTIMENTO IMOBILIARIO TG REAL ESTATE,FII,FECHADO,QUALIFICADO,TG CORE ASSET LTDA,13.194.316/0001-03,OLIVEIRA TRUST DTVM S.A.,36.113.876/0001-91,2024-12-31
11221,32781 - TG REAL ESTATE FII,44.625.562/0001-04,06/08/2024,Fundos de Investimentos Imobiliário,BR0B4QCTF006,XP INVESTIMENTOS CCTVM S.A.,TG CORE ASSET LTDA,1363658434.8,9.53026477,Renda Fixa | Definitiva,21A0796004,Forte Securitizadora SA,20/11/2031,630.0,435236.9590185246,0.031916860403709404,2024-08-06,44.625.562/0001-04,FUNDO DE INVESTIMENTO IMOBILIARIO TG REAL ESTATE,FUNDO DE INVESTIMENTO IMOBILIARIO TG REAL ESTATE,FII,FECHADO,QUALIFICADO,TG CORE ASSET LTDA,13.194.316/0001-03,OLIVEIRA TRUST DTVM S.A.,36.113.876/0001-91,2024-12-31
11222,32781 - TG REAL ESTATE FII,44.625.562/0001-04,06/08/2024,Fundos de Investimentos Imobiliário,BR0B4QCTF006,XP INVESTIMENTOS CCTVM S.A.,TG CORE ASSET LTDA,1363658434.8,9.53026477,Renda Fixa | Definitiva,21L0967495,HABITASEC SECURITIZADORA,24/12/2024,1785.0,1933905.975322399,0.14181747613404627,2024-08-06,44.625.562/0001-04,FUNDO DE INVESTIMENTO IMOBILIARIO TG REAL ESTATE,FUNDO DE INVESTIMENTO IMOBILIARIO TG REAL ESTATE,FII,FECHADO,QUALIFICADO,TG CORE ASSET LTDA,13.194.316/0001-03,OLIVEIRA TRUST DTVM S.A.,36.113.876/0001-91,2024-12-31
11223,32781 - TG REAL ESTATE FII,44.625.562/0001-04,06/08/2024,Fundos de Investimentos Imobiliário,BR0B4QCTF006,XP INVESTIMENTOS CCTVM S.A.,TG CORE ASSET LTDA,1363658434.8,9.53026477,Renda Fixa | Definitiva,23G1149794,RBCAPITALRES,26/06/2029,3479.0,3307189.156242439,0.24252327942572255,2024-08-06,44.625.562/0001-04,FUNDO DE INVESTIMENTO IMOBILIARIO TG REAL ESTATE,FUNDO DE INVESTIMENTO IMOBILIARIO TG REAL ESTATE,FII,FECHADO,QUALIFICADO,TG CORE ASSET LTDA,13.194.316/0001-03,OLIVEIRA TRUST DTVM S.A.,36.113.876/0001-91,2024-12-31
11224,32781 - TG REAL ESTATE FII,44.625.562/0001-04,06/08/2024,Fundos de Investimentos Imobiliário,BR0B4QCTF006,XP INVESTIMENTOS CCTVM S.A.,TG CORE ASSET LTDA,1363658434.8,9.53026477,Renda Fixa | Definitiva,23G1149789,RBCAPITALRES,26/06/2029,21545.0,20334085.59604875,1.4911421421326108,2024-08-06,44.625.562/0001-04,FUNDO DE INVESTIMENTO IMOBILIARIO TG REAL ESTATE,FUNDO DE INVESTIMENTO IMOBILIARIO TG REAL ESTATE,FII,FECHADO,QUALIFICADO,TG CORE ASSET LTDA,13.194.316/0001-03,OLIVEIRA TRUST DTVM S.A.,36.113.876/0001-91,2024-12-31
11225,32781 - TG REAL ESTATE FII,44.625.562/0001-04,06/08/2024,Fundos de Investimentos Imobiliário,BR0B4QCTF006,XP INVESTIMENTOS CCTVM S.A.,TG CORE ASSET LTDA,1363658434.8,9.53026477,Renda Fixa | Definitiva,23G1149794,RBCAPITALRES,26/06/2029,5714.0,5431813.405797441,0.39832653596969786,2024-08-06,44.625.562/0001-04,FUNDO DE INVESTIMENTO IMOBILIARIO TG REAL ESTATE,FUNDO DE INVESTIMENTO IMOBILIARIO TG REAL ESTATE,FII,FECHADO,QUALIFICADO,TG CORE ASSET LTDA,13.194.316/0001-03,OLIVEIRA TRUST DTVM S.A.,36.113.876/0001-91,2024-12-31
11226,32781 - TG REAL ESTATE FII,44.625.562/0001-04,06/08/2024,Fundos de Investimentos Imobiliário,BR0B4QCTF006,XP INVESTIMENTOS CCTVM S.A.,TG CORE ASSET LTDA,1363658434.8,9.53026477,Renda Fixa | Definitiva,22G0893940,VIRGO COMPANHIA DE SECURITIZAÇÃO,23/06/2027,6549.0,7078572.153494287,0.519086889565015,2024-08-06,44.625.562/0001-04,FUNDO DE INVESTIMENTO IMOBILIARIO TG REAL ESTATE,FUNDO DE INVESTIMENTO IMOBILIARIO TG REAL ESTATE,FII,FECHADO,QUALIFICADO,TG CORE ASSET LTDA,13.194.316/0001-03,OLIVEIRA TRUST DTVM S.A.,36.113.876/0001-91,2024-12-31
11227,32781 - TG REAL ESTATE FII,44.625.562/0001-04,06/08/2024,Fundos de Investimentos Imobiliário,BR0B4QCTF006,XP INVESTIMENTOS CCTVM S.A.,TG CORE ASSET LTDA,1363658434.8,9.53026477,Renda Fixa | Definitiva,21L0967496,HABITASEC SECURITIZADORA,24/12/2024,1407.0,1500624.616186701,0.11004402406727232,2024-08-06,44.625.562/0001-04,FUNDO DE INVESTIMENTO IMOBILIARIO TG REAL ESTATE,FUNDO DE INVESTIMENTO IMOBILIARIO TG REAL ESTATE,FII,FECHADO,QUALIFICADO,TG CORE ASSET LTDA,13.194.316/0001-03,OLIVEIRA TRUST DTVM S.A.,36.113.876/0001-91,2024-12-31
11228,32781 - TG REAL ESTATE FII,44.625.562/0001-04,06/08/2024,Fundos de Investimentos Imobiliário,BR0B4QCTF006,XP INVESTIMENTOS CCTVM S.A.,TG CORE ASSET LTDA,1363658434.8,9.53026477,Renda Fixa | Definitiva,22I0248848,VIRGO COMPANHIA DE SECURITIZAÇÃO,20/07/2032,3647.0,3720572.177428261,0.2728375436605528,2024-08-06,44.625.562/0001-04,FUNDO DE INVESTIMENTO IMOBILIARIO TG REAL ESTATE,FUNDO DE INVESTIMENTO IMOBILIARIO TG REAL ESTATE,FII,FECHADO,QUALIFICADO,TG CORE ASSET LTDA,13.194.316/0001-03,OLIVEIRA TRUST DTVM S.A.,36.113.876/0001-91,2024-12-31
11229,32781 - TG REAL ESTATE FII,44.625.562/0001-04,06/08/2024,Fundos de Investimentos Imobiliário,BR0B4QCTF006,XP INVESTIMENTOS CCTVM S.A.,TG CORE ASSET LTDA,1363658434.8,9.53026477,Renda Fixa | Definitiva,21L0967495,HABITASEC SECURITIZADORA,24/12/2024,4715.0,5108328.668708746,0.3746047058666825,2024-08-06,44.625.562/0001-04,FUNDO DE INVESTIMENTO IMOBILIARIO TG REAL ESTATE,FUNDO DE INVESTIMENTO IMOBILIARIO TG REAL ESTATE,FII,FECHADO,QUALIFICADO,TG CORE ASSET LTDA,13.194.316/0001-03,OLIVEIRA TRUST DTVM S.A.,36.113.876/0001-91,2024-12-31
11230,32781 - TG REAL ESTATE FII,44.625.562/0001-04,06/08/2024,Fundos de Investimentos Imobiliário,BR0B4QCTF006,XP INVESTIMENTOS CCTVM S.A.,TG CORE ASSET LTDA,1363658434.8,9.53026477,Renda Fixa | Definitiva,22I0248848,VIRGO COMPANHIA DE SECURITIZAÇÃO,20/07/2032,3353.0,3420641.21494844,0.2508429624057674,2024-08-06,44.625.562/0001-04,FUNDO DE INVESTIMENTO IMOBILIARIO TG REAL ESTATE,FUNDO DE INVESTIMENTO IMOBILIARIO TG REAL ESTATE,FII,FECHADO,QUALIFICADO,TG CORE ASSET LTDA,13.194.316/0001-03,OLIVEIRA TRUST DTVM S.A.,36.113.876/0001-91,2024-12-31
11231,32781 - TG REAL ESTATE FII,44.625.562/0001-04,06/08/2024,Fundos de Investimentos Imobiliário,BR0B4QCTF006,XP INVESTIMENTOS CCTVM S.A.,TG CORE ASSET LTDA,1363658434.8,9.53026477,Renda Fixa | Definitiva,23E1081237,TRUE SECURITIZADORA S.A.,20/04/2027,1882.0,1892748.139323165,0.13879928367845012,2024-08-06,44.625.562/0001-04,FUNDO DE INVESTIMENTO IMOBILIARIO TG REAL ESTATE,FUNDO DE INVESTIMENTO IMOBILIARIO TG REAL ESTATE,FII,FECHADO,QUALIFICADO,TG CORE ASSET LTDA,13.194.316/0001-03,OLIVEIRA TRUST DTVM S.A.,36.113.876/0001-91,2024-12-31
11232,32781 - TG REAL ESTATE FII,44.625.562/0001-04,06/08/2024,Fundos de Investimentos Imobiliário,BR0B4QCTF006,XP INVESTIMENTOS CCTVM S.A.,TG CORE ASSET LTDA,1363658434.8,9.53026477,Renda Fixa | Definitiva,22I0351747,VIRGO COMPANHIA DE SECURITIZAÇÃO,21/01/2026,350.0,354524.212549038,0.02599802146209979,2024-08-06,44.625.562/0001-04,FUNDO DE INVESTIMENTO IMOBILIARIO TG REAL ESTATE,FUNDO DE INVESTIMENTO IMOBILIARIO TG REAL ESTATE,FII,FECHADO,QUALIFICADO,TG CORE ASSET LTDA,13.194.316/0001-03,OLIVEIRA TRUST DTVM S.A.,36.113.876/0001-91,2024-12-31
11233,32781 - TG REAL ESTATE FII,44.625.562/0001-04,06/08/2024,Fundos de Investimentos Imobiliário,BR0B4QCTF006,XP INVESTIMENTOS CCTVM S.A.,TG CORE ASSET LTDA,1363658434.8,9.53026477,Renda Fixa | Definitiva,24E2256429,LEVERAGE COMPANHIA SECURITIZADORA,22/09/2027,5250.0,5342107.119411877,0.39174818144217866,2024-08-06,44.625.562/0001-04,FUNDO DE INVESTIMENTO IMOBILIARIO TG REAL ESTATE,FUNDO DE INVESTIMENTO IMOBILIARIO TG REAL ESTATE,FII,FECHADO,QUALIFICADO,TG CORE ASSET LTDA,13.194.316/0001-03,OLIVEIRA TRUST DTVM S.A.,36.113.876/0001-91,2024-12-31
11234,32781 - TG REAL ESTATE FII,44.625.562/0001-04,06/08/2024,Fundos de Investimentos Imobiliário,BR0B4QCTF006,XP INVESTIMENTOS CCTVM S.A.,TG CORE ASSET LTDA,1363658434.8,9.53026477,Renda Fixa | Definitiva,24E2213960,LEVERAGE COMPANHIA SECURITIZADORA,22/09/2027,5250.0,5349501.267560258,0.3922904101968055,2024-08-06,44.625.562/0001-04,FUNDO DE INVESTIMENTO IMOBILIARIO TG REAL ESTATE,FUNDO DE INVESTIMENTO IMOBILIARIO TG REAL ESTATE,FII,FECHADO,QUALIFICADO,TG CORE ASSET LTDA,13.194.316/0001-03,OLIVEIRA TRUST DTVM S.A.,36.113.876/0001-91,2024-12-31
11235,32781 - TG REAL ESTATE FII,44.625.562/0001-04,06/08/2024,Fundos de Investimentos Imobiliário,BR0B4QCTF006,XP INVESTIMENTOS CCTVM S.A.,TG CORE ASSET LTDA,1363658434.8,9.53026477,Renda Fixa | Definitiva,24C1630587,HABITASEC SECURITIZADORA,16/04/2027,2000.0,2044070.03936588,0.14989604340808935,2024-08-06,44.625.562/0001-04,FUNDO DE INVESTIMENTO IMOBILIARIO TG REAL ESTATE,FUNDO DE INVESTIMENTO IMOBILIARIO TG REAL ESTATE,FII,FECHADO,QUALIFICADO,TG CORE ASSET LTDA,13.194.316/0001-03,OLIVEIRA TRUST DTVM S.A.,36.113.876/0001-91,2024-12-31
11236,32781 - TG REAL ESTATE FII,44.625.562/0001-04,06/08/2024,Fundos de Investimentos Imobiliário,BR0B4QCTF006,XP INVESTIMENTOS CCTVM S.A.,TG CORE ASSET LTDA,1363658434.8,9.53026477,Renda Fixa | Definitiva,24E2495042,LEVERAGE COMPANHIA SECURITIZADORA,22/11/2027,17000.0,17263988.33251672,1.2660053200967976,2024-08-06,44.625.562/0001-04,FUNDO DE INVESTIMENTO IMOBILIARIO TG REAL ESTATE,FUNDO DE INVESTIMENTO IMOBILIARIO TG REAL ESTATE,FII,FECHADO,QUALIFICADO,TG CORE ASSET LTDA,13.194.316/0001-03,OLIVEIRA TRUST DTVM S.A.,36.113.876/0001-91,2024-12-31
11237,32781 - TG REAL ESTATE FII,44.625.562/0001-04,06/08/2024,Fundos de Investimentos Imobiliário,BR0B4QCTF006,XP INVESTIMENTOS CCTVM S.A.,TG CORE ASSET LTDA,1363658434.8,9.53026477,Renda Fixa | Definitiva,24E2494968,LEVERAGE COMPANHIA SECURITIZADORA,22/11/2027,17000.0,17217115.98036764,1.2625680699062134,2024-08-06,44.625.562/0001-04,FUNDO DE INVESTIMENTO IMOBILIARIO TG REAL ESTATE,FUNDO DE INVESTIMENTO IMOBILIARIO TG REAL ESTATE,FII,FECHADO,QUALIFICADO,TG CORE ASSET LTDA,13.194.316/0001-03,OLIVEIRA TRUST DTVM S.A.,36.113.876/0001-91,2024-12-31
11238,32781 - TG REAL ESTATE FII,44.625.562/0001-04,06/08/2024,Fundos de Investimentos Imobiliário,BR0B4QCTF006,XP INVESTIMENTOS CCTVM S.A.,TG CORE ASSET LTDA,1363658434.8,9.53026477,Renda Fixa | Definitiva,24E3066291,LEVERAGE COMPANHIA SECURITIZADORA,20/04/2034,12950.0,13166964.88505523,0.9655617967842772,2024-08-06,44.625.562/0001-04,FUNDO DE INVESTIMENTO IMOBILIARIO TG REAL ESTATE,FUNDO DE INVESTIMENTO IMOBILIARIO TG REAL ESTATE,FII,FECHADO,QUALIFICADO,TG CORE ASSET LTDA,13.194.316/0001-03,OLIVEIRA TRUST DTVM S.A.,36.113.876/0001-91,2024-12-31
11239,32781 - TG REAL ESTATE FII,44.625.562/0001-04,06/08/2024,Fundos de Investimentos Imobiliário,BR0B4QCTF006,XP INVESTIMENTOS CCTVM S.A.,TG CORE ASSET LTDA,1363658434.8,9.53026477,Renda Fixa | Definitiva,24E3056419,LEVERAGE COMPANHIA SECURITIZADORA,20/04/2034,12950.0,13147667.50814568,0.964146678715332,2024-08-06,44.625.562/0001-04,FUNDO DE INVESTIMENTO IMOBILIARIO TG REAL ESTATE,FUNDO DE INVESTIMENTO IMOBILIARIO TG REAL ESTATE,FII,FECHADO,QUALIFICADO,TG CORE ASSET LTDA,13.194.316/0001-03,OLIVEIRA TRUST DTVM S.A.,36.113.876/0001-91,2024-12-31
11240,32781 - TG REAL ESTATE FII,44.625.562/0001-04,06/08/2024,Fundos de Investimentos Imobiliário,BR0B4QCTF006,XP INVESTIMENTOS CCTVM S.A.,TG CORE ASSET LTDA,1363658434.8,9.53026477,Renda Fixa | Definitiva,23G1149794,RBCAPITALRES,26/06/2029,2434.0,2313796.610029921,0.16967567177988177,2024-08-06,44.625.562/0001-04,FUNDO DE INVESTIMENTO IMOBILIARIO TG REAL ESTATE,FUNDO DE INVESTIMENTO IMOBILIARIO TG REAL ESTATE,FII,FECHADO,QUALIFICADO,TG CORE ASSET LTDA,13.194.316/0001-03,OLIVEIRA TRUST DTVM S.A.,36.113.876/0001-91,2024-12-31
11241,32781 - TG REAL ESTATE FII,44.625.562/0001-04,06/08/2024,Fundos de Investimentos Imobiliário,BR0B4QCTF006,XP INVESTIMENTOS CCTVM S.A.,TG CORE ASSET LTDA,1363658434.8,9.53026477,Renda Fixa | Definitiva,23G1149789,RBCAPITALRES,26/06/2029,5717.0,5395681.937925768,0.3956769378775647,2024-08-06,44.625.562/0001-04,FUNDO DE INVESTIMENTO IMOBILIARIO TG REAL ESTATE,FUNDO DE INVESTIMENTO IMOBILIARIO TG REAL ESTATE,FII,FECHADO,QUALIFICADO,TG CORE ASSET LTDA,13.194.316/0001-03,OLIVEIRA TRUST DTVM S.A.,36.113.876/0001-91,2024-12-31
11242,32781 - TG REAL ESTATE FII,44.625.562/0001-04,06/08/2024,Fundos de Investimentos Imobiliário,BR0B4QCTF006,XP INVESTIMENTOS CCTVM S.A.,TG CORE ASSET LTDA,1363658434.8,9.53026477,Renda Fixa | Definitiva,21E0379796,RBCAPITALRES,20/06/2034,2318.0,2435206.246902517,0.17857890104714347,2024-08-06,44.625.562/0001-04,FUNDO DE INVESTIMENTO IMOBILIARIO TG REAL ESTATE,FUNDO DE INVESTIMENTO IMOBILIARIO TG REAL ESTATE,FII,FECHADO,QUALIFICADO,TG CORE ASSET LTDA,13.194.316/0001-03,OLIVEIRA TRUST DTVM S.A.,36.113.876/0001-91,2024-12-31
12165,22691 - XP SELECTION FII,30.983.020/0001-90,06/08/2024,Fundos de Investimentos Imobiliário,-,XP INVESTIMENTOS CCTVM S.A.,XP VISTA ASSET MANAGEMENT LTDA.,357958828.37,8.26653898,Cotas de fundos,OT SOBERANO FIRF REF DI LP,OLIVEIRA TRUST,2099-12-01 00:00:00,2095.20099249,5596912.3,1.5635631409025663,2024-08-06,30.983.020/0001-90,XP SELECTION FUNDO DE FUNDOS DE INVESTIMENTO IMOBILIÁRIO - FII,XP SELECTION FUNDO DE FUNDOS DE INVESTIMENTO IMOBILIÁRIO - FII,FII,FECHADO,GERAL,XP VISTA ASSET MANAGMENT LTDA.,16.789.525/0001-98,OLIVEIRA TRUST DTVM S.A.,36.113.876/0001-91,2024-12-31
12200,32781 - TG REAL ESTATE FII,44.625.562/0001-04,06/08/2024,Fundos de Investimentos Imobiliário,BR0B4QCTF006,XP INVESTIMENTOS CCTVM S.A.,TG CORE ASSET LTDA,1363658434.8,9.53026477,Cotas de fundos,BLUE FII,XP - 02220030-7,2099-12-01 00:00:00,200000.0,19949481.25,1.4629382799165451,2024-08-06,44.625.562/0001-04,FUNDO DE INVESTIMENTO IMOBILIARIO TG REAL ESTATE,FUNDO DE INVESTIMENTO IMOBILIARIO TG REAL ESTATE,FII,FECHADO,QUALIFICADO,TG CORE ASSET LTDA,13.194.316/0001-03,OLIVEIRA TRUST DTVM S.A.,36.113.876/0001-91,2024-12-31
12201,32781 - TG REAL ESTATE FII,44.625.562/0001-04,06/08/2024,Fundos de Investimentos Imobiliário,BR0B4QCTF006,XP INVESTIMENTOS CCTVM S.A.,TG CORE ASSET LTDA,1363658434.8,9.53026477,Cotas de fundos,SAFRA CAPITAL MARKET PREMIUM FIC FI RF REFERENCIADO DI CP,SAFRA SERVIÇOS DE AD,2099-12-01 00:00:00,257965.30789248,73148261.18,5.36411899881133,2024-08-06,44.625.562/0001-04,FUNDO DE INVESTIMENTO IMOBILIARIO TG REAL ESTATE,FUNDO DE INVESTIMENTO IMOBILIARIO TG REAL ESTATE,FII,FECHADO,QUALIFICADO,TG CORE ASSET LTDA,13.194.316/0001-03,OLIVEIRA TRUST DTVM S.A.,36.113.876/0001-91,2024-12-31
12202,32781 - TG REAL ESTATE FII,44.625.562/0001-04,06/08/2024,Fundos de Investimentos Imobiliário,BR0B4QCTF006,XP INVESTIMENTOS CCTVM S.A.,TG CORE ASSET LTDA,1363658434.8,9.53026477,Cotas de fundos,TREND PE XXII FIC RF,SAFRA SERVIÇOS DE AD,2099-12-01 00:00:00,317733.35789781,340973.55,0.02500432229204146,2024-08-06,44.625.562/0001-04,FUNDO DE INVESTIMENTO IMOBILIARIO TG REAL ESTATE,FUNDO DE INVESTIMENTO IMOBILIARIO TG REAL ESTATE,FII,FECHADO,QUALIFICADO,TG CORE ASSET LTDA,13.194.316/0001-03,OLIVEIRA TRUST DTVM S.A.,36.113.876/0001-91,2024-12-31
12203,32781 - TG REAL ESTATE FII,44.625.562/0001-04,06/08/2024,Fundos de Investimentos Imobiliário,BR0B4QCTF006,XP INVESTIMENTOS CCTVM S.A.,TG CORE ASSET LTDA,1363658434.8,9.53026477,Cotas de fundos,OT SOBERANO FIRF REF DI LP,OLIVEIRA TRUST,2099-12-01 00:00:00,6078.93575318,16238666.57,1.1908162744860398,2024-08-06,44.625.562/0001-04,FUNDO DE INVESTIMENTO IMOBILIARIO TG REAL ESTATE,FUNDO DE INVESTIMENTO IMOBILIARIO TG REAL ESTATE,FII,FECHADO,QUALIFICADO,TG CORE ASSET LTDA,13.194.316/0001-03,OLIVEIRA TRUST DTVM S.A.,36.113.876/0001-91,2024-12-31
12204,32781 - TG REAL ESTATE FII,44.625.562/0001-04,06/08/2024,Fundos de Investimentos Imobiliário,BR0B4QCTF006,XP INVESTIMENTOS CCTVM S.A.,TG CORE ASSET LTDA,1363658434.8,9.53026477,Cotas de fundos,FUNDO DE INVESTIMENTO IMOBILIÁRIO XP GRUPO CARNAÚBA,XP - 02220030-7,2099-12-01 00:00:00,4655.0,4436243.5,0.3253192578719787,2024-08-06,44.625.562/0001-04,FUNDO DE INVESTIMENTO IMOBILIARIO TG REAL ESTATE,FUNDO DE INVESTIMENTO IMOBILIARIO TG REAL ESTATE,FII,FECHADO,QUALIFICADO,TG CORE ASSET LTDA,13.194.316/0001-03,OLIVEIRA TRUST DTVM S.A.,36.113.876/0001-91,2024-12-31
12881,22691 - XP SELECTION FII,30.983.020/0001-90,06/08/2024,Fundos de Investimentos Imobiliário,-,XP INVESTIMENTOS CCTVM S.A.,XP VISTA ASSET MANAGEMENT LTDA.,357958828.37,8.26653898,Renda Variável,BROF11,FII BROF    CI,2099-12-01 00:00:00,63184.0,3060001.12,0.8548472275244641,2024-08-06,30.983.020/0001-90,XP SELECTION FUNDO DE FUNDOS DE INVESTIMENTO IMOBILIÁRIO - FII,XP SELECTION FUNDO DE FUNDOS DE INVESTIMENTO IMOBILIÁRIO - FII,FII,FECHADO,GERAL,XP VISTA ASSET MANAGMENT LTDA.,16.789.525/0001-98,OLIVEIRA TRUST DTVM S.A.,36.113.876/0001-91,2024-12-31
12882,22691 - XP SELECTION FII,30.983.020/0001-90,06/08/2024,Fundos de Investimentos Imobiliário,-,XP INVESTIMENTOS CCTVM S.A.,XP VISTA ASSET MANAGEMENT LTDA.,357958828.37,8.26653898,Renda Variável,TEPP11,FII TEL PROPCI,2099-12-01 00:00:00,9764.0,866945.56,0.24219141736152175,2024-08-06,30.983.020/0001-90,XP SELECTION FUNDO DE FUNDOS DE INVESTIMENTO IMOBILIÁRIO - FII,XP SELECTION FUNDO DE FUNDOS DE INVESTIMENTO IMOBILIÁRIO - FII,FII,FECHADO,GERAL,XP VISTA ASSET MANAGMENT LTDA.,16.789.525/0001-98,OLIVEIRA TRUST DTVM S.A.,36.113.876/0001-91,2024-12-31
12883,22691 - XP SELECTION FII,30.983.020/0001-90,06/08/2024,Fundos de Investimentos Imobiliário,-,XP INVESTIMENTOS CCTVM S.A.,XP VISTA ASSET MANAGEMENT LTDA.,357958828.37,8.26653898,Renda Variável,RVBI11,FII VBI REITCI,2099-12-01 00:00:00,14170.0,1051414.0,0.29372484114659636,2024-08-06,30.983.020/0001-90,XP SELECTION FUNDO DE FUNDOS DE INVESTIMENTO IMOBILIÁRIO - FII,XP SELECTION FUNDO DE FUNDOS DE INVESTIMENTO IMOBILIÁRIO - FII,FII,FECHADO,GERAL,XP VISTA ASSET MANAGMENT LTDA.,16.789.525/0001-98,OLIVEIRA TRUST DTVM S.A.,36.113.876/0001-91,2024-12-31
12884,22691 - XP SELECTION FII,30.983.020/0001-90,06/08/2024,Fundos de Investimentos Imobiliário,-,XP INVESTIMENTOS CCTVM S.A.,XP VISTA ASSET MANAGEMENT LTDA.,357958828.37,8.26653898,Renda Variável,RBED11,FII RIOB ED CI,2099-12-01 00:00:00,61152.0,8267750.4,2.309693111257515,2024-08-06,30.983.020/0001-90,XP SELECTION FUNDO DE FUNDOS DE INVESTIMENTO IMOBILIÁRIO - FII,XP SELECTION FUNDO DE FUNDOS DE INVESTIMENTO IMOBILIÁRIO - FII,FII,FECHADO,GERAL,XP VISTA ASSET MANAGMENT LTDA.,16.789.525/0001-98,OLIVEIRA TRUST DTVM S.A.,36.113.876/0001-91,2024-12-31
12885,22691 - XP SELECTION FII,30.983.020/0001-90,06/08/2024,Fundos de Investimentos Imobiliário,-,XP INVESTIMENTOS CCTVM S.A.,XP VISTA ASSET MANAGEMENT LTDA.,357958828.37,8.26653898,Renda Variável,BTCI11,FII BTG CRI CI,2099-12-01 00:00:00,8261.0,81949.12,0.02289344849327036,2024-08-06,30.983.020/0001-90,XP SELECTION FUNDO DE FUNDOS DE INVESTIMENTO IMOBILIÁRIO - FII,XP SELECTION FUNDO DE FUNDOS DE INVESTIMENTO IMOBILIÁRIO - FII,FII,FECHADO,GERAL,XP VISTA ASSET MANAGMENT LTDA.,16.789.525/0001-98,OLIVEIRA TRUST DTVM S.A.,36.113.876/0001-91,2024-12-31
12886,22691 - XP SELECTION FII,30.983.020/0001-90,06/08/2024,Fundos de Investimentos Imobiliário,-,XP INVESTIMENTOS CCTVM S.A.,XP VISTA ASSET MANAGEMENT LTDA.,357958828.37,8.26653898,Renda Variável,HGRU12,FII CSHG URBCI,2099-12-01 00:00:00,52.0,0.0,0.0,2024-08-06,30.983.020/0001-90,XP SELECTION FUNDO DE FUNDOS DE INVESTIMENTO IMOBILIÁRIO - FII,XP SELECTION FUNDO DE FUNDOS DE INVESTIMENTO IMOBILIÁRIO - FII,FII,FECHADO,GERAL,XP VISTA ASSET MANAGMENT LTDA.,16.789.525/0001-98,OLIVEIRA TRUST DTVM S.A.,36.113.876/0001-91,2024-12-31
12887,22691 - XP SELECTION FII,30.983.020/0001-90,06/08/2024,Fundos de Investimentos Imobiliário,-,XP INVESTIMENTOS CCTVM S.A.,XP VISTA ASSET MANAGEMENT LTDA.,357958828.37,8.26653898,Renda Variável,CBOP11,FII C BRANCOCI,2099-12-01 00:00:00,59486.0,1665013.14,0.4651409626022629,2024-08-06,30.983.020/0001-90,XP SELECTION FUNDO DE FUNDOS DE INVESTIMENTO IMOBILIÁRIO - FII,XP SELECTION FUNDO DE FUNDOS DE INVESTIMENTO IMOBILIÁRIO - FII,FII,FECHADO,GERAL,XP VISTA ASSET MANAGMENT LTDA.,16.789.525/0001-98,OLIVEIRA TRUST DTVM S.A.,36.113.876/0001-91,2024-12-31
12888,22691 - XP SELECTION FII,30.983.020/0001-90,06/08/2024,Fundos de Investimentos Imobiliário,-,XP INVESTIMENTOS CCTVM S.A.,XP VISTA ASSET MANAGEMENT LTDA.,357958828.37,8.26653898,Renda Variável,HGRU11,FII CSHG URBCI,2099-12-01 00:00:00,100.0,12700.0,0.0035478940574899835,2024-08-06,30.983.020/0001-90,XP SELECTION FUNDO DE FUNDOS DE INVESTIMENTO IMOBILIÁRIO - FII,XP SELECTION FUNDO DE FUNDOS DE INVESTIMENTO IMOBILIÁRIO - FII,FII,FECHADO,GERAL,XP VISTA ASSET MANAGMENT LTDA.,16.789.525/0001-98,OLIVEIRA TRUST DTVM S.A.,36.113.876/0001-91,2024-12-31
12889,22691 - XP SELECTION FII,30.983.020/0001-90,06/08/2024,Fundos de Investimentos Imobiliário,-,XP INVESTIMENTOS CCTVM S.A.,XP VISTA ASSET MANAGEMENT LTDA.,357958828.37,8.26653898,Renda Variável,RBRY11,FII RBR PCRICI,2099-12-01 00:00:00,41615.0,4019592.85,1.1229204398460022,2024-08-06,30.983.020/0001-90,XP SELECTION FUNDO DE FUNDOS DE INVESTIMENTO IMOBILIÁRIO - FII,XP SELECTION FUNDO DE FUNDOS DE INVESTIMENTO IMOBILIÁRIO - FII,FII,FECHADO,GERAL,XP VISTA ASSET MANAGMENT LTDA.,16.789.525/0001-98,OLIVEIRA TRUST DTVM S.A.,36.113.876/0001-91,2024-12-31
12890,22691 - XP SELECTION FII,30.983.020/0001-90,06/08/2024,Fundos de Investimentos Imobiliário,-,XP INVESTIMENTOS CCTVM S.A.,XP VISTA ASSET MANAGEMENT LTDA.,357958828.37,8.26653898,Renda Variável,TGAR11,FII TG ATIVOCI,2099-12-01 00:00:00,171020.0,20123923.4,5.621854192460128,2024-08-06,30.983.020/0001-90,XP SELECTION FUNDO DE FUNDOS DE INVESTIMENTO IMOBILIÁRIO - FII,XP SELECTION FUNDO DE FUNDOS DE INVESTIMENTO IMOBILIÁRIO - FII,FII,FECHADO,GERAL,XP VISTA ASSET MANAGMENT LTDA.,16.789.525/0001-98,OLIVEIRA TRUST DTVM S.A.,36.113.876/0001-91,2024-12-31
12891,22691 - XP SELECTION FII,30.983.020/0001-90,06/08/2024,Fundos de Investimentos Imobiliário,-,XP INVESTIMENTOS CCTVM S.A.,XP VISTA ASSET MANAGEMENT LTDA.,357958828.37,8.26653898,Renda Variável,IRDM11,FII IRIDIUM CI,2099-12-01 00:00:00,25588.0,1821097.96,0.5087450890071757,2024-08-06,30.983.020/0001-90,XP SELECTION FUNDO DE FUNDOS DE INVESTIMENTO IMOBILIÁRIO - FII,XP SELECTION FUNDO DE FUNDOS DE INVESTIMENTO IMOBILIÁRIO - FII,FII,FECHADO,GERAL,XP VISTA ASSET MANAGMENT LTDA.,16.789.525/0001-98,OLIVEIRA TRUST DTVM S.A.,36.113.876/0001-91,2024-12-31
12892,22691 - XP SELECTION FII,30.983.020/0001-90,06/08/2024,Fundos de Investimentos Imobiliário,-,XP INVESTIMENTOS CCTVM S.A.,XP VISTA ASSET MANAGEMENT LTDA.,357958828.37,8.26653898,Renda Variável,BTLG11,FII BTLG    CI  ER,2099-12-01 00:00:00,164316.0,16438172.64,4.592196458696885,2024-08-06,30.983.020/0001-90,XP SELECTION FUNDO DE FUNDOS DE INVESTIMENTO IMOBILIÁRIO - FII,XP SELECTION FUNDO DE FUNDOS DE INVESTIMENTO IMOBILIÁRIO - FII,FII,FECHADO,GERAL,XP VISTA ASSET MANAGMENT LTDA.,16.789.525/0001-98,OLIVEIRA TRUST DTVM S.A.,36.113.876/0001-91,2024-12-31
12893,22691 - XP SELECTION FII,30.983.020/0001-90,06/08/2024,Fundos de Investimentos Imobiliário,-,XP INVESTIMENTOS CCTVM S.A.,XP VISTA ASSET MANAGEMENT LTDA.,357958828.37,8.26653898,Renda Variável,XPIN11,FII XP INDL CI,2099-12-01 00:00:00,9341.0,741675.4,0.20719572789342575,2024-08-06,30.983.020/0001-90,XP SELECTION FUNDO DE FUNDOS DE INVESTIMENTO IMOBILIÁRIO - FII,XP SELECTION FUNDO DE FUNDOS DE INVESTIMENTO IMOBILIÁRIO - FII,FII,FECHADO,GERAL,XP VISTA ASSET MANAGMENT LTDA.,16.789.525/0001-98,OLIVEIRA TRUST DTVM S.A.,36.113.876/0001-91,2024-12-31
12894,22691 - XP SELECTION FII,30.983.020/0001-90,06/08/2024,Fundos de Investimentos Imobiliário,-,XP INVESTIMENTOS CCTVM S.A.,XP VISTA ASSET MANAGEMENT LTDA.,357958828.37,8.26653898,Renda Variável,MCCI11,FII MAUA    CI,2099-12-01 00:00:00,204584.0,18252984.48,5.099185446303063,2024-08-06,30.983.020/0001-90,XP SELECTION FUNDO DE FUNDOS DE INVESTIMENTO IMOBILIÁRIO - FII,XP SELECTION FUNDO DE FUNDOS DE INVESTIMENTO IMOBILIÁRIO - FII,FII,FECHADO,GERAL,XP VISTA ASSET MANAGMENT LTDA.,16.789.525/0001-98,OLIVEIRA TRUST DTVM S.A.,36.113.876/0001-91,2024-12-31
12895,22691 - XP SELECTION FII,30.983.020/0001-90,06/08/2024,Fundos de Investimentos Imobiliário,-,XP INVESTIMENTOS CCTVM S.A.,XP VISTA ASSET MANAGEMENT LTDA.,357958828.37,8.26653898,Renda Variável,ALZR11,FII ALIANZA CI  ER,2099-12-01 00:00:00,65001.0,7038958.29,1.9664156132292012,2024-08-06,30.983.020/0001-90,XP SELECTION FUNDO DE FUNDOS DE INVESTIMENTO IMOBILIÁRIO - FII,XP SELECTION FUNDO DE FUNDOS DE INVESTIMENTO IMOBILIÁRIO - FII,FII,FECHADO,GERAL,XP VISTA ASSET MANAGMENT LTDA.,16.789.525/0001-98,OLIVEIRA TRUST DTVM S.A.,36.113.876/0001-91,2024-12-31
12896,22691 - XP SELECTION FII,30.983.020/0001-90,06/08/2024,Fundos de Investimentos Imobiliário,-,XP INVESTIMENTOS CCTVM S.A.,XP VISTA ASSET MANAGEMENT LTDA.,357958828.37,8.26653898,Renda Variável,HSML11,FII HSI MALLCI,2099-12-01 00:00:00,134156.0,12770309.64,3.567535880634886,2024-08-06,30.983.020/0001-90,XP SELECTION FUNDO DE FUNDOS DE INVESTIMENTO IMOBILIÁRIO - FII,XP SELECTION FUNDO DE FUNDOS DE INVESTIMENTO IMOBILIÁRIO - FII,FII,FECHADO,GERAL,XP VISTA ASSET MANAGMENT LTDA.,16.789.525/0001-98,OLIVEIRA TRUST DTVM S.A.,36.113.876/0001-91,2024-12-31
12897,22691 - XP SELECTION FII,30.983.020/0001-90,06/08/2024,Fundos de Investimentos Imobiliário,-,XP INVESTIMENTOS CCTVM S.A.,XP VISTA ASSET MANAGEMENT LTDA.,357958828.37,8.26653898,Renda Variável,SPVJ11,FII S VAREJOCI  ERS,2099-12-01 00:00:00,75117.0,8398587.26,2.346243923705912,2024-08-06,30.983.020/0001-90,XP SELECTION FUNDO DE FUNDOS DE INVESTIMENTO IMOBILIÁRIO - FII,XP SELECTION FUNDO DE FUNDOS DE INVESTIMENTO IMOBILIÁRIO - FII,FII,FECHADO,GERAL,XP VISTA ASSET MANAGMENT LTDA.,16.789.525/0001-98,OLIVEIRA TRUST DTVM S.A.,36.113.876/0001-91,2024-12-31
12898,22691 - XP SELECTION FII,30.983.020/0001-90,06/08/2024,Fundos de Investimentos Imobiliário,-,XP INVESTIMENTOS CCTVM S.A.,XP VISTA ASSET MANAGEMENT LTDA.,357958828.37,8.26653898,Renda Variável,VISC11,FII VINCI SCCI,2099-12-01 00:00:00,1622.0,182458.78,0.05097200167707656,2024-08-06,30.983.020/0001-90,XP SELECTION FUNDO DE FUNDOS DE INVESTIMENTO IMOBILIÁRIO - FII,XP SELECTION FUNDO DE FUNDOS DE INVESTIMENTO IMOBILIÁRIO - FII,FII,FECHADO,GERAL,XP VISTA ASSET MANAGMENT LTDA.,16.789.525/0001-98,OLIVEIRA TRUST DTVM S.A.,36.113.876/0001-91,2024-12-31
12899,22691 - XP SELECTION FII,30.983.020/0001-90,06/08/2024,Fundos de Investimentos Imobiliário,-,XP INVESTIMENTOS CCTVM S.A.,XP VISTA ASSET MANAGEMENT LTDA.,357958828.37,8.26653898,Renda Variável,RBRR11,FII RBRHGRADCI,2099-12-01 00:00:00,199812.0,18084984.12,5.052252573948719,2024-08-06,30.983.020/0001-90,XP SELECTION FUNDO DE FUNDOS DE INVESTIMENTO IMOBILIÁRIO - FII,XP SELECTION FUNDO DE FUNDOS DE INVESTIMENTO IMOBILIÁRIO - FII,FII,FECHADO,GERAL,XP VISTA ASSET MANAGMENT LTDA.,16.789.525/0001-98,OLIVEIRA TRUST DTVM S.A.,36.113.876/0001-91,2024-12-31
12900,22691 - XP SELECTION FII,30.983.020/0001-90,06/08/2024,Fundos de Investimentos Imobiliário,-,XP INVESTIMENTOS CCTVM S.A.,XP VISTA ASSET MANAGEMENT LTDA.,357958828.37,8.26653898,Renda Variável,VILG11,FII VINCI LGCI,2099-12-01 00:00:00,97580.0,8352848.0,2.3334661245918973,2024-08-06,30.983.020/0001-90,XP SELECTION FUNDO DE FUNDOS DE INVESTIMENTO IMOBILIÁRIO - FII,XP SELECTION FUNDO DE FUNDOS DE INVESTIMENTO IMOBILIÁRIO - FII,FII,FECHADO,GERAL,XP VISTA ASSET MANAGMENT LTDA.,16.789.525/0001-98,OLIVEIRA TRUST DTVM S.A.,36.113.876/0001-91,2024-12-31
12901,22691 - XP SELECTION FII,30.983.020/0001-90,06/08/2024,Fundos de Investimentos Imobiliário,-,XP INVESTIMENTOS CCTVM S.A.,XP VISTA ASSET MANAGEMENT LTDA.,357958828.37,8.26653898,Renda Variável,HGRE11,FII HG REAL CI,2099-12-01 00:00:00,36062.0,4117919.78,1.1503892217860203,2024-08-06,30.983.020/0001-90,XP SELECTION FUNDO DE FUNDOS DE INVESTIMENTO IMOBILIÁRIO - FII,XP SELECTION FUNDO DE FUNDOS DE INVESTIMENTO IMOBILIÁRIO - FII,FII,FECHADO,GERAL,XP VISTA ASSET MANAGMENT LTDA.,16.789.525/0001-98,OLIVEIRA TRUST DTVM S.A.,36.113.876/0001-91,2024-12-31
12902,22691 - XP SELECTION FII,30.983.020/0001-90,06/08/2024,Fundos de Investimentos Imobiliário,-,XP INVESTIMENTOS CCTVM S.A.,XP VISTA ASSET MANAGEMENT LTDA.,357958828.37,8.26653898,Renda Variável,BARI11,FII BARIGUI CI,2099-12-01 00:00:00,195279.0,15610603.26,4.361005239369115,2024-08-06,30.983.020/0001-90,XP SELECTION FUNDO DE FUNDOS DE INVESTIMENTO IMOBILIÁRIO - FII,XP SELECTION FUNDO DE FUNDOS DE INVESTIMENTO IMOBILIÁRIO - FII,FII,FECHADO,GERAL,XP VISTA ASSET MANAGMENT LTDA.,16.789.525/0001-98,OLIVEIRA TRUST DTVM S.A.,36.113.876/0001-91,2024-12-31
12903,22691 - XP SELECTION FII,30.983.020/0001-90,06/08/2024,Fundos de Investimentos Imobiliário,-,XP INVESTIMENTOS CCTVM S.A.,XP VISTA ASSET MANAGEMENT LTDA.,357958828.37,8.26653898,Renda Variável,RBRP11,FII RBR PROPCI,2099-12-01 00:00:00,159952.0,9019693.28,2.5197571801964047,2024-08-06,30.983.020/0001-90,XP SELECTION FUNDO DE FUNDOS DE INVESTIMENTO IMOBILIÁRIO - FII,XP SELECTION FUNDO DE FUNDOS DE INVESTIMENTO IMOBILIÁRIO - FII,FII,FECHADO,GERAL,XP VISTA ASSET MANAGMENT LTDA.,16.789.525/0001-98,OLIVEIRA TRUST DTVM S.A.,36.113.876/0001-91,2024-12-31
12904,22691 - XP SELECTION FII,30.983.020/0001-90,06/08/2024,Fundos de Investimentos Imobiliário,-,XP INVESTIMENTOS CCTVM S.A.,XP VISTA ASSET MANAGEMENT LTDA.,357958828.37,8.26653898,Renda Variável,KNRI11,FII KINEA   CI,2099-12-01 00:00:00,9229.0,1421173.71,0.3970215559346451,2024-08-06,30.983.020/0001-90,XP SELECTION FUNDO DE FUNDOS DE INVESTIMENTO IMOBILIÁRIO - FII,XP SELECTION FUNDO DE FUNDOS DE INVESTIMENTO IMOBILIÁRIO - FII,FII,FECHADO,GERAL,XP VISTA ASSET MANAGMENT LTDA.,16.789.525/0001-98,OLIVEIRA TRUST DTVM S.A.,36.113.876/0001-91,2024-12-31
12905,22691 - XP SELECTION FII,30.983.020/0001-90,06/08/2024,Fundos de Investimentos Imobiliário,-,XP INVESTIMENTOS CCTVM S.A.,XP VISTA ASSET MANAGEMENT LTDA.,357958828.37,8.26653898,Renda Variável,AIEC11,FII AUTONOMYCI,2099-12-01 00:00:00,78696.0,4245649.2,1.1860719343989845,2024-08-06,30.983.020/0001-90,XP SELECTION FUNDO DE FUNDOS DE INVESTIMENTO IMOBILIÁRIO - FII,XP SELECTION FUNDO DE FUNDOS DE INVESTIMENTO IMOBILIÁRIO - FII,FII,FECHADO,GERAL,XP VISTA ASSET MANAGMENT LTDA.,16.789.525/0001-98,OLIVEIRA TRUST DTVM S.A.,36.113.876/0001-91,2024-12-31
12906,22691 - XP SELECTION FII,30.983.020/0001-90,06/08/2024,Fundos de Investimentos Imobiliário,-,XP INVESTIMENTOS CCTVM S.A.,XP VISTA ASSET MANAGEMENT LTDA.,357958828.37,8.26653898,Renda Variável,MXRF13,FII MAX RENCI,2099-12-01 00:00:00,1000.0,10020.0,0.002799204602838554,2024-08-06,30.983.020/0001-90,XP SELECTION FUNDO DE FUNDOS DE INVESTIMENTO IMOBILIÁRIO - FII,XP SELECTION FUNDO DE FUNDOS DE INVESTIMENTO IMOBILIÁRIO - FII,FII,FECHADO,GERAL,XP VISTA ASSET MANAGMENT LTDA.,16.789.525/0001-98,OLIVEIRA TRUST DTVM S.A.,36.113.876/0001-91,2024-12-31
12907,22691 - XP SELECTION FII,30.983.020/0001-90,06/08/2024,Fundos de Investimentos Imobiliário,-,XP INVESTIMENTOS CCTVM S.A.,XP VISTA ASSET MANAGEMENT LTDA.,357958828.37,8.26653898,Renda Variável,BCFF11,FII BC FFII CI,2099-12-01 00:00:00,14023.0,114988.6,0.03212341500937738,2024-08-06,30.983.020/0001-90,XP SELECTION FUNDO DE FUNDOS DE INVESTIMENTO IMOBILIÁRIO - FII,XP SELECTION FUNDO DE FUNDOS DE INVESTIMENTO IMOBILIÁRIO - FII,FII,FECHADO,GERAL,XP VISTA ASSET MANAGMENT LTDA.,16.789.525/0001-98,OLIVEIRA TRUST DTVM S.A.,36.113.876/0001-91,2024-12-31
12908,22691 - XP SELECTION FII,30.983.020/0001-90,06/08/2024,Fundos de Investimentos Imobiliário,-,XP INVESTIMENTOS CCTVM S.A.,XP VISTA ASSET MANAGEMENT LTDA.,357958828.37,8.26653898,Renda Variável,JSRE11,FII JS REAL CI,2099-12-01 00:00:00,15718.0,1023241.8,0.28585460642483107,2024-08-06,30.983.020/0001-90,XP SELECTION FUNDO DE FUNDOS DE INVESTIMENTO IMOBILIÁRIO - FII,XP SELECTION FUNDO DE FUNDOS DE INVESTIMENTO IMOBILIÁRIO - FII,FII,FECHADO,GERAL,XP VISTA ASSET MANAGMENT LTDA.,16.789.525/0001-98,OLIVEIRA TRUST DTVM S.A.,36.113.876/0001-91,2024-12-31
12909,22691 - XP SELECTION FII,30.983.020/0001-90,06/08/2024,Fundos de Investimentos Imobiliário,-,XP INVESTIMENTOS CCTVM S.A.,XP VISTA ASSET MANAGEMENT LTDA.,357958828.37,8.26653898,Renda Variável,HSAF11,FII HSI CRI CI,2099-12-01 00:00:00,14196.0,1181817.0,0.3301544497118614,2024-08-06,30.983.020/0001-90,XP SELECTION FUNDO DE FUNDOS DE INVESTIMENTO IMOBILIÁRIO - FII,XP SELECTION FUNDO DE FUNDOS DE INVESTIMENTO IMOBILIÁRIO - FII,FII,FECHADO,GERAL,XP VISTA ASSET MANAGMENT LTDA.,16.789.525/0001-98,OLIVEIRA TRUST DTVM S.A.,36.113.876/0001-91,2024-12-31
12910,22691 - XP SELECTION FII,30.983.020/0001-90,06/08/2024,Fundos de Investimentos Imobiliário,-,XP INVESTIMENTOS CCTVM S.A.,XP VISTA ASSET MANAGEMENT LTDA.,357958828.37,8.26653898,Renda Variável,PATL11,FII PATR LOGCI,2099-12-01 00:00:00,43014.0,2613530.64,0.7301204587971649,2024-08-06,30.983.020/0001-90,XP SELECTION FUNDO DE FUNDOS DE INVESTIMENTO IMOBILIÁRIO - FII,XP SELECTION FUNDO DE FUNDOS DE INVESTIMENTO IMOBILIÁRIO - FII,FII,FECHADO,GERAL,XP VISTA ASSET MANAGMENT LTDA.,16.789.525/0001-98,OLIVEIRA TRUST DTVM S.A.,36.113.876/0001-91,2024-12-31
12911,22691 - XP SELECTION FII,30.983.020/0001-90,06/08/2024,Fundos de Investimentos Imobiliário,-,XP INVESTIMENTOS CCTVM S.A.,XP VISTA ASSET MANAGEMENT LTDA.,357958828.37,8.26653898,Renda Variável,TRXF11,FII TRX REALCI,2099-12-01 00:00:00,48615.0,5121104.1,1.430640535762015,2024-08-06,30.983.020/0001-90,XP SELECTION FUNDO DE FUNDOS DE INVESTIMENTO IMOBILIÁRIO - FII,XP SELECTION FUNDO DE FUNDOS DE INVESTIMENTO IMOBILIÁRIO - FII,FII,FECHADO,GERAL,XP VISTA ASSET MANAGMENT LTDA.,16.789.525/0001-98,OLIVEIRA TRUST DTVM S.A.,36.113.876/0001-91,2024-12-31
12912,22691 - XP SELECTION FII,30.983.020/0001-90,06/08/2024,Fundos de Investimentos Imobiliário,-,XP INVESTIMENTOS CCTVM S.A.,XP VISTA ASSET MANAGEMENT LTDA.,357958828.37,8.26653898,Renda Variável,PVBI11,FII VBI PRI CI,2099-12-01 00:00:00,104433.0,9663185.49,2.699524281605861,2024-08-06,30.983.020/0001-90,XP SELECTION FUNDO DE FUNDOS DE INVESTIMENTO IMOBILIÁRIO - FII,XP SELECTION FUNDO DE FUNDOS DE INVESTIMENTO IMOBILIÁRIO - FII,FII,FECHADO,GERAL,XP VISTA ASSET MANAGMENT LTDA.,16.789.525/0001-98,OLIVEIRA TRUST DTVM S.A.,36.113.876/0001-91,2024-12-31
12913,22691 - XP SELECTION FII,30.983.020/0001-90,06/08/2024,Fundos de Investimentos Imobiliário,-,XP INVESTIMENTOS CCTVM S.A.,XP VISTA ASSET MANAGEMENT LTDA.,357958828.37,8.26653898,Renda Variável,XPLG11,FII XP LOG  CI,2099-12-01 00:00:00,148215.0,15000840.15,4.190660757916706,2024-08-06,30.983.020/0001-90,XP SELECTION FUNDO DE FUNDOS DE INVESTIMENTO IMOBILIÁRIO - FII,XP SELECTION FUNDO DE FUNDOS DE INVESTIMENTO IMOBILIÁRIO - FII,FII,FECHADO,GERAL,XP VISTA ASSET MANAGMENT LTDA.,16.789.525/0001-98,OLIVEIRA TRUST DTVM S.A.,36.113.876/0001-91,2024-12-31
12914,22691 - XP SELECTION FII,30.983.020/0001-90,06/08/2024,Fundos de Investimentos Imobiliário,-,XP INVESTIMENTOS CCTVM S.A.,XP VISTA ASSET MANAGEMENT LTDA.,357958828.37,8.26653898,Renda Variável,XPML11,FII XP MALLSCI  ER,2099-12-01 00:00:00,149023.0,16690576.0,4.662708299723223,2024-08-06,30.983.020/0001-90,XP SELECTION FUNDO DE FUNDOS DE INVESTIMENTO IMOBILIÁRIO - FII,XP SELECTION FUNDO DE FUNDOS DE INVESTIMENTO IMOBILIÁRIO - FII,FII,FECHADO,GERAL,XP VISTA ASSET MANAGMENT LTDA.,16.789.525/0001-98,OLIVEIRA TRUST DTVM S.A.,36.113.876/0001-91,2024-12-31
12915,22691 - XP SELECTION FII,30.983.020/0001-90,06/08/2024,Fundos de Investimentos Imobiliário,-,XP INVESTIMENTOS CCTVM S.A.,XP VISTA ASSET MANAGEMENT LTDA.,357958828.37,8.26653898,Renda Variável,MXRF11,FII MAXI RENCI,2099-12-01 00:00:00,945006.0,9468960.12,2.6452651449100504,2024-08-06,30.983.020/0001-90,XP SELECTION FUNDO DE FUNDOS DE INVESTIMENTO IMOBILIÁRIO - FII,XP SELECTION FUNDO DE FUNDOS DE INVESTIMENTO IMOBILIÁRIO - FII,FII,FECHADO,GERAL,XP VISTA ASSET MANAGMENT LTDA.,16.789.525/0001-98,OLIVEIRA TRUST DTVM S.A.,36.113.876/0001-91,2024-12-31
12916,22691 - XP SELECTION FII,30.983.020/0001-90,06/08/2024,Fundos de Investimentos Imobiliário,-,XP INVESTIMENTOS CCTVM S.A.,XP VISTA ASSET MANAGEMENT LTDA.,357958828.37,8.26653898,Renda Variável,LPLP11,FII LAGO PDRCI,2099-12-01 00:00:00,33769.0,14754679.2,4.121892807389847,2024-08-06,30.983.020/0001-90,XP SELECTION FUNDO DE FUNDOS DE INVESTIMENTO IMOBILIÁRIO - FII,XP SELECTION FUNDO DE FUNDOS DE INVESTIMENTO IMOBILIÁRIO - FII,FII,FECHADO,GERAL,XP VISTA ASSET MANAGMENT LTDA.,16.789.525/0001-98,OLIVEIRA TRUST DTVM S.A.,36.113.876/0001-91,2024-12-31
12917,22691 - XP SELECTION FII,30.983.020/0001-90,06/08/2024,Fundos de Investimentos Imobiliário,-,XP INVESTIMENTOS CCTVM S.A.,XP VISTA ASSET MANAGEMENT LTDA.,357958828.37,8.26653898,Renda Variável,MXRF15,FII MAXI RENCI,2099-12-01 00:00:00,845000.0,8466900.0,2.365327889398578,2024-08-06,30.983.020/0001-90,XP SELECTION FUNDO DE FUNDOS DE INVESTIMENTO IMOBILIÁRIO - FII,XP SELECTION FUNDO DE FUNDOS DE INVESTIMENTO IMOBILIÁRIO - FII,FII,FECHADO,GERAL,XP VISTA ASSET MANAGMENT LTDA.,16.789.525/0001-98,OLIVEIRA TRUST DTVM S.A.,36.113.876/0001-91,2024-12-31
12918,22691 - XP SELECTION FII,30.983.020/0001-90,06/08/2024,Fundos de Investimentos Imobiliário,-,XP INVESTIMENTOS CCTVM S.A.,XP VISTA ASSET MANAGEMENT LTDA.,357958828.37,8.26653898,Renda Variável,RBRL11,FII RBR LOG CI,2099-12-01 00:00:00,225968.0,18518077.6,5.173242320722707,2024-08-06,30.983.020/0001-90,XP SELECTION FUNDO DE FUNDOS DE INVESTIMENTO IMOBILIÁRIO - FII,XP SELECTION FUNDO DE FUNDOS DE INVESTIMENTO IMOBILIÁRIO - FII,FII,FECHADO,GERAL,XP VISTA ASSET MANAGMENT LTDA.,16.789.525/0001-98,OLIVEIRA TRUST DTVM S.A.,36.113.876/0001-91,2024-12-31
12919,22691 - XP SELECTION FII,30.983.020/0001-90,06/08/2024,Fundos de Investimentos Imobiliário,-,XP INVESTIMENTOS CCTVM S.A.,XP VISTA ASSET MANAGEMENT LTDA.,357958828.37,8.26653898,Renda Variável,XPPR11,FII XP PROP CI,2099-12-01 00:00:00,109593.0,2082267.0,0.5817057256226374,2024-08-06,30.983.020/0001-90,XP SELECTION FUNDO DE FUNDOS DE INVESTIMENTO IMOBILIÁRIO - FII,XP SELECTION FUNDO DE FUNDOS DE INVESTIMENTO IMOBILIÁRIO - FII,FII,FECHADO,GERAL,XP VISTA ASSET MANAGMENT LTDA.,16.789.525/0001-98,OLIVEIRA TRUST DTVM S.A.,36.113.876/0001-91,2024-12-31
12920,22691 - XP SELECTION FII,30.983.020/0001-90,06/08/2024,Fundos de Investimentos Imobiliário,-,XP INVESTIMENTOS CCTVM S.A.,XP VISTA ASSET MANAGEMENT LTDA.,357958828.37,8.26653898,Renda Variável,XPCI11,FII XP CRED CI,2099-12-01 00:00:00,115596.0,9929696.4,2.7739772323023373,2024-08-06,30.983.020/0001-90,XP SELECTION FUNDO DE FUNDOS DE INVESTIMENTO IMOBILIÁRIO - FII,XP SELECTION FUNDO DE FUNDOS DE INVESTIMENTO IMOBILIÁRIO - FII,FII,FECHADO,GERAL,XP VISTA ASSET MANAGMENT LTDA.,16.789.525/0001-98,OLIVEIRA TRUST DTVM S.A.,36.113.876/0001-91,2024-12-31
12921,22691 - XP SELECTION FII,30.983.020/0001-90,06/08/2024,Fundos de Investimentos Imobiliário,-,XP INVESTIMENTOS CCTVM S.A.,XP VISTA ASSET MANAGEMENT LTDA.,357958828.37,8.26653898,Renda Variável,KNCR21,FII KINEA RICI,2099-12-01 00:00:00,70000.0,7294700.0,2.0378600615096207,2024-08-06,30.983.020/0001-90,XP SELECTION FUNDO DE FUNDOS DE INVESTIMENTO IMOBILIÁRIO - FII,XP SELECTION FUNDO DE FUNDOS DE INVESTIMENTO IMOBILIÁRIO - FII,FII,FECHADO,GERAL,XP VISTA ASSET MANAGMENT LTDA.,16.789.525/0001-98,OLIVEIRA TRUST DTVM S.A.,36.113.876/0001-91,2024-12-31
12922,22691 - XP SELECTION FII,30.983.020/0001-90,06/08/2024,Fundos de Investimentos Imobiliário,-,XP INVESTIMENTOS CCTVM S.A.,XP VISTA ASSET MANAGEMENT LTDA.,357958828.37,8.26653898,Renda Variável,GTWR11,FII G TOWERSCI,2099-12-01 00:00:00,58419.0,4759395.93,1.3295931131723633,2024-08-06,30.983.020/0001-90,XP SELECTION FUNDO DE FUNDOS DE INVESTIMENTO IMOBILIÁRIO - FII,XP SELECTION FUNDO DE FUNDOS DE INVESTIMENTO IMOBILIÁRIO - FII,FII,FECHADO,GERAL,XP VISTA ASSET MANAGMENT LTDA.,16.789.525/0001-98,OLIVEIRA TRUST DTVM S.A.,36.113.876/0001-91,2024-12-31
12923,22691 - XP SELECTION FII,30.983.020/0001-90,06/08/2024,Fundos de Investimentos Imobiliário,-,XP INVESTIMENTOS CCTVM S.A.,XP VISTA ASSET MANAGEMENT LTDA.,357958828.37,8.26653898,Renda Variável,JFLL11,FII JFL LIV CI,2099-12-01 00:00:00,20230.0,1455953.1,0.40673758673024574,2024-08-06,30.983.020/0001-90,XP SELECTION FUNDO DE FUNDOS DE INVESTIMENTO IMOBILIÁRIO - FII,XP SELECTION FUNDO DE FUNDOS DE INVESTIMENTO IMOBILIÁRIO - FII,FII,FECHADO,GERAL,XP VISTA ASSET MANAGMENT LTDA.,16.789.525/0001-98,OLIVEIRA TRUST DTVM S.A.,36.113.876/0001-91,2024-12-31
12924,22691 - XP SELECTION FII,30.983.020/0001-90,06/08/2024,Fundos de Investimentos Imobiliário,-,XP INVESTIMENTOS CCTVM S.A.,XP VISTA ASSET MANAGEMENT LTDA.,357958828.37,8.26653898,Renda Variável,HGBS11,FII HEDGEBS CI,2099-12-01 00:00:00,33929.0,7247573.69,2.024694773698563,2024-08-06,30.983.020/0001-90,XP SELECTION FUNDO DE FUNDOS DE INVESTIMENTO IMOBILIÁRIO - FII,XP SELECTION FUNDO DE FUNDOS DE INVESTIMENTO IMOBILIÁRIO - FII,FII,FECHADO,GERAL,XP VISTA ASSET MANAGMENT LTDA.,16.789.525/0001-98,OLIVEIRA TRUST DTVM S.A.,36.113.876/0001-91,2024-12-31
12925,22691 - XP SELECTION FII,30.983.020/0001-90,06/08/2024,Fundos de Investimentos Imobiliário,-,XP INVESTIMENTOS CCTVM S.A.,XP VISTA ASSET MANAGEMENT LTDA.,357958828.37,8.26653898,Renda Variável,BRCO11,FII BRESCO  CI,2099-12-01 00:00:00,17891.0,2003792.0,0.5597828133264543,2024-08-06,30.983.020/0001-90,XP SELECTION FUNDO DE FUNDOS DE INVESTIMENTO IMOBILIÁRIO - FII,XP SELECTION FUNDO DE FUNDOS DE INVESTIMENTO IMOBILIÁRIO - FII,FII,FECHADO,GERAL,XP VISTA ASSET MANAGMENT LTDA.,16.789.525/0001-98,OLIVEIRA TRUST DTVM S.A.,36.113.876/0001-91,2024-12-31
12926,22691 - XP SELECTION FII,30.983.020/0001-90,06/08/2024,Fundos de Investimentos Imobiliário,-,XP INVESTIMENTOS CCTVM S.A.,XP VISTA ASSET MANAGEMENT LTDA.,357958828.37,8.26653898,Renda Variável,CPTS11,FII CAPI SECCI,2099-12-01 00:00:00,2772272.0,22677184.96,6.335137776392538,2024-08-06,30.983.020/0001-90,XP SELECTION FUNDO DE FUNDOS DE INVESTIMENTO IMOBILIÁRIO - FII,XP SELECTION FUNDO DE FUNDOS DE INVESTIMENTO IMOBILIÁRIO - FII,FII,FECHADO,GERAL,XP VISTA ASSET MANAGMENT LTDA.,16.789.525/0001-98,OLIVEIRA TRUST DTVM S.A.,36.113.876/0001-91,2024-12-31
12927,22691 - XP SELECTION FII,30.983.020/0001-90,06/08/2024,Fundos de Investimentos Imobiliário,-,XP INVESTIMENTOS CCTVM S.A.,XP VISTA ASSET MANAGEMENT LTDA.,357958828.37,8.26653898,Renda Variável,VVMR11,FII MULT RENCI,2099-12-01 00:00:00,207071.0,18632248.58,5.205137323988833,2024-08-06,30.983.020/0001-90,XP SELECTION FUNDO DE FUNDOS DE INVESTIMENTO IMOBILIÁRIO - FII,XP SELECTION FUNDO DE FUNDOS DE INVESTIMENTO IMOBILIÁRIO - FII,FII,FECHADO,GERAL,XP VISTA ASSET MANAGMENT LTDA.,16.789.525/0001-98,OLIVEIRA TRUST DTVM S.A.,36.113.876/0001-91,2024-12-31
12928,22691 - XP SELECTION FII,30.983.020/0001-90,06/08/2024,Fundos de Investimentos Imobiliário,-,XP INVESTIMENTOS CCTVM S.A.,XP VISTA ASSET MANAGEMENT LTDA.,357958828.37,8.26653898,Renda Variável,VINO11,FII VINCI OFCI,2099-12-01 00:00:00,1010325.0,6082156.5,1.6991218033916595,2024-08-06,30.983.020/0001-90,XP SELECTION FUNDO DE FUNDOS DE INVESTIMENTO IMOBILIÁRIO - FII,XP SELECTION FUNDO DE FUNDOS DE INVESTIMENTO IMOBILIÁRIO - FII,FII,FECHADO,GERAL,XP VISTA ASSET MANAGMENT LTDA.,16.789.525/0001-98,OLIVEIRA TRUST DTVM S.A.,36.113.876/0001-91,2024-12-31
12933,32781 - TG REAL ESTATE FII,44.625.562/0001-04,06/08/2024,Fundos de Investimentos Imobiliário,BR0B4QCTF006,XP INVESTIMENTOS CCTVM S.A.,TG CORE ASSET LTDA,1363658434.8,9.53026477,Renda Variável,RBHG11,FII RBCRI IVCI,2099-12-01 00:00:00,22054.0,1847684.12,0.13549464241542197,2024-08-06,44.625.562/0001-04,FUNDO DE INVESTIMENTO IMOBILIARIO TG REAL ESTATE,FUNDO DE INVESTIMENTO IMOBILIARIO TG REAL ESTATE,FII,FECHADO,QUALIFICADO,TG CORE ASSET LTDA,13.194.316/0001-03,OLIVEIRA TRUST DTVM S.A.,36.113.876/0001-91,2024-12-31
12934,32781 - TG REAL ESTATE FII,44.625.562/0001-04,06/08/2024,Fundos de Investimentos Imobiliário,BR0B4QCTF006,XP INVESTIMENTOS CCTVM S.A.,TG CORE ASSET LTDA,1363658434.8,9.53026477,Renda Variável,LSPA11,FII LESTE PACI  ER,2099-12-01 00:00:00,28177.0,1775432.77,0.13019629583858314,2024-08-06,44.625.562/0001-04,FUNDO DE INVESTIMENTO IMOBILIARIO TG REAL ESTATE,FUNDO DE INVESTIMENTO IMOBILIARIO TG REAL ESTATE,FII,FECHADO,QUALIFICADO,TG CORE ASSET LTDA,13.194.316/0001-03,OLIVEIRA TRUST DTVM S.A.,36.113.876/0001-91,2024-12-31
12935,32781 - TG REAL ESTATE FII,44.625.562/0001-04,06/08/2024,Fundos de Investimentos Imobiliário,BR0B4QCTF006,XP INVESTIMENTOS CCTVM S.A.,TG CORE ASSET LTDA,1363658434.8,9.53026477,Renda Variável,HABT11,FII HABIT IICI,2099-12-01 00:00:00,38308.0,3340457.6,0.24496292581433168,2024-08-06,44.625.562/0001-04,FUNDO DE INVESTIMENTO IMOBILIARIO TG REAL ESTATE,FUNDO DE INVESTIMENTO IMOBILIARIO TG REAL ESTATE,FII,FECHADO,QUALIFICADO,TG CORE ASSET LTDA,13.194.316/0001-03,OLIVEIRA TRUST DTVM S.A.,36.113.876/0001-91,2024-12-31
12936,32781 - TG REAL ESTATE FII,44.625.562/0001-04,06/08/2024,Fundos de Investimentos Imobiliário,BR0B4QCTF006,XP INVESTIMENTOS CCTVM S.A.,TG CORE ASSET LTDA,1363658434.8,9.53026477,Renda Variável,SNME11,FII SNME    CI,2099-12-01 00:00:00,743929.0,7230989.88,0.5302640086012835,2024-08-06,44.625.562/0001-04,FUNDO DE INVESTIMENTO IMOBILIARIO TG REAL ESTATE,FUNDO DE INVESTIMENTO IMOBILIARIO TG REAL ESTATE,FII,FECHADO,QUALIFICADO,TG CORE ASSET LTDA,13.194.316/0001-03,OLIVEIRA TRUST DTVM S.A.,36.113.876/0001-91,2024-12-31
12937,32781 - TG REAL ESTATE FII,44.625.562/0001-04,06/08/2024,Fundos de Investimentos Imobiliário,BR0B4QCTF006,XP INVESTIMENTOS CCTVM S.A.,TG CORE ASSET LTDA,1363658434.8,9.53026477,Renda Variável,RZTR11,FII RIZA TX CI,2099-12-01 00:00:00,70627.0,6597974.34,0.4838436203394061,2024-08-06,44.625.562/0001-04,FUNDO DE INVESTIMENTO IMOBILIARIO TG REAL ESTATE,FUNDO DE INVESTIMENTO IMOBILIARIO TG REAL ESTATE,FII,FECHADO,QUALIFICADO,TG CORE ASSET LTDA,13.194.316/0001-03,OLIVEIRA TRUST DTVM S.A.,36.113.876/0001-91,2024-12-31
12938,32781 - TG REAL ESTATE FII,44.625.562/0001-04,06/08/2024,Fundos de Investimentos Imobiliário,BR0B4QCTF006,XP INVESTIMENTOS CCTVM S.A.,TG CORE ASSET LTDA,1363658434.8,9.53026477,Renda Variável,DAMA11,FII DAMA    CI,2099-12-01 00:00:00,946322.0,9510536.1,0.6974280257647405,2024-08-06,44.625.562/0001-04,FUNDO DE INVESTIMENTO IMOBILIARIO TG REAL ESTATE,FUNDO DE INVESTIMENTO IMOBILIARIO TG REAL ESTATE,FII,FECHADO,QUALIFICADO,TG CORE ASSET LTDA,13.194.316/0001-03,OLIVEIRA TRUST DTVM S.A.,36.113.876/0001-91,2024-12-31
12939,32781 - TG REAL ESTATE FII,44.625.562/0001-04,06/08/2024,Fundos de Investimentos Imobiliário,BR0B4QCTF006,XP INVESTIMENTOS CCTVM S.A.,TG CORE ASSET LTDA,1363658434.8,9.53026477,Renda Variável,EQIR11,FII EQI RECECI  ER,2099-12-01 00:00:00,494149.0,4447341.0,0.3261330613668126,2024-08-06,44.625.562/0001-04,FUNDO DE INVESTIMENTO IMOBILIARIO TG REAL ESTATE,FUNDO DE INVESTIMENTO IMOBILIARIO TG REAL ESTATE,FII,FECHADO,QUALIFICADO,TG CORE ASSET LTDA,13.194.316/0001-03,OLIVEIRA TRUST DTVM S.A.,36.113.876/0001-91,2024-12-31
12940,32781 - TG REAL ESTATE FII,44.625.562/0001-04,06/08/2024,Fundos de Investimentos Imobiliário,BR0B4QCTF006,XP INVESTIMENTOS CCTVM S.A.,TG CORE ASSET LTDA,1363658434.8,9.53026477,Renda Variável,VGRI11,FII VGRI    CI,2099-12-01 00:00:00,740218.0,6735983.8,0.4939641502666999,2024-08-06,44.625.562/0001-04,FUNDO DE INVESTIMENTO IMOBILIARIO TG REAL ESTATE,FUNDO DE INVESTIMENTO IMOBILIARIO TG REAL ESTATE,FII,FECHADO,QUALIFICADO,TG CORE ASSET LTDA,13.194.316/0001-03,OLIVEIRA TRUST DTVM S.A.,36.113.876/0001-91,2024-12-31
12941,32781 - TG REAL ESTATE FII,44.625.562/0001-04,06/08/2024,Fundos de Investimentos Imobiliário,BR0B4QCTF006,XP INVESTIMENTOS CCTVM S.A.,TG CORE ASSET LTDA,1363658434.8,9.53026477,Renda Variável,HGIC11,FII HGI CRI CI,2099-12-01 00:00:00,354891.0,33718193.91,2.4726275326376177,2024-08-06,44.625.562/0001-04,FUNDO DE INVESTIMENTO IMOBILIARIO TG REAL ESTATE,FUNDO DE INVESTIMENTO IMOBILIARIO TG REAL ESTATE,FII,FECHADO,QUALIFICADO,TG CORE ASSET LTDA,13.194.316/0001-03,OLIVEIRA TRUST DTVM S.A.,36.113.876/0001-91,2024-12-31
12942,32781 - TG REAL ESTATE FII,44.625.562/0001-04,06/08/2024,Fundos de Investimentos Imobiliário,BR0B4QCTF006,XP INVESTIMENTOS CCTVM S.A.,TG CORE ASSET LTDA,1363658434.8,9.53026477,Renda Variável,ARXD11,FII ARXD R  CI,2099-12-01 00:00:00,61231.0,6025130.4,0.44183574465871817,2024-08-06,44.625.562/0001-04,FUNDO DE INVESTIMENTO IMOBILIARIO TG REAL ESTATE,FUNDO DE INVESTIMENTO IMOBILIARIO TG REAL ESTATE,FII,FECHADO,QUALIFICADO,TG CORE ASSET LTDA,13.194.316/0001-03,OLIVEIRA TRUST DTVM S.A.,36.113.876/0001-91,2024-12-31
12943,32781 - TG REAL ESTATE FII,44.625.562/0001-04,06/08/2024,Fundos de Investimentos Imobiliário,BR0B4QCTF006,XP INVESTIMENTOS CCTVM S.A.,TG CORE ASSET LTDA,1363658434.8,9.53026477,Renda Variável,KIVO11,FII KIVO    CI,2099-12-01 00:00:00,29715.0,2400972.0,0.17606843024090096,2024-08-06,44.625.562/0001-04,FUNDO DE INVESTIMENTO IMOBILIARIO TG REAL ESTATE,FUNDO DE INVESTIMENTO IMOBILIARIO TG REAL ESTATE,FII,FECHADO,QUALIFICADO,TG CORE ASSET LTDA,13.194.316/0001-03,OLIVEIRA TRUST DTVM S.A.,36.113.876/0001-91,2024-12-31
12944,32781 - TG REAL ESTATE FII,44.625.562/0001-04,06/08/2024,Fundos de Investimentos Imobiliário,BR0B4QCTF006,XP INVESTIMENTOS CCTVM S.A.,TG CORE ASSET LTDA,1363658434.8,9.53026477,Renda Variável,MANA11,FII MANATI  CI,2099-12-01 00:00:00,877123.0,8244956.2,0.6046203352388049,2024-08-06,44.625.562/0001-04,FUNDO DE INVESTIMENTO IMOBILIARIO TG REAL ESTATE,FUNDO DE INVESTIMENTO IMOBILIARIO TG REAL ESTATE,FII,FECHADO,QUALIFICADO,TG CORE ASSET LTDA,13.194.316/0001-03,OLIVEIRA TRUST DTVM S.A.,36.113.876/0001-91,2024-12-31
12945,32781 - TG REAL ESTATE FII,44.625.562/0001-04,06/08/2024,Fundos de Investimentos Imobiliário,BR0B4QCTF006,XP INVESTIMENTOS CCTVM S.A.,TG CORE ASSET LTDA,1363658434.8,9.53026477,Renda Variável,MANA15,FII MANATI CI,2099-12-01 00:00:00,101320.0,952408.0,0.06984212290225626,2024-08-06,44.625.562/0001-04,FUNDO DE INVESTIMENTO IMOBILIARIO TG REAL ESTATE,FUNDO DE INVESTIMENTO IMOBILIARIO TG REAL ESTATE,FII,FECHADO,QUALIFICADO,TG CORE ASSET LTDA,13.194.316/0001-03,OLIVEIRA TRUST DTVM S.A.,36.113.876/0001-91,2024-12-31
12946,32781 - TG REAL ESTATE FII,44.625.562/0001-04,06/08/2024,Fundos de Investimentos Imobiliário,BR0B4QCTF006,XP INVESTIMENTOS CCTVM S.A.,TG CORE ASSET LTDA,1363658434.8,9.53026477,Renda Variável,RBRX11,FII RBR MULTCI,2099-12-01 00:00:00,5047.0,45978.17,0.0033716778943066747,2024-08-06,44.625.562/0001-04,FUNDO DE INVESTIMENTO IMOBILIARIO TG REAL ESTATE,FUNDO DE INVESTIMENTO IMOBILIARIO TG REAL ESTATE,FII,FECHADO,QUALIFICADO,TG CORE ASSET LTDA,13.194.316/0001-03,OLIVEIRA TRUST DTVM S.A.,36.113.876/0001-91,2024-12-31
12947,32781 - TG REAL ESTATE FII,44.625.562/0001-04,06/08/2024,Fundos de Investimentos Imobiliário,BR0B4QCTF006,XP INVESTIMENTOS CCTVM S.A.,TG CORE ASSET LTDA,1363658434.8,9.53026477,Renda Variável,RBRY11,FII RBR PCRICI,2099-12-01 00:00:00,52548.0,5075611.32,0.3722054724608814,2024-08-06,44.625.562/0001-04,FUNDO DE INVESTIMENTO IMOBILIARIO TG REAL ESTATE,FUNDO DE INVESTIMENTO IMOBILIARIO TG REAL ESTATE,FII,FECHADO,QUALIFICADO,TG CORE ASSET LTDA,13.194.316/0001-03,OLIVEIRA TRUST DTVM S.A.,36.113.876/0001-91,2024-12-31
12948,32781 - TG REAL ESTATE FII,44.625.562/0001-04,06/08/2024,Fundos de Investimentos Imobiliário,BR0B4QCTF006,XP INVESTIMENTOS CCTVM S.A.,TG CORE ASSET LTDA,1363658434.8,9.53026477,Renda Variável,TGRE LAND,TGLT,2099-12-01 00:00:00,50000000.0,41285976.97,3.0275893080260365,2024-08-06,44.625.562/0001-04,FUNDO DE INVESTIMENTO IMOBILIARIO TG REAL ESTATE,FUNDO DE INVESTIMENTO IMOBILIARIO TG REAL ESTATE,FII,FECHADO,QUALIFICADO,TG CORE ASSET LTDA,13.194.316/0001-03,OLIVEIRA TRUST DTVM S.A.,36.113.876/0001-91,2024-12-31
12949,32781 - TG REAL ESTATE FII,44.625.562/0001-04,06/08/2024,Fundos de Investimentos Imobiliário,BR0B4QCTF006,XP INVESTIMENTOS CCTVM S.A.,TG CORE ASSET LTDA,1363658434.8,9.53026477,Renda Variável,TGRE INCORPORACOES,TGLT,2099-12-01 00:00:00,260000000.0,256311155.81,18.795847205505805,2024-08-06,44.625.562/0001-04,FUNDO DE INVESTIMENTO IMOBILIARIO TG REAL ESTATE,FUNDO DE INVESTIMENTO IMOBILIARIO TG REAL ESTATE,FII,FECHADO,QUALIFICADO,TG CORE ASSET LTDA,13.194.316/0001-03,OLIVEIRA TRUST DTVM S.A.,36.113.876/0001-91,2024-12-31
12950,32781 - TG REAL ESTATE FII,44.625.562/0001-04,06/08/2024,Fundos de Investimentos Imobiliário,BR0B4QCTF006,XP INVESTIMENTOS CCTVM S.A.,TG CORE ASSET LTDA,1363658434.8,9.53026477,Renda Variável,TGRE LOTEAMENTOS,TGLT,2099-12-01 00:00:00,620000000.0,617577868.38,45.28831066634195,2024-08-06,44.625.562/0001-04,FUNDO DE INVESTIMENTO IMOBILIARIO TG REAL ESTATE,FUNDO DE INVESTIMENTO IMOBILIARIO TG REAL ESTATE,FII,FECHADO,QUALIFICADO,TG CORE ASSET LTDA,13.194.316/0001-03,OLIVEIRA TRUST DTVM S.A.,36.113.876/0001-91,2024-12-31
12951,32781 - TG REAL ESTATE FII,44.625.562/0001-04,06/08/2024,Fundos de Investimentos Imobiliário,BR0B4QCTF006,XP INVESTIMENTOS CCTVM S.A.,TG CORE ASSET LTDA,1363658434.8,9.53026477,Renda Variável,TGRE MALL,TGLT,2099-12-01 00:00:00,59139225.0,53580458.59,3.92917003427316,2024-08-06,44.625.562/0001-04,FUNDO DE INVESTIMENTO IMOBILIARIO TG REAL ESTATE,FUNDO DE INVESTIMENTO IMOBILIARIO TG REAL ESTATE,FII,FECHADO,QUALIFICADO,TG CORE ASSET LTDA,13.194.316/0001-03,OLIVEIRA TRUST DTVM S.A.,36.113.876/0001-91,2024-12-31
12952,32781 - TG REAL ESTATE FII,44.625.562/0001-04,06/08/2024,Fundos de Investimentos Imobiliário,BR0B4QCTF006,XP INVESTIMENTOS CCTVM S.A.,TG CORE ASSET LTDA,1363658434.8,9.53026477,Renda Variável,TGRE SHARE,TGLT,2099-12-01 00:00:00,100000000.0,100731000.0,7.386820440470025,2024-08-06,44.625.562/0001-04,FUNDO DE INVESTIMENTO IMOBILIARIO TG REAL ESTATE,FUNDO DE INVESTIMENTO IMOBILIARIO TG REAL ESTATE,FII,FECHADO,QUALIFICADO,TG CORE ASSET LTDA,13.194.316/0001-03,OLIVEIRA TRUST DTVM S.A.,36.113.876/0001-91,2024-12-31
13124,22691 - XP SELECTION FII,30.983.020/0001-90,06/08/2024,Fundos de Investimentos Imobiliário,-,XP INVESTIMENTOS CCTVM S.A.,XP VISTA ASSET MANAGEMENT LTDA.,357958828.37,8.26653898,Dinheiro,Caixa,n/a,2099-12-01 00:00:00,1.0,86.9,2.4276534928809415e-05,2024-08-06,30.983.020/0001-90,XP SELECTION FUNDO DE FUNDOS DE INVESTIMENTO IMOBILIÁRIO - FII,XP SELECTION FUNDO DE FUNDOS DE INVESTIMENTO IMOBILIÁRIO - FII,FII,FECHADO,GERAL,XP VISTA ASSET MANAGMENT LTDA.,16.789.525/0001-98,OLIVEIRA TRUST DTVM S.A.,36.113.876/0001-91,2024-12-31
13135,32781 - TG REAL ESTATE FII,44.625.562/0001-04,06/08/2024,Fundos de Investimentos Imobiliário,BR0B4QCTF006,XP INVESTIMENTOS CCTVM S.A.,TG CORE ASSET LTDA,1363658434.8,9.53026477,Dinheiro,Caixa,n/a,2099-12-01 00:00:00,1.0,374.5,2.746288883219688e-05,2024-08-06,44.625.562/0001-04,FUNDO DE INVESTIMENTO IMOBILIARIO TG REAL ESTATE,FUNDO DE INVESTIMENTO IMOBILIARIO TG REAL ESTATE,FII,FECHADO,QUALIFICADO,TG CORE ASSET LTDA,13.194.316/0001-03,OLIVEIRA TRUST DTVM S.A.,36.113.876/0001-91,2024-12-31
13217,22691 - XP SELECTION FII,30.983.020/0001-90,31/07/2024,Fundos de Investimentos Imobiliário,-,XP INVESTIMENTOS CCTVM S.A.,XP VISTA ASSET MANAGEMENT LTDA.,360707403.33,8.33001332,Renda Fixa | Definitiva,21K0938631,BARIGUI SECURITIZADORA S.A.,20/11/2024,2970.0,851056.7889321253,0.23594103727156385,2024-07-31,30.983.020/0001-90,XP SELECTION FUNDO DE FUNDOS DE INVESTIMENTO IMOBILIÁRIO - FII,XP SELECTION FUNDO DE FUNDOS DE INVESTIMENTO IMOBILIÁRIO - FII,FII,FECHADO,GERAL,XP VISTA ASSET MANAGMENT LTDA.,16.789.525/0001-98,OLIVEIRA TRUST DTVM S.A.,36.113.876/0001-91,2024-12-31
13218,22691 - XP SELECTION FII,30.983.020/0001-90,31/07/2024,Fundos de Investimentos Imobiliário,-,XP INVESTIMENTOS CCTVM S.A.,XP VISTA ASSET MANAGEMENT LTDA.,360707403.33,8.33001332,Renda Fixa | Definitiva,21K0938631,BARIGUI SECURITIZADORA S.A.,20/11/2024,10913.0,3127132.234887638,0.8669442894762883,2024-07-31,30.983.020/0001-90,XP SELECTION FUNDO DE FUNDOS DE INVESTIMENTO IMOBILIÁRIO - FII,XP SELECTION FUNDO DE FUNDOS DE INVESTIMENTO IMOBILIÁRIO - FII,FII,FECHADO,GERAL,XP VISTA ASSET MANAGMENT LTDA.,16.789.525/0001-98,OLIVEIRA TRUST DTVM S.A.,36.113.876/0001-91,2024-12-31
13276,32781 - TG REAL ESTATE FII,44.625.562/0001-04,31/07/2024,Fundos de Investimentos Imobiliário,BR0B4QCTF006,XP INVESTIMENTOS CCTVM S.A.,TG CORE ASSET LTDA,1362215590.41,9.52018109,Renda Fixa | Definitiva,21A0608480,VIRGO COMPANHIA DE SECURITIZAÇÃO,20/01/2026,3300.0,3612702.82592571,0.2652078607350513,2024-07-31,44.625.562/0001-04,FUNDO DE INVESTIMENTO IMOBILIARIO TG REAL ESTATE,FUNDO DE INVESTIMENTO IMOBILIARIO TG REAL ESTATE,FII,FECHADO,QUALIFICADO,TG CORE ASSET LTDA,13.194.316/0001-03,OLIVEIRA TRUST DTVM S.A.,36.113.876/0001-91,2024-12-31
13277,32781 - TG REAL ESTATE FII,44.625.562/0001-04,31/07/2024,Fundos de Investimentos Imobiliário,BR0B4QCTF006,XP INVESTIMENTOS CCTVM S.A.,TG CORE ASSET LTDA,1362215590.41,9.52018109,Renda Fixa | Definitiva,20D0995632,Forte Securitizadora SA,20/06/2029,3955.0,3068261.795260495,0.22524054319015743,2024-07-31,44.625.562/0001-04,FUNDO DE INVESTIMENTO IMOBILIARIO TG REAL ESTATE,FUNDO DE INVESTIMENTO IMOBILIARIO TG REAL ESTATE,FII,FECHADO,QUALIFICADO,TG CORE ASSET LTDA,13.194.316/0001-03,OLIVEIRA TRUST DTVM S.A.,36.113.876/0001-91,2024-12-31
13278,32781 - TG REAL ESTATE FII,44.625.562/0001-04,31/07/2024,Fundos de Investimentos Imobiliário,BR0B4QCTF006,XP INVESTIMENTOS CCTVM S.A.,TG CORE ASSET LTDA,1362215590.41,9.52018109,Renda Fixa | Definitiva,21C0528435,VIRGO COMPANHIA DE SECURITIZAÇÃO,20/01/2032,2571.0,1268565.186279863,0.09312514077878448,2024-07-31,44.625.562/0001-04,FUNDO DE INVESTIMENTO IMOBILIARIO TG REAL ESTATE,FUNDO DE INVESTIMENTO IMOBILIARIO TG REAL ESTATE,FII,FECHADO,QUALIFICADO,TG CORE ASSET LTDA,13.194.316/0001-03,OLIVEIRA TRUST DTVM S.A.,36.113.876/0001-91,2024-12-31
13279,32781 - TG REAL ESTATE FII,44.625.562/0001-04,31/07/2024,Fundos de Investimentos Imobiliário,BR0B4QCTF006,XP INVESTIMENTOS CCTVM S.A.,TG CORE ASSET LTDA,1362215590.41,9.52018109,Renda Fixa | Definitiva,21C0775913,VIRGO COMPANHIA DE SECURITIZAÇÃO,20/06/2026,2000.0,2383183.40422524,0.17494906246873512,2024-07-31,44.625.562/0001-04,FUNDO DE INVESTIMENTO IMOBILIARIO TG REAL ESTATE,FUNDO DE INVESTIMENTO IMOBILIARIO TG REAL ESTATE,FII,FECHADO,QUALIFICADO,TG CORE ASSET LTDA,13.194.316/0001-03,OLIVEIRA TRUST DTVM S.A.,36.113.876/0001-91,2024-12-31
13280,32781 - TG REAL ESTATE FII,44.625.562/0001-04,31/07/2024,Fundos de Investimentos Imobiliário,BR0B4QCTF006,XP INVESTIMENTOS CCTVM S.A.,TG CORE ASSET LTDA,1362215590.41,9.52018109,Renda Fixa | Definitiva,21C0775913,VIRGO COMPANHIA DE SECURITIZAÇÃO,20/06/2026,2200.0,2621501.744647764,0.19244396871560865,2024-07-31,44.625.562/0001-04,FUNDO DE INVESTIMENTO IMOBILIARIO TG REAL ESTATE,FUNDO DE INVESTIMENTO IMOBILIARIO TG REAL ESTATE,FII,FECHADO,QUALIFICADO,TG CORE ASSET LTDA,13.194.316/0001-03,OLIVEIRA TRUST DTVM S.A.,36.113.876/0001-91,2024-12-31
13281,32781 - TG REAL ESTATE FII,44.625.562/0001-04,31/07/2024,Fundos de Investimentos Imobiliário,BR0B4QCTF006,XP INVESTIMENTOS CCTVM S.A.,TG CORE ASSET LTDA,1362215590.41,9.52018109,Renda Fixa | Definitiva,21C0822819,VIRGO COMPANHIA DE SECURITIZAÇÃO,20/01/2032,2422.0,1554067.235949229,0.11408379458360812,2024-07-31,44.625.562/0001-04,FUNDO DE INVESTIMENTO IMOBILIARIO TG REAL ESTATE,FUNDO DE INVESTIMENTO IMOBILIARIO TG REAL ESTATE,FII,FECHADO,QUALIFICADO,TG CORE ASSET LTDA,13.194.316/0001-03,OLIVEIRA TRUST DTVM S.A.,36.113.876/0001-91,2024-12-31
13282,32781 - TG REAL ESTATE FII,44.625.562/0001-04,31/07/2024,Fundos de Investimentos Imobiliário,BR0B4QCTF006,XP INVESTIMENTOS CCTVM S.A.,TG CORE ASSET LTDA,1362215590.41,9.52018109,Renda Fixa | Definitiva,21C0830879,VIRGO COMPANHIA DE SECURITIZAÇÃO,20/01/2032,235.0,152866.04963584,0.011221869042757786,2024-07-31,44.625.562/0001-04,FUNDO DE INVESTIMENTO IMOBILIARIO TG REAL ESTATE,FUNDO DE INVESTIMENTO IMOBILIARIO TG REAL ESTATE,FII,FECHADO,QUALIFICADO,TG CORE ASSET LTDA,13.194.316/0001-03,OLIVEIRA TRUST DTVM S.A.,36.113.876/0001-91,2024-12-31
13283,32781 - TG REAL ESTATE FII,44.625.562/0001-04,31/07/2024,Fundos de Investimentos Imobiliário,BR0B4QCTF006,XP INVESTIMENTOS CCTVM S.A.,TG CORE ASSET LTDA,1362215590.41,9.52018109,Renda Fixa | Definitiva,22G0893940,VIRGO COMPANHIA DE SECURITIZAÇÃO,23/06/2027,4300.0,4610160.425967032,0.3384310426648005,2024-07-31,44.625.562/0001-04,FUNDO DE INVESTIMENTO IMOBILIARIO TG REAL ESTATE,FUNDO DE INVESTIMENTO IMOBILIARIO TG REAL ESTATE,FII,FECHADO,QUALIFICADO,TG CORE ASSET LTDA,13.194.316/0001-03,OLIVEIRA TRUST DTVM S.A.,36.113.876/0001-91,2024-12-31
13284,32781 - TG REAL ESTATE FII,44.625.562/0001-04,31/07/2024,Fundos de Investimentos Imobiliário,BR0B4QCTF006,XP INVESTIMENTOS CCTVM S.A.,TG CORE ASSET LTDA,1362215590.41,9.52018109,Renda Fixa | Definitiva,22H1237592,VIRGO COMPANHIA DE SECURITIZAÇÃO,21/07/2027,5300.0,4936467.199313776,0.362385163851193,2024-07-31,44.625.562/0001-04,FUNDO DE INVESTIMENTO IMOBILIARIO TG REAL ESTATE,FUNDO DE INVESTIMENTO IMOBILIARIO TG REAL ESTATE,FII,FECHADO,QUALIFICADO,TG CORE ASSET LTDA,13.194.316/0001-03,OLIVEIRA TRUST DTVM S.A.,36.113.876/0001-91,2024-12-31
13285,32781 - TG REAL ESTATE FII,44.625.562/0001-04,31/07/2024,Fundos de Investimentos Imobiliário,BR0B4QCTF006,XP INVESTIMENTOS CCTVM S.A.,TG CORE ASSET LTDA,1362215590.41,9.52018109,Renda Fixa | Definitiva,22I0351637,VIRGO COMPANHIA DE SECURITIZAÇÃO,21/01/2026,4500.0,4883186.944379115,0.358473869977466,2024-07-31,44.625.562/0001-04,FUNDO DE INVESTIMENTO IMOBILIARIO TG REAL ESTATE,FUNDO DE INVESTIMENTO IMOBILIARIO TG REAL ESTATE,FII,FECHADO,QUALIFICADO,TG CORE ASSET LTDA,13.194.316/0001-03,OLIVEIRA TRUST DTVM S.A.,36.113.876/0001-91,2024-12-31
13286,32781 - TG REAL ESTATE FII,44.625.562/0001-04,31/07/2024,Fundos de Investimentos Imobiliário,BR0B4QCTF006,XP INVESTIMENTOS CCTVM S.A.,TG CORE ASSET LTDA,1362215590.41,9.52018109,Renda Fixa | Definitiva,22I1290893,VIRGO COMPANHIA DE SECURITIZAÇÃO,22/10/2025,5000.0,4798594.230654075,0.3522639341699057,2024-07-31,44.625.562/0001-04,FUNDO DE INVESTIMENTO IMOBILIARIO TG REAL ESTATE,FUNDO DE INVESTIMENTO IMOBILIARIO TG REAL ESTATE,FII,FECHADO,QUALIFICADO,TG CORE ASSET LTDA,13.194.316/0001-03,OLIVEIRA TRUST DTVM S.A.,36.113.876/0001-91,2024-12-31
13287,32781 - TG REAL ESTATE FII,44.625.562/0001-04,31/07/2024,Fundos de Investimentos Imobiliário,BR0B4QCTF006,XP INVESTIMENTOS CCTVM S.A.,TG CORE ASSET LTDA,1362215590.41,9.52018109,Renda Fixa | Definitiva,22I1290978,VIRGO COMPANHIA DE SECURITIZAÇÃO,22/10/2025,4000.0,3715892.883513332,0.27278302419038686,2024-07-31,44.625.562/0001-04,FUNDO DE INVESTIMENTO IMOBILIARIO TG REAL ESTATE,FUNDO DE INVESTIMENTO IMOBILIARIO TG REAL ESTATE,FII,FECHADO,QUALIFICADO,TG CORE ASSET LTDA,13.194.316/0001-03,OLIVEIRA TRUST DTVM S.A.,36.113.876/0001-91,2024-12-31
13288,32781 - TG REAL ESTATE FII,44.625.562/0001-04,31/07/2024,Fundos de Investimentos Imobiliário,BR0B4QCTF006,XP INVESTIMENTOS CCTVM S.A.,TG CORE ASSET LTDA,1362215590.41,9.52018109,Renda Fixa | Definitiva,22J1206765,BARIGUI SECURITIZADORA S.A.,20/10/2031,1161.0,1116045.714408554,0.0819287139470079,2024-07-31,44.625.562/0001-04,FUNDO DE INVESTIMENTO IMOBILIARIO TG REAL ESTATE,FUNDO DE INVESTIMENTO IMOBILIARIO TG REAL ESTATE,FII,FECHADO,QUALIFICADO,TG CORE ASSET LTDA,13.194.316/0001-03,OLIVEIRA TRUST DTVM S.A.,36.113.876/0001-91,2024-12-31
13289,32781 - TG REAL ESTATE FII,44.625.562/0001-04,31/07/2024,Fundos de Investimentos Imobiliário,BR0B4QCTF006,XP INVESTIMENTOS CCTVM S.A.,TG CORE ASSET LTDA,1362215590.41,9.52018109,Renda Fixa | Definitiva,22L0344492,VIRGO COMPANHIA DE SECURITIZAÇÃO,20/12/2034,2500.0,2406033.312154307,0.1766264700751324,2024-07-31,44.625.562/0001-04,FUNDO DE INVESTIMENTO IMOBILIARIO TG REAL ESTATE,FUNDO DE INVESTIMENTO IMOBILIARIO TG REAL ESTATE,FII,FECHADO,QUALIFICADO,TG CORE ASSET LTDA,13.194.316/0001-03,OLIVEIRA TRUST DTVM S.A.,36.113.876/0001-91,2024-12-31
13290,32781 - TG REAL ESTATE FII,44.625.562/0001-04,31/07/2024,Fundos de Investimentos Imobiliário,BR0B4QCTF006,XP INVESTIMENTOS CCTVM S.A.,TG CORE ASSET LTDA,1362215590.41,9.52018109,Renda Fixa | Definitiva,20F0851404,Forte Securitizadora SA,20/08/2029,782.0,384144.2090268428,0.02819995687402336,2024-07-31,44.625.562/0001-04,FUNDO DE INVESTIMENTO IMOBILIARIO TG REAL ESTATE,FUNDO DE INVESTIMENTO IMOBILIARIO TG REAL ESTATE,FII,FECHADO,QUALIFICADO,TG CORE ASSET LTDA,13.194.316/0001-03,OLIVEIRA TRUST DTVM S.A.,36.113.876/0001-91,2024-12-31
13291,32781 - TG REAL ESTATE FII,44.625.562/0001-04,31/07/2024,Fundos de Investimentos Imobiliário,BR0B4QCTF006,XP INVESTIMENTOS CCTVM S.A.,TG CORE ASSET LTDA,1362215590.41,9.52018109,Renda Fixa | Definitiva,20F0851405,Forte Securitizadora SA,20/08/2029,1750.0,933930.3864486451,0.06855966067511755,2024-07-31,44.625.562/0001-04,FUNDO DE INVESTIMENTO IMOBILIARIO TG REAL ESTATE,FUNDO DE INVESTIMENTO IMOBILIARIO TG REAL ESTATE,FII,FECHADO,QUALIFICADO,TG CORE ASSET LTDA,13.194.316/0001-03,OLIVEIRA TRUST DTVM S.A.,36.113.876/0001-91,2024-12-31
13292,32781 - TG REAL ESTATE FII,44.625.562/0001-04,31/07/2024,Fundos de Investimentos Imobiliário,BR0B4QCTF006,XP INVESTIMENTOS CCTVM S.A.,TG CORE ASSET LTDA,1362215590.41,9.52018109,Renda Fixa | Definitiva,20F0851406,Forte Securitizadora SA,20/08/2029,2850.0,1411594.474296922,0.103624894931063,2024-07-31,44.625.562/0001-04,FUNDO DE INVESTIMENTO IMOBILIARIO TG REAL ESTATE,FUNDO DE INVESTIMENTO IMOBILIARIO TG REAL ESTATE,FII,FECHADO,QUALIFICADO,TG CORE ASSET LTDA,13.194.316/0001-03,OLIVEIRA TRUST DTVM S.A.,36.113.876/0001-91,2024-12-31
13293,32781 - TG REAL ESTATE FII,44.625.562/0001-04,31/07/2024,Fundos de Investimentos Imobiliário,BR0B4QCTF006,XP INVESTIMENTOS CCTVM S.A.,TG CORE ASSET LTDA,1362215590.41,9.52018109,Renda Fixa | Definitiva,20F0851407,Forte Securitizadora SA,20/08/2029,1500.0,731409.346928262,0.05369262780997259,2024-07-31,44.625.562/0001-04,FUNDO DE INVESTIMENTO IMOBILIARIO TG REAL ESTATE,FUNDO DE INVESTIMENTO IMOBILIARIO TG REAL ESTATE,FII,FECHADO,QUALIFICADO,TG CORE ASSET LTDA,13.194.316/0001-03,OLIVEIRA TRUST DTVM S.A.,36.113.876/0001-91,2024-12-31
13294,32781 - TG REAL ESTATE FII,44.625.562/0001-04,31/07/2024,Fundos de Investimentos Imobiliário,BR0B4QCTF006,XP INVESTIMENTOS CCTVM S.A.,TG CORE ASSET LTDA,1362215590.41,9.52018109,Renda Fixa | Definitiva,20F0851408,Forte Securitizadora SA,20/08/2029,1500.0,731160.1394732189,0.0536743335357918,2024-07-31,44.625.562/0001-04,FUNDO DE INVESTIMENTO IMOBILIARIO TG REAL ESTATE,FUNDO DE INVESTIMENTO IMOBILIARIO TG REAL ESTATE,FII,FECHADO,QUALIFICADO,TG CORE ASSET LTDA,13.194.316/0001-03,OLIVEIRA TRUST DTVM S.A.,36.113.876/0001-91,2024-12-31
13295,32781 - TG REAL ESTATE FII,44.625.562/0001-04,31/07/2024,Fundos de Investimentos Imobiliário,BR0B4QCTF006,XP INVESTIMENTOS CCTVM S.A.,TG CORE ASSET LTDA,1362215590.41,9.52018109,Renda Fixa | Definitiva,20F0851409,Forte Securitizadora SA,20/08/2029,1800.0,870650.9712537589,0.06391433025602872,2024-07-31,44.625.562/0001-04,FUNDO DE INVESTIMENTO IMOBILIARIO TG REAL ESTATE,FUNDO DE INVESTIMENTO IMOBILIARIO TG REAL ESTATE,FII,FECHADO,QUALIFICADO,TG CORE ASSET LTDA,13.194.316/0001-03,OLIVEIRA TRUST DTVM S.A.,36.113.876/0001-91,2024-12-31
13296,32781 - TG REAL ESTATE FII,44.625.562/0001-04,31/07/2024,Fundos de Investimentos Imobiliário,BR0B4QCTF006,XP INVESTIMENTOS CCTVM S.A.,TG CORE ASSET LTDA,1362215590.41,9.52018109,Renda Fixa | Definitiva,20K0713315,VIRGO COMPANHIA DE SECURITIZAÇÃO,24/11/2025,944.0,4717733.960062535,0.3463279963373925,2024-07-31,44.625.562/0001-04,FUNDO DE INVESTIMENTO IMOBILIARIO TG REAL ESTATE,FUNDO DE INVESTIMENTO IMOBILIARIO TG REAL ESTATE,FII,FECHADO,QUALIFICADO,TG CORE ASSET LTDA,13.194.316/0001-03,OLIVEIRA TRUST DTVM S.A.,36.113.876/0001-91,2024-12-31
13297,32781 - TG REAL ESTATE FII,44.625.562/0001-04,31/07/2024,Fundos de Investimentos Imobiliário,BR0B4QCTF006,XP INVESTIMENTOS CCTVM S.A.,TG CORE ASSET LTDA,1362215590.41,9.52018109,Renda Fixa | Definitiva,20K0713315,VIRGO COMPANHIA DE SECURITIZAÇÃO,24/11/2025,166.0,829601.5226381152,0.060900897661024536,2024-07-31,44.625.562/0001-04,FUNDO DE INVESTIMENTO IMOBILIARIO TG REAL ESTATE,FUNDO DE INVESTIMENTO IMOBILIARIO TG REAL ESTATE,FII,FECHADO,QUALIFICADO,TG CORE ASSET LTDA,13.194.316/0001-03,OLIVEIRA TRUST DTVM S.A.,36.113.876/0001-91,2024-12-31
13298,32781 - TG REAL ESTATE FII,44.625.562/0001-04,31/07/2024,Fundos de Investimentos Imobiliário,BR0B4QCTF006,XP INVESTIMENTOS CCTVM S.A.,TG CORE ASSET LTDA,1362215590.41,9.52018109,Renda Fixa | Definitiva,21A0607973,VIRGO COMPANHIA DE SECURITIZAÇÃO,20/01/2026,3300.0,3982410.674534061,0.29234804700300293,2024-07-31,44.625.562/0001-04,FUNDO DE INVESTIMENTO IMOBILIARIO TG REAL ESTATE,FUNDO DE INVESTIMENTO IMOBILIARIO TG REAL ESTATE,FII,FECHADO,QUALIFICADO,TG CORE ASSET LTDA,13.194.316/0001-03,OLIVEIRA TRUST DTVM S.A.,36.113.876/0001-91,2024-12-31
13299,32781 - TG REAL ESTATE FII,44.625.562/0001-04,31/07/2024,Fundos de Investimentos Imobiliário,BR0B4QCTF006,XP INVESTIMENTOS CCTVM S.A.,TG CORE ASSET LTDA,1362215590.41,9.52018109,Renda Fixa | Definitiva,21C0775913,VIRGO COMPANHIA DE SECURITIZAÇÃO,20/06/2026,6000.0,7149550.21267572,0.5248471874062054,2024-07-31,44.625.562/0001-04,FUNDO DE INVESTIMENTO IMOBILIARIO TG REAL ESTATE,FUNDO DE INVESTIMENTO IMOBILIARIO TG REAL ESTATE,FII,FECHADO,QUALIFICADO,TG CORE ASSET LTDA,13.194.316/0001-03,OLIVEIRA TRUST DTVM S.A.,36.113.876/0001-91,2024-12-31
13300,32781 - TG REAL ESTATE FII,44.625.562/0001-04,31/07/2024,Fundos de Investimentos Imobiliário,BR0B4QCTF006,XP INVESTIMENTOS CCTVM S.A.,TG CORE ASSET LTDA,1362215590.41,9.52018109,Renda Fixa | Definitiva,21D0503168,Forte Securitizadora SA,20/04/2028,2500.0,687658.9962279251,0.05048092248165749,2024-07-31,44.625.562/0001-04,FUNDO DE INVESTIMENTO IMOBILIARIO TG REAL ESTATE,FUNDO DE INVESTIMENTO IMOBILIARIO TG REAL ESTATE,FII,FECHADO,QUALIFICADO,TG CORE ASSET LTDA,13.194.316/0001-03,OLIVEIRA TRUST DTVM S.A.,36.113.876/0001-91,2024-12-31
13301,32781 - TG REAL ESTATE FII,44.625.562/0001-04,31/07/2024,Fundos de Investimentos Imobiliário,BR0B4QCTF006,XP INVESTIMENTOS CCTVM S.A.,TG CORE ASSET LTDA,1362215590.41,9.52018109,Renda Fixa | Definitiva,21F0930064,VIRGO COMPANHIA DE SECURITIZAÇÃO,20/06/2033,1000.0,725947.380711511,0.05329166585834002,2024-07-31,44.625.562/0001-04,FUNDO DE INVESTIMENTO IMOBILIARIO TG REAL ESTATE,FUNDO DE INVESTIMENTO IMOBILIARIO TG REAL ESTATE,FII,FECHADO,QUALIFICADO,TG CORE ASSET LTDA,13.194.316/0001-03,OLIVEIRA TRUST DTVM S.A.,36.113.876/0001-91,2024-12-31
13302,32781 - TG REAL ESTATE FII,44.625.562/0001-04,31/07/2024,Fundos de Investimentos Imobiliário,BR0B4QCTF006,XP INVESTIMENTOS CCTVM S.A.,TG CORE ASSET LTDA,1362215590.41,9.52018109,Renda Fixa | Definitiva,21I0142395,Forte Securitizadora SA,20/05/2028,4000.0,2413146.931904368,0.17714867961377967,2024-07-31,44.625.562/0001-04,FUNDO DE INVESTIMENTO IMOBILIARIO TG REAL ESTATE,FUNDO DE INVESTIMENTO IMOBILIARIO TG REAL ESTATE,FII,FECHADO,QUALIFICADO,TG CORE ASSET LTDA,13.194.316/0001-03,OLIVEIRA TRUST DTVM S.A.,36.113.876/0001-91,2024-12-31
13303,32781 - TG REAL ESTATE FII,44.625.562/0001-04,31/07/2024,Fundos de Investimentos Imobiliário,BR0B4QCTF006,XP INVESTIMENTOS CCTVM S.A.,TG CORE ASSET LTDA,1362215590.41,9.52018109,Renda Fixa | Definitiva,21I0142421,Forte Securitizadora SA,20/05/2028,1000.0,603449.0382230759,0.04429908470225698,2024-07-31,44.625.562/0001-04,FUNDO DE INVESTIMENTO IMOBILIARIO TG REAL ESTATE,FUNDO DE INVESTIMENTO IMOBILIARIO TG REAL ESTATE,FII,FECHADO,QUALIFICADO,TG CORE ASSET LTDA,13.194.316/0001-03,OLIVEIRA TRUST DTVM S.A.,36.113.876/0001-91,2024-12-31
13304,32781 - TG REAL ESTATE FII,44.625.562/0001-04,31/07/2024,Fundos de Investimentos Imobiliário,BR0B4QCTF006,XP INVESTIMENTOS CCTVM S.A.,TG CORE ASSET LTDA,1362215590.41,9.52018109,Renda Fixa | Definitiva,22F0636862,RB CAPITAL SECURITIZADORA S.A.,24/05/2028,718.0,465389.8954925367,0.03416418801611744,2024-07-31,44.625.562/0001-04,FUNDO DE INVESTIMENTO IMOBILIARIO TG REAL ESTATE,FUNDO DE INVESTIMENTO IMOBILIARIO TG REAL ESTATE,FII,FECHADO,QUALIFICADO,TG CORE ASSET LTDA,13.194.316/0001-03,OLIVEIRA TRUST DTVM S.A.,36.113.876/0001-91,2024-12-31
13305,32781 - TG REAL ESTATE FII,44.625.562/0001-04,31/07/2024,Fundos de Investimentos Imobiliário,BR0B4QCTF006,XP INVESTIMENTOS CCTVM S.A.,TG CORE ASSET LTDA,1362215590.41,9.52018109,Renda Fixa | Definitiva,22H1237505,VIRGO COMPANHIA DE SECURITIZAÇÃO,21/07/2027,5000.0,4530270.856976965,0.33256636386120375,2024-07-31,44.625.562/0001-04,FUNDO DE INVESTIMENTO IMOBILIARIO TG REAL ESTATE,FUNDO DE INVESTIMENTO IMOBILIARIO TG REAL ESTATE,FII,FECHADO,QUALIFICADO,TG CORE ASSET LTDA,13.194.316/0001-03,OLIVEIRA TRUST DTVM S.A.,36.113.876/0001-91,2024-12-31
13306,32781 - TG REAL ESTATE FII,44.625.562/0001-04,31/07/2024,Fundos de Investimentos Imobiliário,BR0B4QCTF006,XP INVESTIMENTOS CCTVM S.A.,TG CORE ASSET LTDA,1362215590.41,9.52018109,Renda Fixa | Definitiva,22H1237507,VIRGO COMPANHIA DE SECURITIZAÇÃO,21/07/2027,5000.0,4531918.05707774,0.33268728452254187,2024-07-31,44.625.562/0001-04,FUNDO DE INVESTIMENTO IMOBILIARIO TG REAL ESTATE,FUNDO DE INVESTIMENTO IMOBILIARIO TG REAL ESTATE,FII,FECHADO,QUALIFICADO,TG CORE ASSET LTDA,13.194.316/0001-03,OLIVEIRA TRUST DTVM S.A.,36.113.876/0001-91,2024-12-31
13307,32781 - TG REAL ESTATE FII,44.625.562/0001-04,31/07/2024,Fundos de Investimentos Imobiliário,BR0B4QCTF006,XP INVESTIMENTOS CCTVM S.A.,TG CORE ASSET LTDA,1362215590.41,9.52018109,Renda Fixa | Definitiva,22H1237510,VIRGO COMPANHIA DE SECURITIZAÇÃO,21/07/2027,1108.0,1008050.837186051,0.07400082955170463,2024-07-31,44.625.562/0001-04,FUNDO DE INVESTIMENTO IMOBILIARIO TG REAL ESTATE,FUNDO DE INVESTIMENTO IMOBILIARIO TG REAL ESTATE,FII,FECHADO,QUALIFICADO,TG CORE ASSET LTDA,13.194.316/0001-03,OLIVEIRA TRUST DTVM S.A.,36.113.876/0001-91,2024-12-31
13308,32781 - TG REAL ESTATE FII,44.625.562/0001-04,31/07/2024,Fundos de Investimentos Imobiliário,BR0B4QCTF006,XP INVESTIMENTOS CCTVM S.A.,TG CORE ASSET LTDA,1362215590.41,9.52018109,Renda Fixa | Definitiva,22H1237510,VIRGO COMPANHIA DE SECURITIZAÇÃO,21/07/2027,2192.0,1994266.638187567,0.1463987530481377,2024-07-31,44.625.562/0001-04,FUNDO DE INVESTIMENTO IMOBILIARIO TG REAL ESTATE,FUNDO DE INVESTIMENTO IMOBILIARIO TG REAL ESTATE,FII,FECHADO,QUALIFICADO,TG CORE ASSET LTDA,13.194.316/0001-03,OLIVEIRA TRUST DTVM S.A.,36.113.876/0001-91,2024-12-31
13309,32781 - TG REAL ESTATE FII,44.625.562/0001-04,31/07/2024,Fundos de Investimentos Imobiliário,BR0B4QCTF006,XP INVESTIMENTOS CCTVM S.A.,TG CORE ASSET LTDA,1362215590.41,9.52018109,Renda Fixa | Definitiva,22L0344525,VIRGO COMPANHIA DE SECURITIZAÇÃO,20/12/2034,1500.0,1446060.433249857,0.10615503474120576,2024-07-31,44.625.562/0001-04,FUNDO DE INVESTIMENTO IMOBILIARIO TG REAL ESTATE,FUNDO DE INVESTIMENTO IMOBILIARIO TG REAL ESTATE,FII,FECHADO,QUALIFICADO,TG CORE ASSET LTDA,13.194.316/0001-03,OLIVEIRA TRUST DTVM S.A.,36.113.876/0001-91,2024-12-31
13310,32781 - TG REAL ESTATE FII,44.625.562/0001-04,31/07/2024,Fundos de Investimentos Imobiliário,BR0B4QCTF006,XP INVESTIMENTOS CCTVM S.A.,TG CORE ASSET LTDA,1362215590.41,9.52018109,Renda Fixa | Definitiva,22L0344525,VIRGO COMPANHIA DE SECURITIZAÇÃO,20/12/2034,2111.0,2035089.049726966,0.14939551889245695,2024-07-31,44.625.562/0001-04,FUNDO DE INVESTIMENTO IMOBILIARIO TG REAL ESTATE,FUNDO DE INVESTIMENTO IMOBILIARIO TG REAL ESTATE,FII,FECHADO,QUALIFICADO,TG CORE ASSET LTDA,13.194.316/0001-03,OLIVEIRA TRUST DTVM S.A.,36.113.876/0001-91,2024-12-31
13311,32781 - TG REAL ESTATE FII,44.625.562/0001-04,31/07/2024,Fundos de Investimentos Imobiliário,BR0B4QCTF006,XP INVESTIMENTOS CCTVM S.A.,TG CORE ASSET LTDA,1362215590.41,9.52018109,Renda Fixa | Definitiva,23B0330159,VIRGO COMPANHIA DE SECURITIZAÇÃO,19/02/2035,8000.0,7192291.54240848,0.5279848206878723,2024-07-31,44.625.562/0001-04,FUNDO DE INVESTIMENTO IMOBILIARIO TG REAL ESTATE,FUNDO DE INVESTIMENTO IMOBILIARIO TG REAL ESTATE,FII,FECHADO,QUALIFICADO,TG CORE ASSET LTDA,13.194.316/0001-03,OLIVEIRA TRUST DTVM S.A.,36.113.876/0001-91,2024-12-31
13312,32781 - TG REAL ESTATE FII,44.625.562/0001-04,31/07/2024,Fundos de Investimentos Imobiliário,BR0B4QCTF006,XP INVESTIMENTOS CCTVM S.A.,TG CORE ASSET LTDA,1362215590.41,9.52018109,Renda Fixa | Definitiva,22D0059915,VIRGO COMPANHIA DE SECURITIZAÇÃO,23/04/2027,3262.0,1728779.136211175,0.12690936356783633,2024-07-31,44.625.562/0001-04,FUNDO DE INVESTIMENTO IMOBILIARIO TG REAL ESTATE,FUNDO DE INVESTIMENTO IMOBILIARIO TG REAL ESTATE,FII,FECHADO,QUALIFICADO,TG CORE ASSET LTDA,13.194.316/0001-03,OLIVEIRA TRUST DTVM S.A.,36.113.876/0001-91,2024-12-31
13313,32781 - TG REAL ESTATE FII,44.625.562/0001-04,31/07/2024,Fundos de Investimentos Imobiliário,BR0B4QCTF006,XP INVESTIMENTOS CCTVM S.A.,TG CORE ASSET LTDA,1362215590.41,9.52018109,Renda Fixa | Definitiva,20D0942992,VIRGO COMPANHIA DE SECURITIZAÇÃO,20/04/2030,1198.0,467116.8480193741,0.034290963288621676,2024-07-31,44.625.562/0001-04,FUNDO DE INVESTIMENTO IMOBILIARIO TG REAL ESTATE,FUNDO DE INVESTIMENTO IMOBILIARIO TG REAL ESTATE,FII,FECHADO,QUALIFICADO,TG CORE ASSET LTDA,13.194.316/0001-03,OLIVEIRA TRUST DTVM S.A.,36.113.876/0001-91,2024-12-31
13314,32781 - TG REAL ESTATE FII,44.625.562/0001-04,31/07/2024,Fundos de Investimentos Imobiliário,BR0B4QCTF006,XP INVESTIMENTOS CCTVM S.A.,TG CORE ASSET LTDA,1362215590.41,9.52018109,Renda Fixa | Definitiva,22J1206765,BARIGUI SECURITIZADORA S.A.,20/10/2031,1677.0,1612066.031923466,0.1183414757012336,2024-07-31,44.625.562/0001-04,FUNDO DE INVESTIMENTO IMOBILIARIO TG REAL ESTATE,FUNDO DE INVESTIMENTO IMOBILIARIO TG REAL ESTATE,FII,FECHADO,QUALIFICADO,TG CORE ASSET LTDA,13.194.316/0001-03,OLIVEIRA TRUST DTVM S.A.,36.113.876/0001-91,2024-12-31
13315,32781 - TG REAL ESTATE FII,44.625.562/0001-04,31/07/2024,Fundos de Investimentos Imobiliário,BR0B4QCTF006,XP INVESTIMENTOS CCTVM S.A.,TG CORE ASSET LTDA,1362215590.41,9.52018109,Renda Fixa | Definitiva,22L0344492,VIRGO COMPANHIA DE SECURITIZAÇÃO,20/12/2034,2000.0,1924826.649723446,0.14130117606010595,2024-07-31,44.625.562/0001-04,FUNDO DE INVESTIMENTO IMOBILIARIO TG REAL ESTATE,FUNDO DE INVESTIMENTO IMOBILIARIO TG REAL ESTATE,FII,FECHADO,QUALIFICADO,TG CORE ASSET LTDA,13.194.316/0001-03,OLIVEIRA TRUST DTVM S.A.,36.113.876/0001-91,2024-12-31
13316,32781 - TG REAL ESTATE FII,44.625.562/0001-04,31/07/2024,Fundos de Investimentos Imobiliário,BR0B4QCTF006,XP INVESTIMENTOS CCTVM S.A.,TG CORE ASSET LTDA,1362215590.41,9.52018109,Renda Fixa | Definitiva,20F0851404,Forte Securitizadora SA,20/08/2029,3418.0,1679034.407229858,0.1232576120145932,2024-07-31,44.625.562/0001-04,FUNDO DE INVESTIMENTO IMOBILIARIO TG REAL ESTATE,FUNDO DE INVESTIMENTO IMOBILIARIO TG REAL ESTATE,FII,FECHADO,QUALIFICADO,TG CORE ASSET LTDA,13.194.316/0001-03,OLIVEIRA TRUST DTVM S.A.,36.113.876/0001-91,2024-12-31
13317,32781 - TG REAL ESTATE FII,44.625.562/0001-04,31/07/2024,Fundos de Investimentos Imobiliário,BR0B4QCTF006,XP INVESTIMENTOS CCTVM S.A.,TG CORE ASSET LTDA,1362215590.41,9.52018109,Renda Fixa | Definitiva,20F0851410,Forte Securitizadora SA,20/08/2029,750.0,399730.6396634115,0.029344153926699697,2024-07-31,44.625.562/0001-04,FUNDO DE INVESTIMENTO IMOBILIARIO TG REAL ESTATE,FUNDO DE INVESTIMENTO IMOBILIARIO TG REAL ESTATE,FII,FECHADO,QUALIFICADO,TG CORE ASSET LTDA,13.194.316/0001-03,OLIVEIRA TRUST DTVM S.A.,36.113.876/0001-91,2024-12-31
13318,32781 - TG REAL ESTATE FII,44.625.562/0001-04,31/07/2024,Fundos de Investimentos Imobiliário,BR0B4QCTF006,XP INVESTIMENTOS CCTVM S.A.,TG CORE ASSET LTDA,1362215590.41,9.52018109,Renda Fixa | Definitiva,20K0713315,VIRGO COMPANHIA DE SECURITIZAÇÃO,24/11/2025,344.0,1719174.239683805,0.12620426985176167,2024-07-31,44.625.562/0001-04,FUNDO DE INVESTIMENTO IMOBILIARIO TG REAL ESTATE,FUNDO DE INVESTIMENTO IMOBILIARIO TG REAL ESTATE,FII,FECHADO,QUALIFICADO,TG CORE ASSET LTDA,13.194.316/0001-03,OLIVEIRA TRUST DTVM S.A.,36.113.876/0001-91,2024-12-31
13319,32781 - TG REAL ESTATE FII,44.625.562/0001-04,31/07/2024,Fundos de Investimentos Imobiliário,BR0B4QCTF006,XP INVESTIMENTOS CCTVM S.A.,TG CORE ASSET LTDA,1362215590.41,9.52018109,Renda Fixa | Definitiva,21A0796003,Forte Securitizadora SA,20/11/2031,1070.0,718556.6018685513,0.05274911012083484,2024-07-31,44.625.562/0001-04,FUNDO DE INVESTIMENTO IMOBILIARIO TG REAL ESTATE,FUNDO DE INVESTIMENTO IMOBILIARIO TG REAL ESTATE,FII,FECHADO,QUALIFICADO,TG CORE ASSET LTDA,13.194.316/0001-03,OLIVEIRA TRUST DTVM S.A.,36.113.876/0001-91,2024-12-31
13320,32781 - TG REAL ESTATE FII,44.625.562/0001-04,31/07/2024,Fundos de Investimentos Imobiliário,BR0B4QCTF006,XP INVESTIMENTOS CCTVM S.A.,TG CORE ASSET LTDA,1362215590.41,9.52018109,Renda Fixa | Definitiva,21B0718276,Forte Securitizadora SA,20/02/2031,9000.0,7211703.276640818,0.529409832585328,2024-07-31,44.625.562/0001-04,FUNDO DE INVESTIMENTO IMOBILIARIO TG REAL ESTATE,FUNDO DE INVESTIMENTO IMOBILIARIO TG REAL ESTATE,FII,FECHADO,QUALIFICADO,TG CORE ASSET LTDA,13.194.316/0001-03,OLIVEIRA TRUST DTVM S.A.,36.113.876/0001-91,2024-12-31
13321,32781 - TG REAL ESTATE FII,44.625.562/0001-04,31/07/2024,Fundos de Investimentos Imobiliário,BR0B4QCTF006,XP INVESTIMENTOS CCTVM S.A.,TG CORE ASSET LTDA,1362215590.41,9.52018109,Renda Fixa | Definitiva,21F0929701,VIRGO COMPANHIA DE SECURITIZAÇÃO,20/06/2033,2891.0,2078848.390642032,0.15260788419080856,2024-07-31,44.625.562/0001-04,FUNDO DE INVESTIMENTO IMOBILIARIO TG REAL ESTATE,FUNDO DE INVESTIMENTO IMOBILIARIO TG REAL ESTATE,FII,FECHADO,QUALIFICADO,TG CORE ASSET LTDA,13.194.316/0001-03,OLIVEIRA TRUST DTVM S.A.,36.113.876/0001-91,2024-12-31
13322,32781 - TG REAL ESTATE FII,44.625.562/0001-04,31/07/2024,Fundos de Investimentos Imobiliário,BR0B4QCTF006,XP INVESTIMENTOS CCTVM S.A.,TG CORE ASSET LTDA,1362215590.41,9.52018109,Renda Fixa | Definitiva,22F0636862,RB CAPITAL SECURITIZADORA S.A.,24/05/2028,3924.0,2543440.041661161,0.18671347322457493,2024-07-31,44.625.562/0001-04,FUNDO DE INVESTIMENTO IMOBILIARIO TG REAL ESTATE,FUNDO DE INVESTIMENTO IMOBILIARIO TG REAL ESTATE,FII,FECHADO,QUALIFICADO,TG CORE ASSET LTDA,13.194.316/0001-03,OLIVEIRA TRUST DTVM S.A.,36.113.876/0001-91,2024-12-31
13323,32781 - TG REAL ESTATE FII,44.625.562/0001-04,31/07/2024,Fundos de Investimentos Imobiliário,BR0B4QCTF006,XP INVESTIMENTOS CCTVM S.A.,TG CORE ASSET LTDA,1362215590.41,9.52018109,Renda Fixa | Definitiva,22H1237510,VIRGO COMPANHIA DE SECURITIZAÇÃO,21/07/2027,2000.0,1819586.348711284,0.13357550460596507,2024-07-31,44.625.562/0001-04,FUNDO DE INVESTIMENTO IMOBILIARIO TG REAL ESTATE,FUNDO DE INVESTIMENTO IMOBILIARIO TG REAL ESTATE,FII,FECHADO,QUALIFICADO,TG CORE ASSET LTDA,13.194.316/0001-03,OLIVEIRA TRUST DTVM S.A.,36.113.876/0001-91,2024-12-31
13324,32781 - TG REAL ESTATE FII,44.625.562/0001-04,31/07/2024,Fundos de Investimentos Imobiliário,BR0B4QCTF006,XP INVESTIMENTOS CCTVM S.A.,TG CORE ASSET LTDA,1362215590.41,9.52018109,Renda Fixa | Definitiva,21C0528435,VIRGO COMPANHIA DE SECURITIZAÇÃO,20/01/2032,2292.0,1130902.919857427,0.08301937871060833,2024-07-31,44.625.562/0001-04,FUNDO DE INVESTIMENTO IMOBILIARIO TG REAL ESTATE,FUNDO DE INVESTIMENTO IMOBILIARIO TG REAL ESTATE,FII,FECHADO,QUALIFICADO,TG CORE ASSET LTDA,13.194.316/0001-03,OLIVEIRA TRUST DTVM S.A.,36.113.876/0001-91,2024-12-31
13325,32781 - TG REAL ESTATE FII,44.625.562/0001-04,31/07/2024,Fundos de Investimentos Imobiliário,BR0B4QCTF006,XP INVESTIMENTOS CCTVM S.A.,TG CORE ASSET LTDA,1362215590.41,9.52018109,Renda Fixa | Definitiva,21C0830879,VIRGO COMPANHIA DE SECURITIZAÇÃO,20/01/2032,702.0,456646.6674228071,0.03352234922559985,2024-07-31,44.625.562/0001-04,FUNDO DE INVESTIMENTO IMOBILIARIO TG REAL ESTATE,FUNDO DE INVESTIMENTO IMOBILIARIO TG REAL ESTATE,FII,FECHADO,QUALIFICADO,TG CORE ASSET LTDA,13.194.316/0001-03,OLIVEIRA TRUST DTVM S.A.,36.113.876/0001-91,2024-12-31
13326,32781 - TG REAL ESTATE FII,44.625.562/0001-04,31/07/2024,Fundos de Investimentos Imobiliário,BR0B4QCTF006,XP INVESTIMENTOS CCTVM S.A.,TG CORE ASSET LTDA,1362215590.41,9.52018109,Renda Fixa | Definitiva,21C0822821,VIRGO COMPANHIA DE SECURITIZAÇÃO,20/01/2032,500.0,350340.21926884,0.025718412102697662,2024-07-31,44.625.562/0001-04,FUNDO DE INVESTIMENTO IMOBILIARIO TG REAL ESTATE,FUNDO DE INVESTIMENTO IMOBILIARIO TG REAL ESTATE,FII,FECHADO,QUALIFICADO,TG CORE ASSET LTDA,13.194.316/0001-03,OLIVEIRA TRUST DTVM S.A.,36.113.876/0001-91,2024-12-31
13327,32781 - TG REAL ESTATE FII,44.625.562/0001-04,31/07/2024,Fundos de Investimentos Imobiliário,BR0B4QCTF006,XP INVESTIMENTOS CCTVM S.A.,TG CORE ASSET LTDA,1362215590.41,9.52018109,Renda Fixa | Definitiva,21C0822821,VIRGO COMPANHIA DE SECURITIZAÇÃO,20/01/2032,1500.0,1051020.65780652,0.077155236308093,2024-07-31,44.625.562/0001-04,FUNDO DE INVESTIMENTO IMOBILIARIO TG REAL ESTATE,FUNDO DE INVESTIMENTO IMOBILIARIO TG REAL ESTATE,FII,FECHADO,QUALIFICADO,TG CORE ASSET LTDA,13.194.316/0001-03,OLIVEIRA TRUST DTVM S.A.,36.113.876/0001-91,2024-12-31
13328,32781 - TG REAL ESTATE FII,44.625.562/0001-04,31/07/2024,Fundos de Investimentos Imobiliário,BR0B4QCTF006,XP INVESTIMENTOS CCTVM S.A.,TG CORE ASSET LTDA,1362215590.41,9.52018109,Renda Fixa | Definitiva,21C0830878,VIRGO COMPANHIA DE SECURITIZAÇÃO,20/01/2032,1863.0,1223977.318377664,0.08985195346422889,2024-07-31,44.625.562/0001-04,FUNDO DE INVESTIMENTO IMOBILIARIO TG REAL ESTATE,FUNDO DE INVESTIMENTO IMOBILIARIO TG REAL ESTATE,FII,FECHADO,QUALIFICADO,TG CORE ASSET LTDA,13.194.316/0001-03,OLIVEIRA TRUST DTVM S.A.,36.113.876/0001-91,2024-12-31
13329,32781 - TG REAL ESTATE FII,44.625.562/0001-04,31/07/2024,Fundos de Investimentos Imobiliário,BR0B4QCTF006,XP INVESTIMENTOS CCTVM S.A.,TG CORE ASSET LTDA,1362215590.41,9.52018109,Renda Fixa | Definitiva,21C0830878,VIRGO COMPANHIA DE SECURITIZAÇÃO,20/01/2032,2200.0,1445383.843494826,0.1061053664097174,2024-07-31,44.625.562/0001-04,FUNDO DE INVESTIMENTO IMOBILIARIO TG REAL ESTATE,FUNDO DE INVESTIMENTO IMOBILIARIO TG REAL ESTATE,FII,FECHADO,QUALIFICADO,TG CORE ASSET LTDA,13.194.316/0001-03,OLIVEIRA TRUST DTVM S.A.,36.113.876/0001-91,2024-12-31
13330,32781 - TG REAL ESTATE FII,44.625.562/0001-04,31/07/2024,Fundos de Investimentos Imobiliário,BR0B4QCTF006,XP INVESTIMENTOS CCTVM S.A.,TG CORE ASSET LTDA,1362215590.41,9.52018109,Renda Fixa | Definitiva,21C0834078,VIRGO COMPANHIA DE SECURITIZAÇÃO,20/01/2032,3500.0,2533951.259730058,0.18601690346000135,2024-07-31,44.625.562/0001-04,FUNDO DE INVESTIMENTO IMOBILIARIO TG REAL ESTATE,FUNDO DE INVESTIMENTO IMOBILIARIO TG REAL ESTATE,FII,FECHADO,QUALIFICADO,TG CORE ASSET LTDA,13.194.316/0001-03,OLIVEIRA TRUST DTVM S.A.,36.113.876/0001-91,2024-12-31
13331,32781 - TG REAL ESTATE FII,44.625.562/0001-04,31/07/2024,Fundos de Investimentos Imobiliário,BR0B4QCTF006,XP INVESTIMENTOS CCTVM S.A.,TG CORE ASSET LTDA,1362215590.41,9.52018109,Renda Fixa | Definitiva,21A0608492,VIRGO COMPANHIA DE SECURITIZAÇÃO,20/01/2026,1800.0,1934694.922857084,0.1420256042051889,2024-07-31,44.625.562/0001-04,FUNDO DE INVESTIMENTO IMOBILIARIO TG REAL ESTATE,FUNDO DE INVESTIMENTO IMOBILIARIO TG REAL ESTATE,FII,FECHADO,QUALIFICADO,TG CORE ASSET LTDA,13.194.316/0001-03,OLIVEIRA TRUST DTVM S.A.,36.113.876/0001-91,2024-12-31
13332,32781 - TG REAL ESTATE FII,44.625.562/0001-04,31/07/2024,Fundos de Investimentos Imobiliário,BR0B4QCTF006,XP INVESTIMENTOS CCTVM S.A.,TG CORE ASSET LTDA,1362215590.41,9.52018109,Renda Fixa | Definitiva,21C0830879,VIRGO COMPANHIA DE SECURITIZAÇÃO,20/01/2032,563.0,366228.0252977784,0.026884733068394187,2024-07-31,44.625.562/0001-04,FUNDO DE INVESTIMENTO IMOBILIARIO TG REAL ESTATE,FUNDO DE INVESTIMENTO IMOBILIARIO TG REAL ESTATE,FII,FECHADO,QUALIFICADO,TG CORE ASSET LTDA,13.194.316/0001-03,OLIVEIRA TRUST DTVM S.A.,36.113.876/0001-91,2024-12-31
13333,32781 - TG REAL ESTATE FII,44.625.562/0001-04,31/07/2024,Fundos de Investimentos Imobiliário,BR0B4QCTF006,XP INVESTIMENTOS CCTVM S.A.,TG CORE ASSET LTDA,1362215590.41,9.52018109,Renda Fixa | Definitiva,22L1668403,CANAL COMPANHIA DE SECURITIZACAO,22/12/2027,2000.0,1671749.951678446,0.1227228614506814,2024-07-31,44.625.562/0001-04,FUNDO DE INVESTIMENTO IMOBILIARIO TG REAL ESTATE,FUNDO DE INVESTIMENTO IMOBILIARIO TG REAL ESTATE,FII,FECHADO,QUALIFICADO,TG CORE ASSET LTDA,13.194.316/0001-03,OLIVEIRA TRUST DTVM S.A.,36.113.876/0001-91,2024-12-31
13334,32781 - TG REAL ESTATE FII,44.625.562/0001-04,31/07/2024,Fundos de Investimentos Imobiliário,BR0B4QCTF006,XP INVESTIMENTOS CCTVM S.A.,TG CORE ASSET LTDA,1362215590.41,9.52018109,Renda Fixa | Definitiva,23B0330159,VIRGO COMPANHIA DE SECURITIZAÇÃO,19/02/2035,2000.0,1798072.88560212,0.13199620517196808,2024-07-31,44.625.562/0001-04,FUNDO DE INVESTIMENTO IMOBILIARIO TG REAL ESTATE,FUNDO DE INVESTIMENTO IMOBILIARIO TG REAL ESTATE,FII,FECHADO,QUALIFICADO,TG CORE ASSET LTDA,13.194.316/0001-03,OLIVEIRA TRUST DTVM S.A.,36.113.876/0001-91,2024-12-31
13335,32781 - TG REAL ESTATE FII,44.625.562/0001-04,31/07/2024,Fundos de Investimentos Imobiliário,BR0B4QCTF006,XP INVESTIMENTOS CCTVM S.A.,TG CORE ASSET LTDA,1362215590.41,9.52018109,Renda Fixa | Definitiva,21C0528814,VIRGO COMPANHIA DE SECURITIZAÇÃO,20/01/2032,571.0,242700.6609495564,0.017816611603784997,2024-07-31,44.625.562/0001-04,FUNDO DE INVESTIMENTO IMOBILIARIO TG REAL ESTATE,FUNDO DE INVESTIMENTO IMOBILIARIO TG REAL ESTATE,FII,FECHADO,QUALIFICADO,TG CORE ASSET LTDA,13.194.316/0001-03,OLIVEIRA TRUST DTVM S.A.,36.113.876/0001-91,2024-12-31
13336,32781 - TG REAL ESTATE FII,44.625.562/0001-04,31/07/2024,Fundos de Investimentos Imobiliário,BR0B4QCTF006,XP INVESTIMENTOS CCTVM S.A.,TG CORE ASSET LTDA,1362215590.41,9.52018109,Renda Fixa | Definitiva,21C0528814,VIRGO COMPANHIA DE SECURITIZAÇÃO,20/01/2032,429.0,182344.2794174426,0.013385860556959311,2024-07-31,44.625.562/0001-04,FUNDO DE INVESTIMENTO IMOBILIARIO TG REAL ESTATE,FUNDO DE INVESTIMENTO IMOBILIARIO TG REAL ESTATE,FII,FECHADO,QUALIFICADO,TG CORE ASSET LTDA,13.194.316/0001-03,OLIVEIRA TRUST DTVM S.A.,36.113.876/0001-91,2024-12-31
13337,32781 - TG REAL ESTATE FII,44.625.562/0001-04,31/07/2024,Fundos de Investimentos Imobiliário,BR0B4QCTF006,XP INVESTIMENTOS CCTVM S.A.,TG CORE ASSET LTDA,1362215590.41,9.52018109,Renda Fixa | Definitiva,20D0995555,Forte Securitizadora SA,20/06/2029,1695.0,1534003.702852266,0.11261093424944292,2024-07-31,44.625.562/0001-04,FUNDO DE INVESTIMENTO IMOBILIARIO TG REAL ESTATE,FUNDO DE INVESTIMENTO IMOBILIARIO TG REAL ESTATE,FII,FECHADO,QUALIFICADO,TG CORE ASSET LTDA,13.194.316/0001-03,OLIVEIRA TRUST DTVM S.A.,36.113.876/0001-91,2024-12-31
13338,32781 - TG REAL ESTATE FII,44.625.562/0001-04,31/07/2024,Fundos de Investimentos Imobiliário,BR0B4QCTF006,XP INVESTIMENTOS CCTVM S.A.,TG CORE ASSET LTDA,1362215590.41,9.52018109,Renda Fixa | Definitiva,20D0942992,VIRGO COMPANHIA DE SECURITIZAÇÃO,20/04/2030,4469.0,1742525.20350466,0.1279184598805094,2024-07-31,44.625.562/0001-04,FUNDO DE INVESTIMENTO IMOBILIARIO TG REAL ESTATE,FUNDO DE INVESTIMENTO IMOBILIARIO TG REAL ESTATE,FII,FECHADO,QUALIFICADO,TG CORE ASSET LTDA,13.194.316/0001-03,OLIVEIRA TRUST DTVM S.A.,36.113.876/0001-91,2024-12-31
13339,32781 - TG REAL ESTATE FII,44.625.562/0001-04,31/07/2024,Fundos de Investimentos Imobiliário,BR0B4QCTF006,XP INVESTIMENTOS CCTVM S.A.,TG CORE ASSET LTDA,1362215590.41,9.52018109,Renda Fixa | Definitiva,20F0851401,Forte Securitizadora SA,20/04/2030,1019.0,495843.3978534671,0.0363997741138925,2024-07-31,44.625.562/0001-04,FUNDO DE INVESTIMENTO IMOBILIARIO TG REAL ESTATE,FUNDO DE INVESTIMENTO IMOBILIARIO TG REAL ESTATE,FII,FECHADO,QUALIFICADO,TG CORE ASSET LTDA,13.194.316/0001-03,OLIVEIRA TRUST DTVM S.A.,36.113.876/0001-91,2024-12-31
13340,32781 - TG REAL ESTATE FII,44.625.562/0001-04,31/07/2024,Fundos de Investimentos Imobiliário,BR0B4QCTF006,XP INVESTIMENTOS CCTVM S.A.,TG CORE ASSET LTDA,1362215590.41,9.52018109,Renda Fixa | Definitiva,20F0851402,Forte Securitizadora SA,20/08/2029,3500.0,1738025.818737817,0.1275881608589361,2024-07-31,44.625.562/0001-04,FUNDO DE INVESTIMENTO IMOBILIARIO TG REAL ESTATE,FUNDO DE INVESTIMENTO IMOBILIARIO TG REAL ESTATE,FII,FECHADO,QUALIFICADO,TG CORE ASSET LTDA,13.194.316/0001-03,OLIVEIRA TRUST DTVM S.A.,36.113.876/0001-91,2024-12-31
13341,32781 - TG REAL ESTATE FII,44.625.562/0001-04,31/07/2024,Fundos de Investimentos Imobiliário,BR0B4QCTF006,XP INVESTIMENTOS CCTVM S.A.,TG CORE ASSET LTDA,1362215590.41,9.52018109,Renda Fixa | Definitiva,20F0851403,Forte Securitizadora SA,20/08/2029,3500.0,1840413.275925868,0.13510440556416917,2024-07-31,44.625.562/0001-04,FUNDO DE INVESTIMENTO IMOBILIARIO TG REAL ESTATE,FUNDO DE INVESTIMENTO IMOBILIARIO TG REAL ESTATE,FII,FECHADO,QUALIFICADO,TG CORE ASSET LTDA,13.194.316/0001-03,OLIVEIRA TRUST DTVM S.A.,36.113.876/0001-91,2024-12-31
13342,32781 - TG REAL ESTATE FII,44.625.562/0001-04,31/07/2024,Fundos de Investimentos Imobiliário,BR0B4QCTF006,XP INVESTIMENTOS CCTVM S.A.,TG CORE ASSET LTDA,1362215590.41,9.52018109,Renda Fixa | Definitiva,19K1139242,Forte Securitizadora SA,20/11/2025,3129.0,2971946.750753577,0.2181700732010474,2024-07-31,44.625.562/0001-04,FUNDO DE INVESTIMENTO IMOBILIARIO TG REAL ESTATE,FUNDO DE INVESTIMENTO IMOBILIARIO TG REAL ESTATE,FII,FECHADO,QUALIFICADO,TG CORE ASSET LTDA,13.194.316/0001-03,OLIVEIRA TRUST DTVM S.A.,36.113.876/0001-91,2024-12-31
13343,32781 - TG REAL ESTATE FII,44.625.562/0001-04,31/07/2024,Fundos de Investimentos Imobiliário,BR0B4QCTF006,XP INVESTIMENTOS CCTVM S.A.,TG CORE ASSET LTDA,1362215590.41,9.52018109,Renda Fixa | Definitiva,22D0059915,VIRGO COMPANHIA DE SECURITIZAÇÃO,23/04/2027,4237.0,2245504.966317212,0.16484211325472786,2024-07-31,44.625.562/0001-04,FUNDO DE INVESTIMENTO IMOBILIARIO TG REAL ESTATE,FUNDO DE INVESTIMENTO IMOBILIARIO TG REAL ESTATE,FII,FECHADO,QUALIFICADO,TG CORE ASSET LTDA,13.194.316/0001-03,OLIVEIRA TRUST DTVM S.A.,36.113.876/0001-91,2024-12-31
13344,32781 - TG REAL ESTATE FII,44.625.562/0001-04,31/07/2024,Fundos de Investimentos Imobiliário,BR0B4QCTF006,XP INVESTIMENTOS CCTVM S.A.,TG CORE ASSET LTDA,1362215590.41,9.52018109,Renda Fixa | Definitiva,23G1149794,RBCAPITALRES,26/06/2029,3479.0,3283561.356208531,0.24104564500104156,2024-07-31,44.625.562/0001-04,FUNDO DE INVESTIMENTO IMOBILIARIO TG REAL ESTATE,FUNDO DE INVESTIMENTO IMOBILIARIO TG REAL ESTATE,FII,FECHADO,QUALIFICADO,TG CORE ASSET LTDA,13.194.316/0001-03,OLIVEIRA TRUST DTVM S.A.,36.113.876/0001-91,2024-12-31
13345,32781 - TG REAL ESTATE FII,44.625.562/0001-04,31/07/2024,Fundos de Investimentos Imobiliário,BR0B4QCTF006,XP INVESTIMENTOS CCTVM S.A.,TG CORE ASSET LTDA,1362215590.41,9.52018109,Renda Fixa | Definitiva,23G1149794,RBCAPITALRES,26/06/2029,5714.0,5393006.493065693,0.39589963079504215,2024-07-31,44.625.562/0001-04,FUNDO DE INVESTIMENTO IMOBILIARIO TG REAL ESTATE,FUNDO DE INVESTIMENTO IMOBILIARIO TG REAL ESTATE,FII,FECHADO,QUALIFICADO,TG CORE ASSET LTDA,13.194.316/0001-03,OLIVEIRA TRUST DTVM S.A.,36.113.876/0001-91,2024-12-31
13346,32781 - TG REAL ESTATE FII,44.625.562/0001-04,31/07/2024,Fundos de Investimentos Imobiliário,BR0B4QCTF006,XP INVESTIMENTOS CCTVM S.A.,TG CORE ASSET LTDA,1362215590.41,9.52018109,Renda Fixa | Definitiva,22G0893940,VIRGO COMPANHIA DE SECURITIZAÇÃO,23/06/2027,6549.0,7021381.541780951,0.5154383484678555,2024-07-31,44.625.562/0001-04,FUNDO DE INVESTIMENTO IMOBILIARIO TG REAL ESTATE,FUNDO DE INVESTIMENTO IMOBILIARIO TG REAL ESTATE,FII,FECHADO,QUALIFICADO,TG CORE ASSET LTDA,13.194.316/0001-03,OLIVEIRA TRUST DTVM S.A.,36.113.876/0001-91,2024-12-31
13347,32781 - TG REAL ESTATE FII,44.625.562/0001-04,31/07/2024,Fundos de Investimentos Imobiliário,BR0B4QCTF006,XP INVESTIMENTOS CCTVM S.A.,TG CORE ASSET LTDA,1362215590.41,9.52018109,Renda Fixa | Definitiva,22I0248848,VIRGO COMPANHIA DE SECURITIZAÇÃO,20/07/2032,3647.0,3689497.914657588,0.27084537430283867,2024-07-31,44.625.562/0001-04,FUNDO DE INVESTIMENTO IMOBILIARIO TG REAL ESTATE,FUNDO DE INVESTIMENTO IMOBILIARIO TG REAL ESTATE,FII,FECHADO,QUALIFICADO,TG CORE ASSET LTDA,13.194.316/0001-03,OLIVEIRA TRUST DTVM S.A.,36.113.876/0001-91,2024-12-31
13348,32781 - TG REAL ESTATE FII,44.625.562/0001-04,31/07/2024,Fundos de Investimentos Imobiliário,BR0B4QCTF006,XP INVESTIMENTOS CCTVM S.A.,TG CORE ASSET LTDA,1362215590.41,9.52018109,Renda Fixa | Definitiva,21L0967495,HABITASEC SECURITIZADORA,24/12/2024,4715.0,5092649.198538098,0.3738504561532224,2024-07-31,44.625.562/0001-04,FUNDO DE INVESTIMENTO IMOBILIARIO TG REAL ESTATE,FUNDO DE INVESTIMENTO IMOBILIARIO TG REAL ESTATE,FII,FECHADO,QUALIFICADO,TG CORE ASSET LTDA,13.194.316/0001-03,OLIVEIRA TRUST DTVM S.A.,36.113.876/0001-91,2024-12-31
13349,32781 - TG REAL ESTATE FII,44.625.562/0001-04,31/07/2024,Fundos de Investimentos Imobiliário,BR0B4QCTF006,XP INVESTIMENTOS CCTVM S.A.,TG CORE ASSET LTDA,1362215590.41,9.52018109,Renda Fixa | Definitiva,21A0796004,Forte Securitizadora SA,20/11/2031,630.0,431624.8595278381,0.03168550283570955,2024-07-31,44.625.562/0001-04,FUNDO DE INVESTIMENTO IMOBILIARIO TG REAL ESTATE,FUNDO DE INVESTIMENTO IMOBILIARIO TG REAL ESTATE,FII,FECHADO,QUALIFICADO,TG CORE ASSET LTDA,13.194.316/0001-03,OLIVEIRA TRUST DTVM S.A.,36.113.876/0001-91,2024-12-31
13350,32781 - TG REAL ESTATE FII,44.625.562/0001-04,31/07/2024,Fundos de Investimentos Imobiliário,BR0B4QCTF006,XP INVESTIMENTOS CCTVM S.A.,TG CORE ASSET LTDA,1362215590.41,9.52018109,Renda Fixa | Definitiva,22I0248848,VIRGO COMPANHIA DE SECURITIZAÇÃO,20/07/2032,1370.0,1385964.39349627,0.10174339533723308,2024-07-31,44.625.562/0001-04,FUNDO DE INVESTIMENTO IMOBILIARIO TG REAL ESTATE,FUNDO DE INVESTIMENTO IMOBILIARIO TG REAL ESTATE,FII,FECHADO,QUALIFICADO,TG CORE ASSET LTDA,13.194.316/0001-03,OLIVEIRA TRUST DTVM S.A.,36.113.876/0001-91,2024-12-31
13351,32781 - TG REAL ESTATE FII,44.625.562/0001-04,31/07/2024,Fundos de Investimentos Imobiliário,BR0B4QCTF006,XP INVESTIMENTOS CCTVM S.A.,TG CORE ASSET LTDA,1362215590.41,9.52018109,Renda Fixa | Definitiva,22I0351747,VIRGO COMPANHIA DE SECURITIZAÇÃO,21/01/2026,350.0,352770.3336049235,0.025896806356382,2024-07-31,44.625.562/0001-04,FUNDO DE INVESTIMENTO IMOBILIARIO TG REAL ESTATE,FUNDO DE INVESTIMENTO IMOBILIARIO TG REAL ESTATE,FII,FECHADO,QUALIFICADO,TG CORE ASSET LTDA,13.194.316/0001-03,OLIVEIRA TRUST DTVM S.A.,36.113.876/0001-91,2024-12-31
13352,32781 - TG REAL ESTATE FII,44.625.562/0001-04,31/07/2024,Fundos de Investimentos Imobiliário,BR0B4QCTF006,XP INVESTIMENTOS CCTVM S.A.,TG CORE ASSET LTDA,1362215590.41,9.52018109,Renda Fixa | Definitiva,22G0893940,VIRGO COMPANHIA DE SECURITIZAÇÃO,23/06/2027,467.0,500684.8648666521,0.0367551853312702,2024-07-31,44.625.562/0001-04,FUNDO DE INVESTIMENTO IMOBILIARIO TG REAL ESTATE,FUNDO DE INVESTIMENTO IMOBILIARIO TG REAL ESTATE,FII,FECHADO,QUALIFICADO,TG CORE ASSET LTDA,13.194.316/0001-03,OLIVEIRA TRUST DTVM S.A.,36.113.876/0001-91,2024-12-31
13353,32781 - TG REAL ESTATE FII,44.625.562/0001-04,31/07/2024,Fundos de Investimentos Imobiliário,BR0B4QCTF006,XP INVESTIMENTOS CCTVM S.A.,TG CORE ASSET LTDA,1362215590.41,9.52018109,Renda Fixa | Definitiva,22I0248791,VIRGO COMPANHIA DE SECURITIZAÇÃO,20/07/2032,10000.0,9443314.16189036,0.6932319838630028,2024-07-31,44.625.562/0001-04,FUNDO DE INVESTIMENTO IMOBILIARIO TG REAL ESTATE,FUNDO DE INVESTIMENTO IMOBILIARIO TG REAL ESTATE,FII,FECHADO,QUALIFICADO,TG CORE ASSET LTDA,13.194.316/0001-03,OLIVEIRA TRUST DTVM S.A.,36.113.876/0001-91,2024-12-31
13354,32781 - TG REAL ESTATE FII,44.625.562/0001-04,31/07/2024,Fundos de Investimentos Imobiliário,BR0B4QCTF006,XP INVESTIMENTOS CCTVM S.A.,TG CORE ASSET LTDA,1362215590.41,9.52018109,Renda Fixa | Definitiva,20D0942992,VIRGO COMPANHIA DE SECURITIZAÇÃO,20/04/2030,1443.0,562645.7526644047,0.0413037228927221,2024-07-31,44.625.562/0001-04,FUNDO DE INVESTIMENTO IMOBILIARIO TG REAL ESTATE,FUNDO DE INVESTIMENTO IMOBILIARIO TG REAL ESTATE,FII,FECHADO,QUALIFICADO,TG CORE ASSET LTDA,13.194.316/0001-03,OLIVEIRA TRUST DTVM S.A.,36.113.876/0001-91,2024-12-31
13355,32781 - TG REAL ESTATE FII,44.625.562/0001-04,31/07/2024,Fundos de Investimentos Imobiliário,BR0B4QCTF006,XP INVESTIMENTOS CCTVM S.A.,TG CORE ASSET LTDA,1362215590.41,9.52018109,Renda Fixa | Definitiva,22H1237621,VIRGO COMPANHIA DE SECURITIZAÇÃO,21/07/2027,2700.0,2567388.58285188,0.1884715312999132,2024-07-31,44.625.562/0001-04,FUNDO DE INVESTIMENTO IMOBILIARIO TG REAL ESTATE,FUNDO DE INVESTIMENTO IMOBILIARIO TG REAL ESTATE,FII,FECHADO,QUALIFICADO,TG CORE ASSET LTDA,13.194.316/0001-03,OLIVEIRA TRUST DTVM S.A.,36.113.876/0001-91,2024-12-31
13356,32781 - TG REAL ESTATE FII,44.625.562/0001-04,31/07/2024,Fundos de Investimentos Imobiliário,BR0B4QCTF006,XP INVESTIMENTOS CCTVM S.A.,TG CORE ASSET LTDA,1362215590.41,9.52018109,Renda Fixa | Definitiva,21A0607944,VIRGO COMPANHIA DE SECURITIZAÇÃO,20/01/2026,3420.0,4877236.640663439,0.3580370592584018,2024-07-31,44.625.562/0001-04,FUNDO DE INVESTIMENTO IMOBILIARIO TG REAL ESTATE,FUNDO DE INVESTIMENTO IMOBILIARIO TG REAL ESTATE,FII,FECHADO,QUALIFICADO,TG CORE ASSET LTDA,13.194.316/0001-03,OLIVEIRA TRUST DTVM S.A.,36.113.876/0001-91,2024-12-31
13357,32781 - TG REAL ESTATE FII,44.625.562/0001-04,31/07/2024,Fundos de Investimentos Imobiliário,BR0B4QCTF006,XP INVESTIMENTOS CCTVM S.A.,TG CORE ASSET LTDA,1362215590.41,9.52018109,Renda Fixa | Definitiva,21L0967496,HABITASEC SECURITIZADORA,24/12/2024,1000.0,1063343.27339946,0.0780598372890017,2024-07-31,44.625.562/0001-04,FUNDO DE INVESTIMENTO IMOBILIARIO TG REAL ESTATE,FUNDO DE INVESTIMENTO IMOBILIARIO TG REAL ESTATE,FII,FECHADO,QUALIFICADO,TG CORE ASSET LTDA,13.194.316/0001-03,OLIVEIRA TRUST DTVM S.A.,36.113.876/0001-91,2024-12-31
13358,32781 - TG REAL ESTATE FII,44.625.562/0001-04,31/07/2024,Fundos de Investimentos Imobiliário,BR0B4QCTF006,XP INVESTIMENTOS CCTVM S.A.,TG CORE ASSET LTDA,1362215590.41,9.52018109,Renda Fixa | Definitiva,23E1081237,TRUE SECURITIZADORA S.A.,20/04/2027,2118.0,2113688.658364771,0.15516550194001172,2024-07-31,44.625.562/0001-04,FUNDO DE INVESTIMENTO IMOBILIARIO TG REAL ESTATE,FUNDO DE INVESTIMENTO IMOBILIARIO TG REAL ESTATE,FII,FECHADO,QUALIFICADO,TG CORE ASSET LTDA,13.194.316/0001-03,OLIVEIRA TRUST DTVM S.A.,36.113.876/0001-91,2024-12-31
13359,32781 - TG REAL ESTATE FII,44.625.562/0001-04,31/07/2024,Fundos de Investimentos Imobiliário,BR0B4QCTF006,XP INVESTIMENTOS CCTVM S.A.,TG CORE ASSET LTDA,1362215590.41,9.52018109,Renda Fixa | Definitiva,19D1329451,Forte Securitizadora SA,20/11/2026,1250.0,723138.4868891649,0.05308546547110905,2024-07-31,44.625.562/0001-04,FUNDO DE INVESTIMENTO IMOBILIARIO TG REAL ESTATE,FUNDO DE INVESTIMENTO IMOBILIARIO TG REAL ESTATE,FII,FECHADO,QUALIFICADO,TG CORE ASSET LTDA,13.194.316/0001-03,OLIVEIRA TRUST DTVM S.A.,36.113.876/0001-91,2024-12-31
13360,32781 - TG REAL ESTATE FII,44.625.562/0001-04,31/07/2024,Fundos de Investimentos Imobiliário,BR0B4QCTF006,XP INVESTIMENTOS CCTVM S.A.,TG CORE ASSET LTDA,1362215590.41,9.52018109,Renda Fixa | Definitiva,21L0967495,HABITASEC SECURITIZADORA,24/12/2024,1785.0,1927970.057134783,0.14153193302937475,2024-07-31,44.625.562/0001-04,FUNDO DE INVESTIMENTO IMOBILIARIO TG REAL ESTATE,FUNDO DE INVESTIMENTO IMOBILIARIO TG REAL ESTATE,FII,FECHADO,QUALIFICADO,TG CORE ASSET LTDA,13.194.316/0001-03,OLIVEIRA TRUST DTVM S.A.,36.113.876/0001-91,2024-12-31
13361,32781 - TG REAL ESTATE FII,44.625.562/0001-04,31/07/2024,Fundos de Investimentos Imobiliário,BR0B4QCTF006,XP INVESTIMENTOS CCTVM S.A.,TG CORE ASSET LTDA,1362215590.41,9.52018109,Renda Fixa | Definitiva,23E1081237,TRUE SECURITIZADORA S.A.,20/04/2027,3000.0,2993893.283802792,0.2197811642209798,2024-07-31,44.625.562/0001-04,FUNDO DE INVESTIMENTO IMOBILIARIO TG REAL ESTATE,FUNDO DE INVESTIMENTO IMOBILIARIO TG REAL ESTATE,FII,FECHADO,QUALIFICADO,TG CORE ASSET LTDA,13.194.316/0001-03,OLIVEIRA TRUST DTVM S.A.,36.113.876/0001-91,2024-12-31
13362,32781 - TG REAL ESTATE FII,44.625.562/0001-04,31/07/2024,Fundos de Investimentos Imobiliário,BR0B4QCTF006,XP INVESTIMENTOS CCTVM S.A.,TG CORE ASSET LTDA,1362215590.41,9.52018109,Renda Fixa | Definitiva,23E1079719,TRUE SECURITIZADORA S.A.,20/04/2027,590.0,574723.0463318209,0.04219031483546893,2024-07-31,44.625.562/0001-04,FUNDO DE INVESTIMENTO IMOBILIARIO TG REAL ESTATE,FUNDO DE INVESTIMENTO IMOBILIARIO TG REAL ESTATE,FII,FECHADO,QUALIFICADO,TG CORE ASSET LTDA,13.194.316/0001-03,OLIVEIRA TRUST DTVM S.A.,36.113.876/0001-91,2024-12-31
13363,32781 - TG REAL ESTATE FII,44.625.562/0001-04,31/07/2024,Fundos de Investimentos Imobiliário,BR0B4QCTF006,XP INVESTIMENTOS CCTVM S.A.,TG CORE ASSET LTDA,1362215590.41,9.52018109,Renda Fixa | Definitiva,22I0248815,VIRGO COMPANHIA DE SECURITIZAÇÃO,20/07/2032,10000.0,9824667.42517338,0.721227057914992,2024-07-31,44.625.562/0001-04,FUNDO DE INVESTIMENTO IMOBILIARIO TG REAL ESTATE,FUNDO DE INVESTIMENTO IMOBILIARIO TG REAL ESTATE,FII,FECHADO,QUALIFICADO,TG CORE ASSET LTDA,13.194.316/0001-03,OLIVEIRA TRUST DTVM S.A.,36.113.876/0001-91,2024-12-31
13364,32781 - TG REAL ESTATE FII,44.625.562/0001-04,31/07/2024,Fundos de Investimentos Imobiliário,BR0B4QCTF006,XP INVESTIMENTOS CCTVM S.A.,TG CORE ASSET LTDA,1362215590.41,9.52018109,Renda Fixa | Definitiva,22I0050260,VIRGO COMPANHIA DE SECURITIZAÇÃO,20/07/2032,8800.0,7977200.522882976,0.5856048469157511,2024-07-31,44.625.562/0001-04,FUNDO DE INVESTIMENTO IMOBILIARIO TG REAL ESTATE,FUNDO DE INVESTIMENTO IMOBILIARIO TG REAL ESTATE,FII,FECHADO,QUALIFICADO,TG CORE ASSET LTDA,13.194.316/0001-03,OLIVEIRA TRUST DTVM S.A.,36.113.876/0001-91,2024-12-31
13365,32781 - TG REAL ESTATE FII,44.625.562/0001-04,31/07/2024,Fundos de Investimentos Imobiliário,BR0B4QCTF006,XP INVESTIMENTOS CCTVM S.A.,TG CORE ASSET LTDA,1362215590.41,9.52018109,Renda Fixa | Definitiva,23E1081252,TRUE SECURITIZADORA S.A.,20/04/2027,500.0,504403.440391655,0.03702816528768691,2024-07-31,44.625.562/0001-04,FUNDO DE INVESTIMENTO IMOBILIARIO TG REAL ESTATE,FUNDO DE INVESTIMENTO IMOBILIARIO TG REAL ESTATE,FII,FECHADO,QUALIFICADO,TG CORE ASSET LTDA,13.194.316/0001-03,OLIVEIRA TRUST DTVM S.A.,36.113.876/0001-91,2024-12-31
13366,32781 - TG REAL ESTATE FII,44.625.562/0001-04,31/07/2024,Fundos de Investimentos Imobiliário,BR0B4QCTF006,XP INVESTIMENTOS CCTVM S.A.,TG CORE ASSET LTDA,1362215590.41,9.52018109,Renda Fixa | Definitiva,22I0248854,VIRGO COMPANHIA DE SECURITIZAÇÃO,20/07/2032,2600.0,2618241.825364438,0.19220465863089983,2024-07-31,44.625.562/0001-04,FUNDO DE INVESTIMENTO IMOBILIARIO TG REAL ESTATE,FUNDO DE INVESTIMENTO IMOBILIARIO TG REAL ESTATE,FII,FECHADO,QUALIFICADO,TG CORE ASSET LTDA,13.194.316/0001-03,OLIVEIRA TRUST DTVM S.A.,36.113.876/0001-91,2024-12-31
13367,32781 - TG REAL ESTATE FII,44.625.562/0001-04,31/07/2024,Fundos de Investimentos Imobiliário,BR0B4QCTF006,XP INVESTIMENTOS CCTVM S.A.,TG CORE ASSET LTDA,1362215590.41,9.52018109,Renda Fixa | Definitiva,21A0796003,Forte Securitizadora SA,20/11/2031,400.0,268619.29041815,0.019719293503115826,2024-07-31,44.625.562/0001-04,FUNDO DE INVESTIMENTO IMOBILIARIO TG REAL ESTATE,FUNDO DE INVESTIMENTO IMOBILIARIO TG REAL ESTATE,FII,FECHADO,QUALIFICADO,TG CORE ASSET LTDA,13.194.316/0001-03,OLIVEIRA TRUST DTVM S.A.,36.113.876/0001-91,2024-12-31
13368,32781 - TG REAL ESTATE FII,44.625.562/0001-04,31/07/2024,Fundos de Investimentos Imobiliário,BR0B4QCTF006,XP INVESTIMENTOS CCTVM S.A.,TG CORE ASSET LTDA,1362215590.41,9.52018109,Renda Fixa | Definitiva,24C2146614,LEVERAGE COMPANHIA SECURITIZADORA,22/05/2028,3000.0,3022445.11276167,0.22187714881841672,2024-07-31,44.625.562/0001-04,FUNDO DE INVESTIMENTO IMOBILIARIO TG REAL ESTATE,FUNDO DE INVESTIMENTO IMOBILIARIO TG REAL ESTATE,FII,FECHADO,QUALIFICADO,TG CORE ASSET LTDA,13.194.316/0001-03,OLIVEIRA TRUST DTVM S.A.,36.113.876/0001-91,2024-12-31
13369,32781 - TG REAL ESTATE FII,44.625.562/0001-04,31/07/2024,Fundos de Investimentos Imobiliário,BR0B4QCTF006,XP INVESTIMENTOS CCTVM S.A.,TG CORE ASSET LTDA,1362215590.41,9.52018109,Renda Fixa | Definitiva,24D0770386,VERT COMPANHIA SECURITIZADORA,15/03/2034,2682.0,2650832.066646161,0.1945971023462089,2024-07-31,44.625.562/0001-04,FUNDO DE INVESTIMENTO IMOBILIARIO TG REAL ESTATE,FUNDO DE INVESTIMENTO IMOBILIARIO TG REAL ESTATE,FII,FECHADO,QUALIFICADO,TG CORE ASSET LTDA,13.194.316/0001-03,OLIVEIRA TRUST DTVM S.A.,36.113.876/0001-91,2024-12-31
13370,32781 - TG REAL ESTATE FII,44.625.562/0001-04,31/07/2024,Fundos de Investimentos Imobiliário,BR0B4QCTF006,XP INVESTIMENTOS CCTVM S.A.,TG CORE ASSET LTDA,1362215590.41,9.52018109,Renda Fixa | Definitiva,23B0330161,VIRGO COMPANHIA DE SECURITIZAÇÃO,19/02/2035,900.0,872409.6649182898,0.06404343563970749,2024-07-31,44.625.562/0001-04,FUNDO DE INVESTIMENTO IMOBILIARIO TG REAL ESTATE,FUNDO DE INVESTIMENTO IMOBILIARIO TG REAL ESTATE,FII,FECHADO,QUALIFICADO,TG CORE ASSET LTDA,13.194.316/0001-03,OLIVEIRA TRUST DTVM S.A.,36.113.876/0001-91,2024-12-31
13371,32781 - TG REAL ESTATE FII,44.625.562/0001-04,31/07/2024,Fundos de Investimentos Imobiliário,BR0B4QCTF006,XP INVESTIMENTOS CCTVM S.A.,TG CORE ASSET LTDA,1362215590.41,9.52018109,Renda Fixa | Definitiva,23B0330162,VIRGO COMPANHIA DE SECURITIZAÇÃO,19/02/2035,1000.0,988234.410254044,0.07254610923639516,2024-07-31,44.625.562/0001-04,FUNDO DE INVESTIMENTO IMOBILIARIO TG REAL ESTATE,FUNDO DE INVESTIMENTO IMOBILIARIO TG REAL ESTATE,FII,FECHADO,QUALIFICADO,TG CORE ASSET LTDA,13.194.316/0001-03,OLIVEIRA TRUST DTVM S.A.,36.113.876/0001-91,2024-12-31
13372,32781 - TG REAL ESTATE FII,44.625.562/0001-04,31/07/2024,Fundos de Investimentos Imobiliário,BR0B4QCTF006,XP INVESTIMENTOS CCTVM S.A.,TG CORE ASSET LTDA,1362215590.41,9.52018109,Renda Fixa | Definitiva,23E1081237,TRUE SECURITIZADORA S.A.,20/04/2027,1882.0,1878169.053372285,0.13787605035462802,2024-07-31,44.625.562/0001-04,FUNDO DE INVESTIMENTO IMOBILIARIO TG REAL ESTATE,FUNDO DE INVESTIMENTO IMOBILIARIO TG REAL ESTATE,FII,FECHADO,QUALIFICADO,TG CORE ASSET LTDA,13.194.316/0001-03,OLIVEIRA TRUST DTVM S.A.,36.113.876/0001-91,2024-12-31
13373,32781 - TG REAL ESTATE FII,44.625.562/0001-04,31/07/2024,Fundos de Investimentos Imobiliário,BR0B4QCTF006,XP INVESTIMENTOS CCTVM S.A.,TG CORE ASSET LTDA,1362215590.41,9.52018109,Renda Fixa | Definitiva,22G0893940,VIRGO COMPANHIA DE SECURITIZAÇÃO,23/06/2027,1962.0,2103519.710638911,0.15441900132752062,2024-07-31,44.625.562/0001-04,FUNDO DE INVESTIMENTO IMOBILIARIO TG REAL ESTATE,FUNDO DE INVESTIMENTO IMOBILIARIO TG REAL ESTATE,FII,FECHADO,QUALIFICADO,TG CORE ASSET LTDA,13.194.316/0001-03,OLIVEIRA TRUST DTVM S.A.,36.113.876/0001-91,2024-12-31
13374,32781 - TG REAL ESTATE FII,44.625.562/0001-04,31/07/2024,Fundos de Investimentos Imobiliário,BR0B4QCTF006,XP INVESTIMENTOS CCTVM S.A.,TG CORE ASSET LTDA,1362215590.41,9.52018109,Renda Fixa | Definitiva,21D0503168,Forte Securitizadora SA,20/04/2028,2450.0,673905.8163033666,0.049471304032024335,2024-07-31,44.625.562/0001-04,FUNDO DE INVESTIMENTO IMOBILIARIO TG REAL ESTATE,FUNDO DE INVESTIMENTO IMOBILIARIO TG REAL ESTATE,FII,FECHADO,QUALIFICADO,TG CORE ASSET LTDA,13.194.316/0001-03,OLIVEIRA TRUST DTVM S.A.,36.113.876/0001-91,2024-12-31
13375,32781 - TG REAL ESTATE FII,44.625.562/0001-04,31/07/2024,Fundos de Investimentos Imobiliário,BR0B4QCTF006,XP INVESTIMENTOS CCTVM S.A.,TG CORE ASSET LTDA,1362215590.41,9.52018109,Renda Fixa | Definitiva,23E1206892,HABITASEC SECURITIZADORA,24/04/2028,600.0,601842.700545492,0.04418116374401127,2024-07-31,44.625.562/0001-04,FUNDO DE INVESTIMENTO IMOBILIARIO TG REAL ESTATE,FUNDO DE INVESTIMENTO IMOBILIARIO TG REAL ESTATE,FII,FECHADO,QUALIFICADO,TG CORE ASSET LTDA,13.194.316/0001-03,OLIVEIRA TRUST DTVM S.A.,36.113.876/0001-91,2024-12-31
13376,32781 - TG REAL ESTATE FII,44.625.562/0001-04,31/07/2024,Fundos de Investimentos Imobiliário,BR0B4QCTF006,XP INVESTIMENTOS CCTVM S.A.,TG CORE ASSET LTDA,1362215590.41,9.52018109,Renda Fixa | Definitiva,22I0351653,VIRGO COMPANHIA DE SECURITIZAÇÃO,21/01/2026,110.0,114279.2721991536,0.008389220693382151,2024-07-31,44.625.562/0001-04,FUNDO DE INVESTIMENTO IMOBILIARIO TG REAL ESTATE,FUNDO DE INVESTIMENTO IMOBILIARIO TG REAL ESTATE,FII,FECHADO,QUALIFICADO,TG CORE ASSET LTDA,13.194.316/0001-03,OLIVEIRA TRUST DTVM S.A.,36.113.876/0001-91,2024-12-31
13377,32781 - TG REAL ESTATE FII,44.625.562/0001-04,31/07/2024,Fundos de Investimentos Imobiliário,BR0B4QCTF006,XP INVESTIMENTOS CCTVM S.A.,TG CORE ASSET LTDA,1362215590.41,9.52018109,Renda Fixa | Definitiva,22I0351747,VIRGO COMPANHIA DE SECURITIZAÇÃO,21/01/2026,460.0,463641.0098807566,0.03403580263981635,2024-07-31,44.625.562/0001-04,FUNDO DE INVESTIMENTO IMOBILIARIO TG REAL ESTATE,FUNDO DE INVESTIMENTO IMOBILIARIO TG REAL ESTATE,FII,FECHADO,QUALIFICADO,TG CORE ASSET LTDA,13.194.316/0001-03,OLIVEIRA TRUST DTVM S.A.,36.113.876/0001-91,2024-12-31
13378,32781 - TG REAL ESTATE FII,44.625.562/0001-04,31/07/2024,Fundos de Investimentos Imobiliário,BR0B4QCTF006,XP INVESTIMENTOS CCTVM S.A.,TG CORE ASSET LTDA,1362215590.41,9.52018109,Renda Fixa | Definitiva,21L0967448,HABITASEC SECURITIZADORA,24/12/2024,6500.0,7066025.989529326,0.5187156892986808,2024-07-31,44.625.562/0001-04,FUNDO DE INVESTIMENTO IMOBILIARIO TG REAL ESTATE,FUNDO DE INVESTIMENTO IMOBILIARIO TG REAL ESTATE,FII,FECHADO,QUALIFICADO,TG CORE ASSET LTDA,13.194.316/0001-03,OLIVEIRA TRUST DTVM S.A.,36.113.876/0001-91,2024-12-31
13379,32781 - TG REAL ESTATE FII,44.625.562/0001-04,31/07/2024,Fundos de Investimentos Imobiliário,BR0B4QCTF006,XP INVESTIMENTOS CCTVM S.A.,TG CORE ASSET LTDA,1362215590.41,9.52018109,Renda Fixa | Definitiva,22I0050260,VIRGO COMPANHIA DE SECURITIZAÇÃO,20/07/2032,7200.0,6526800.427813344,0.47913123838561456,2024-07-31,44.625.562/0001-04,FUNDO DE INVESTIMENTO IMOBILIARIO TG REAL ESTATE,FUNDO DE INVESTIMENTO IMOBILIARIO TG REAL ESTATE,FII,FECHADO,QUALIFICADO,TG CORE ASSET LTDA,13.194.316/0001-03,OLIVEIRA TRUST DTVM S.A.,36.113.876/0001-91,2024-12-31
13380,32781 - TG REAL ESTATE FII,44.625.562/0001-04,31/07/2024,Fundos de Investimentos Imobiliário,BR0B4QCTF006,XP INVESTIMENTOS CCTVM S.A.,TG CORE ASSET LTDA,1362215590.41,9.52018109,Renda Fixa | Definitiva,22G0893940,VIRGO COMPANHIA DE SECURITIZAÇÃO,23/06/2027,1800.0,1929834.596916432,0.14166880855735836,2024-07-31,44.625.562/0001-04,FUNDO DE INVESTIMENTO IMOBILIARIO TG REAL ESTATE,FUNDO DE INVESTIMENTO IMOBILIARIO TG REAL ESTATE,FII,FECHADO,QUALIFICADO,TG CORE ASSET LTDA,13.194.316/0001-03,OLIVEIRA TRUST DTVM S.A.,36.113.876/0001-91,2024-12-31
13381,32781 - TG REAL ESTATE FII,44.625.562/0001-04,31/07/2024,Fundos de Investimentos Imobiliário,BR0B4QCTF006,XP INVESTIMENTOS CCTVM S.A.,TG CORE ASSET LTDA,1362215590.41,9.52018109,Renda Fixa | Definitiva,23G1149789,RBCAPITALRES,26/06/2029,21545.0,20195669.46132297,1.4825604407628656,2024-07-31,44.625.562/0001-04,FUNDO DE INVESTIMENTO IMOBILIARIO TG REAL ESTATE,FUNDO DE INVESTIMENTO IMOBILIARIO TG REAL ESTATE,FII,FECHADO,QUALIFICADO,TG CORE ASSET LTDA,13.194.316/0001-03,OLIVEIRA TRUST DTVM S.A.,36.113.876/0001-91,2024-12-31
13382,32781 - TG REAL ESTATE FII,44.625.562/0001-04,31/07/2024,Fundos de Investimentos Imobiliário,BR0B4QCTF006,XP INVESTIMENTOS CCTVM S.A.,TG CORE ASSET LTDA,1362215590.41,9.52018109,Renda Fixa | Definitiva,24E2256429,LEVERAGE COMPANHIA SECURITIZADORA,22/09/2027,5250.0,5296843.033858373,0.3888402886553462,2024-07-31,44.625.562/0001-04,FUNDO DE INVESTIMENTO IMOBILIARIO TG REAL ESTATE,FUNDO DE INVESTIMENTO IMOBILIARIO TG REAL ESTATE,FII,FECHADO,QUALIFICADO,TG CORE ASSET LTDA,13.194.316/0001-03,OLIVEIRA TRUST DTVM S.A.,36.113.876/0001-91,2024-12-31
13383,32781 - TG REAL ESTATE FII,44.625.562/0001-04,31/07/2024,Fundos de Investimentos Imobiliário,BR0B4QCTF006,XP INVESTIMENTOS CCTVM S.A.,TG CORE ASSET LTDA,1362215590.41,9.52018109,Renda Fixa | Definitiva,24E2213960,LEVERAGE COMPANHIA SECURITIZADORA,22/09/2027,5250.0,5306084.233445415,0.3895186834448421,2024-07-31,44.625.562/0001-04,FUNDO DE INVESTIMENTO IMOBILIARIO TG REAL ESTATE,FUNDO DE INVESTIMENTO IMOBILIARIO TG REAL ESTATE,FII,FECHADO,QUALIFICADO,TG CORE ASSET LTDA,13.194.316/0001-03,OLIVEIRA TRUST DTVM S.A.,36.113.876/0001-91,2024-12-31
13384,32781 - TG REAL ESTATE FII,44.625.562/0001-04,31/07/2024,Fundos de Investimentos Imobiliário,BR0B4QCTF006,XP INVESTIMENTOS CCTVM S.A.,TG CORE ASSET LTDA,1362215590.41,9.52018109,Renda Fixa | Definitiva,24C1630587,HABITASEC SECURITIZADORA,16/04/2027,2000.0,2038540.57159768,0.14964889448843552,2024-07-31,44.625.562/0001-04,FUNDO DE INVESTIMENTO IMOBILIARIO TG REAL ESTATE,FUNDO DE INVESTIMENTO IMOBILIARIO TG REAL ESTATE,FII,FECHADO,QUALIFICADO,TG CORE ASSET LTDA,13.194.316/0001-03,OLIVEIRA TRUST DTVM S.A.,36.113.876/0001-91,2024-12-31
13385,32781 - TG REAL ESTATE FII,44.625.562/0001-04,31/07/2024,Fundos de Investimentos Imobiliário,BR0B4QCTF006,XP INVESTIMENTOS CCTVM S.A.,TG CORE ASSET LTDA,1362215590.41,9.52018109,Renda Fixa | Definitiva,24D0770386,VERT COMPANHIA SECURITIZADORA,15/03/2034,20446.0,20208393.89807882,1.4834945393626344,2024-07-31,44.625.562/0001-04,FUNDO DE INVESTIMENTO IMOBILIARIO TG REAL ESTATE,FUNDO DE INVESTIMENTO IMOBILIARIO TG REAL ESTATE,FII,FECHADO,QUALIFICADO,TG CORE ASSET LTDA,13.194.316/0001-03,OLIVEIRA TRUST DTVM S.A.,36.113.876/0001-91,2024-12-31
13386,32781 - TG REAL ESTATE FII,44.625.562/0001-04,31/07/2024,Fundos de Investimentos Imobiliário,BR0B4QCTF006,XP INVESTIMENTOS CCTVM S.A.,TG CORE ASSET LTDA,1362215590.41,9.52018109,Renda Fixa | Definitiva,23E1206892,HABITASEC SECURITIZADORA,24/04/2028,700.0,702149.817303074,0.05154469103467982,2024-07-31,44.625.562/0001-04,FUNDO DE INVESTIMENTO IMOBILIARIO TG REAL ESTATE,FUNDO DE INVESTIMENTO IMOBILIARIO TG REAL ESTATE,FII,FECHADO,QUALIFICADO,TG CORE ASSET LTDA,13.194.316/0001-03,OLIVEIRA TRUST DTVM S.A.,36.113.876/0001-91,2024-12-31
13387,32781 - TG REAL ESTATE FII,44.625.562/0001-04,31/07/2024,Fundos de Investimentos Imobiliário,BR0B4QCTF006,XP INVESTIMENTOS CCTVM S.A.,TG CORE ASSET LTDA,1362215590.41,9.52018109,Renda Fixa | Definitiva,21L0967496,HABITASEC SECURITIZADORA,24/12/2024,1407.0,1496123.98567304,0.1098301910656254,2024-07-31,44.625.562/0001-04,FUNDO DE INVESTIMENTO IMOBILIARIO TG REAL ESTATE,FUNDO DE INVESTIMENTO IMOBILIARIO TG REAL ESTATE,FII,FECHADO,QUALIFICADO,TG CORE ASSET LTDA,13.194.316/0001-03,OLIVEIRA TRUST DTVM S.A.,36.113.876/0001-91,2024-12-31
13388,32781 - TG REAL ESTATE FII,44.625.562/0001-04,31/07/2024,Fundos de Investimentos Imobiliário,BR0B4QCTF006,XP INVESTIMENTOS CCTVM S.A.,TG CORE ASSET LTDA,1362215590.41,9.52018109,Renda Fixa | Definitiva,22I0248848,VIRGO COMPANHIA DE SECURITIZAÇÃO,20/07/2032,3353.0,3392071.979118972,0.24901139019397256,2024-07-31,44.625.562/0001-04,FUNDO DE INVESTIMENTO IMOBILIARIO TG REAL ESTATE,FUNDO DE INVESTIMENTO IMOBILIARIO TG REAL ESTATE,FII,FECHADO,QUALIFICADO,TG CORE ASSET LTDA,13.194.316/0001-03,OLIVEIRA TRUST DTVM S.A.,36.113.876/0001-91,2024-12-31
13389,32781 - TG REAL ESTATE FII,44.625.562/0001-04,31/07/2024,Fundos de Investimentos Imobiliário,BR0B4QCTF006,XP INVESTIMENTOS CCTVM S.A.,TG CORE ASSET LTDA,1362215590.41,9.52018109,Renda Fixa | Definitiva,24D0770386,VERT COMPANHIA SECURITIZADORA,15/03/2034,9821.0,9706868.652696474,0.7125794713430711,2024-07-31,44.625.562/0001-04,FUNDO DE INVESTIMENTO IMOBILIARIO TG REAL ESTATE,FUNDO DE INVESTIMENTO IMOBILIARIO TG REAL ESTATE,FII,FECHADO,QUALIFICADO,TG CORE ASSET LTDA,13.194.316/0001-03,OLIVEIRA TRUST DTVM S.A.,36.113.876/0001-91,2024-12-31
13390,32781 - TG REAL ESTATE FII,44.625.562/0001-04,31/07/2024,Fundos de Investimentos Imobiliário,BR0B4QCTF006,XP INVESTIMENTOS CCTVM S.A.,TG CORE ASSET LTDA,1362215590.41,9.52018109,Renda Fixa | Definitiva,23G1149789,RBCAPITALRES,26/06/2029,5717.0,5358952.99653671,0.3933997697768068,2024-07-31,44.625.562/0001-04,FUNDO DE INVESTIMENTO IMOBILIARIO TG REAL ESTATE,FUNDO DE INVESTIMENTO IMOBILIARIO TG REAL ESTATE,FII,FECHADO,QUALIFICADO,TG CORE ASSET LTDA,13.194.316/0001-03,OLIVEIRA TRUST DTVM S.A.,36.113.876/0001-91,2024-12-31
13391,32781 - TG REAL ESTATE FII,44.625.562/0001-04,31/07/2024,Fundos de Investimentos Imobiliário,BR0B4QCTF006,XP INVESTIMENTOS CCTVM S.A.,TG CORE ASSET LTDA,1362215590.41,9.52018109,Renda Fixa | Definitiva,21E0379796,RBCAPITALRES,20/06/2034,2318.0,2412203.246505531,0.1770794038394103,2024-07-31,44.625.562/0001-04,FUNDO DE INVESTIMENTO IMOBILIARIO TG REAL ESTATE,FUNDO DE INVESTIMENTO IMOBILIARIO TG REAL ESTATE,FII,FECHADO,QUALIFICADO,TG CORE ASSET LTDA,13.194.316/0001-03,OLIVEIRA TRUST DTVM S.A.,36.113.876/0001-91,2024-12-31
13392,32781 - TG REAL ESTATE FII,44.625.562/0001-04,31/07/2024,Fundos de Investimentos Imobiliário,BR0B4QCTF006,XP INVESTIMENTOS CCTVM S.A.,TG CORE ASSET LTDA,1362215590.41,9.52018109,Renda Fixa | Definitiva,24E3056419,LEVERAGE COMPANHIA SECURITIZADORA,20/04/2034,12950.0,13028212.90421022,0.9563987518516788,2024-07-31,44.625.562/0001-04,FUNDO DE INVESTIMENTO IMOBILIARIO TG REAL ESTATE,FUNDO DE INVESTIMENTO IMOBILIARIO TG REAL ESTATE,FII,FECHADO,QUALIFICADO,TG CORE ASSET LTDA,13.194.316/0001-03,OLIVEIRA TRUST DTVM S.A.,36.113.876/0001-91,2024-12-31
13393,32781 - TG REAL ESTATE FII,44.625.562/0001-04,31/07/2024,Fundos de Investimentos Imobiliário,BR0B4QCTF006,XP INVESTIMENTOS CCTVM S.A.,TG CORE ASSET LTDA,1362215590.41,9.52018109,Renda Fixa | Definitiva,23G1149794,RBCAPITALRES,26/06/2029,2434.0,2297265.979020283,0.1686418798311397,2024-07-31,44.625.562/0001-04,FUNDO DE INVESTIMENTO IMOBILIARIO TG REAL ESTATE,FUNDO DE INVESTIMENTO IMOBILIARIO TG REAL ESTATE,FII,FECHADO,QUALIFICADO,TG CORE ASSET LTDA,13.194.316/0001-03,OLIVEIRA TRUST DTVM S.A.,36.113.876/0001-91,2024-12-31
13394,32781 - TG REAL ESTATE FII,44.625.562/0001-04,31/07/2024,Fundos de Investimentos Imobiliário,BR0B4QCTF006,XP INVESTIMENTOS CCTVM S.A.,TG CORE ASSET LTDA,1362215590.41,9.52018109,Renda Fixa | Definitiva,24E3066291,LEVERAGE COMPANHIA SECURITIZADORA,20/04/2034,12950.0,13047765.43465405,0.9578340995735432,2024-07-31,44.625.562/0001-04,FUNDO DE INVESTIMENTO IMOBILIARIO TG REAL ESTATE,FUNDO DE INVESTIMENTO IMOBILIARIO TG REAL ESTATE,FII,FECHADO,QUALIFICADO,TG CORE ASSET LTDA,13.194.316/0001-03,OLIVEIRA TRUST DTVM S.A.,36.113.876/0001-91,2024-12-31
13395,32781 - TG REAL ESTATE FII,44.625.562/0001-04,31/07/2024,Fundos de Investimentos Imobiliário,BR0B4QCTF006,XP INVESTIMENTOS CCTVM S.A.,TG CORE ASSET LTDA,1362215590.41,9.52018109,Renda Fixa | Definitiva,24E2495042,LEVERAGE COMPANHIA SECURITIZADORA,22/11/2027,17000.0,17115265.42081771,1.2564285375464213,2024-07-31,44.625.562/0001-04,FUNDO DE INVESTIMENTO IMOBILIARIO TG REAL ESTATE,FUNDO DE INVESTIMENTO IMOBILIARIO TG REAL ESTATE,FII,FECHADO,QUALIFICADO,TG CORE ASSET LTDA,13.194.316/0001-03,OLIVEIRA TRUST DTVM S.A.,36.113.876/0001-91,2024-12-31
13396,32781 - TG REAL ESTATE FII,44.625.562/0001-04,31/07/2024,Fundos de Investimentos Imobiliário,BR0B4QCTF006,XP INVESTIMENTOS CCTVM S.A.,TG CORE ASSET LTDA,1362215590.41,9.52018109,Renda Fixa | Definitiva,24E2494968,LEVERAGE COMPANHIA SECURITIZADORA,22/11/2027,17000.0,17075218.22891326,1.253488680435228,2024-07-31,44.625.562/0001-04,FUNDO DE INVESTIMENTO IMOBILIARIO TG REAL ESTATE,FUNDO DE INVESTIMENTO IMOBILIARIO TG REAL ESTATE,FII,FECHADO,QUALIFICADO,TG CORE ASSET LTDA,13.194.316/0001-03,OLIVEIRA TRUST DTVM S.A.,36.113.876/0001-91,2024-12-31
14304,22691 - XP SELECTION FII,30.983.020/0001-90,31/07/2024,Fundos de Investimentos Imobiliário,-,XP INVESTIMENTOS CCTVM S.A.,XP VISTA ASSET MANAGEMENT LTDA.,360707403.33,8.33001332,Cotas de fundos,OT SOBERANO FIRF REF DI LP,OLIVEIRA TRUST,2099-12-01 00:00:00,1668.49627645,4450151.62,1.233728939000649,2024-07-31,30.983.020/0001-90,XP SELECTION FUNDO DE FUNDOS DE INVESTIMENTO IMOBILIÁRIO - FII,XP SELECTION FUNDO DE FUNDOS DE INVESTIMENTO IMOBILIÁRIO - FII,FII,FECHADO,GERAL,XP VISTA ASSET MANAGMENT LTDA.,16.789.525/0001-98,OLIVEIRA TRUST DTVM S.A.,36.113.876/0001-91,2024-12-31
14339,32781 - TG REAL ESTATE FII,44.625.562/0001-04,31/07/2024,Fundos de Investimentos Imobiliário,BR0B4QCTF006,XP INVESTIMENTOS CCTVM S.A.,TG CORE ASSET LTDA,1362215590.41,9.52018109,Cotas de fundos,SAFRA CAPITAL MARKET PREMIUM FIC FI RF REFERENCIADO DI CP,SAFRA SERVIÇOS DE AD,2099-12-01 00:00:00,257965.30789248,73030648.6,5.361166698879082,2024-07-31,44.625.562/0001-04,FUNDO DE INVESTIMENTO IMOBILIARIO TG REAL ESTATE,FUNDO DE INVESTIMENTO IMOBILIARIO TG REAL ESTATE,FII,FECHADO,QUALIFICADO,TG CORE ASSET LTDA,13.194.316/0001-03,OLIVEIRA TRUST DTVM S.A.,36.113.876/0001-91,2024-12-31
14340,32781 - TG REAL ESTATE FII,44.625.562/0001-04,31/07/2024,Fundos de Investimentos Imobiliário,BR0B4QCTF006,XP INVESTIMENTOS CCTVM S.A.,TG CORE ASSET LTDA,1362215590.41,9.52018109,Cotas de fundos,FUNDO DE INVESTIMENTO IMOBILIÁRIO XP GRUPO CARNAÚBA,XP - 02220030-7,2099-12-01 00:00:00,4655.0,4345700.36,0.31901707707603244,2024-07-31,44.625.562/0001-04,FUNDO DE INVESTIMENTO IMOBILIARIO TG REAL ESTATE,FUNDO DE INVESTIMENTO IMOBILIARIO TG REAL ESTATE,FII,FECHADO,QUALIFICADO,TG CORE ASSET LTDA,13.194.316/0001-03,OLIVEIRA TRUST DTVM S.A.,36.113.876/0001-91,2024-12-31
14341,32781 - TG REAL ESTATE FII,44.625.562/0001-04,31/07/2024,Fundos de Investimentos Imobiliário,BR0B4QCTF006,XP INVESTIMENTOS CCTVM S.A.,TG CORE ASSET LTDA,1362215590.41,9.52018109,Cotas de fundos,BLUE FII,XP - 02220030-7,2099-12-01 00:00:00,200000.0,19789027.61,1.4527089360388168,2024-07-31,44.625.562/0001-04,FUNDO DE INVESTIMENTO IMOBILIARIO TG REAL ESTATE,FUNDO DE INVESTIMENTO IMOBILIARIO TG REAL ESTATE,FII,FECHADO,QUALIFICADO,TG CORE ASSET LTDA,13.194.316/0001-03,OLIVEIRA TRUST DTVM S.A.,36.113.876/0001-91,2024-12-31
14342,32781 - TG REAL ESTATE FII,44.625.562/0001-04,31/07/2024,Fundos de Investimentos Imobiliário,BR0B4QCTF006,XP INVESTIMENTOS CCTVM S.A.,TG CORE ASSET LTDA,1362215590.41,9.52018109,Cotas de fundos,TREND PE XXII FIC RF,SAFRA SERVIÇOS DE AD,2099-12-01 00:00:00,317733.35789781,340460.0,0.024993106993991186,2024-07-31,44.625.562/0001-04,FUNDO DE INVESTIMENTO IMOBILIARIO TG REAL ESTATE,FUNDO DE INVESTIMENTO IMOBILIARIO TG REAL ESTATE,FII,FECHADO,QUALIFICADO,TG CORE ASSET LTDA,13.194.316/0001-03,OLIVEIRA TRUST DTVM S.A.,36.113.876/0001-91,2024-12-31
14343,32781 - TG REAL ESTATE FII,44.625.562/0001-04,31/07/2024,Fundos de Investimentos Imobiliário,BR0B4QCTF006,XP INVESTIMENTOS CCTVM S.A.,TG CORE ASSET LTDA,1362215590.41,9.52018109,Cotas de fundos,OT SOBERANO FIRF REF DI LP,OLIVEIRA TRUST,2099-12-01 00:00:00,10962.58975389,29239014.31,2.146430749717057,2024-07-31,44.625.562/0001-04,FUNDO DE INVESTIMENTO IMOBILIARIO TG REAL ESTATE,FUNDO DE INVESTIMENTO IMOBILIARIO TG REAL ESTATE,FII,FECHADO,QUALIFICADO,TG CORE ASSET LTDA,13.194.316/0001-03,OLIVEIRA TRUST DTVM S.A.,36.113.876/0001-91,2024-12-31
15016,22691 - XP SELECTION FII,30.983.020/0001-90,31/07/2024,Fundos de Investimentos Imobiliário,-,XP INVESTIMENTOS CCTVM S.A.,XP VISTA ASSET MANAGEMENT LTDA.,360707403.33,8.33001332,Renda Variável,RBRY11,FII RBR PCRICI,2099-12-01 00:00:00,40046.0,3844416.0,1.065799028383918,2024-07-31,30.983.020/0001-90,XP SELECTION FUNDO DE FUNDOS DE INVESTIMENTO IMOBILIÁRIO - FII,XP SELECTION FUNDO DE FUNDOS DE INVESTIMENTO IMOBILIÁRIO - FII,FII,FECHADO,GERAL,XP VISTA ASSET MANAGMENT LTDA.,16.789.525/0001-98,OLIVEIRA TRUST DTVM S.A.,36.113.876/0001-91,2024-12-31
15017,22691 - XP SELECTION FII,30.983.020/0001-90,31/07/2024,Fundos de Investimentos Imobiliário,-,XP INVESTIMENTOS CCTVM S.A.,XP VISTA ASSET MANAGEMENT LTDA.,360707403.33,8.33001332,Renda Variável,VILG11,FII VINCI LGCI,2099-12-01 00:00:00,97580.0,8609483.4,2.386833017708664,2024-07-31,30.983.020/0001-90,XP SELECTION FUNDO DE FUNDOS DE INVESTIMENTO IMOBILIÁRIO - FII,XP SELECTION FUNDO DE FUNDOS DE INVESTIMENTO IMOBILIÁRIO - FII,FII,FECHADO,GERAL,XP VISTA ASSET MANAGMENT LTDA.,16.789.525/0001-98,OLIVEIRA TRUST DTVM S.A.,36.113.876/0001-91,2024-12-31
15018,22691 - XP SELECTION FII,30.983.020/0001-90,31/07/2024,Fundos de Investimentos Imobiliário,-,XP INVESTIMENTOS CCTVM S.A.,XP VISTA ASSET MANAGEMENT LTDA.,360707403.33,8.33001332,Renda Variável,LPLP11,FII LAGO PDRCI,2099-12-01 00:00:00,33769.0,14754679.2,4.090484160787075,2024-07-31,30.983.020/0001-90,XP SELECTION FUNDO DE FUNDOS DE INVESTIMENTO IMOBILIÁRIO - FII,XP SELECTION FUNDO DE FUNDOS DE INVESTIMENTO IMOBILIÁRIO - FII,FII,FECHADO,GERAL,XP VISTA ASSET MANAGMENT LTDA.,16.789.525/0001-98,OLIVEIRA TRUST DTVM S.A.,36.113.876/0001-91,2024-12-31
15019,22691 - XP SELECTION FII,30.983.020/0001-90,31/07/2024,Fundos de Investimentos Imobiliário,-,XP INVESTIMENTOS CCTVM S.A.,XP VISTA ASSET MANAGEMENT LTDA.,360707403.33,8.33001332,Renda Variável,HSAF11,FII HSI CRI CI,2099-12-01 00:00:00,14196.0,1199703.96,0.3325975427519651,2024-07-31,30.983.020/0001-90,XP SELECTION FUNDO DE FUNDOS DE INVESTIMENTO IMOBILIÁRIO - FII,XP SELECTION FUNDO DE FUNDOS DE INVESTIMENTO IMOBILIÁRIO - FII,FII,FECHADO,GERAL,XP VISTA ASSET MANAGMENT LTDA.,16.789.525/0001-98,OLIVEIRA TRUST DTVM S.A.,36.113.876/0001-91,2024-12-31
15020,22691 - XP SELECTION FII,30.983.020/0001-90,31/07/2024,Fundos de Investimentos Imobiliário,-,XP INVESTIMENTOS CCTVM S.A.,XP VISTA ASSET MANAGEMENT LTDA.,360707403.33,8.33001332,Renda Variável,MXRF15,FII MAXI RENCI,2099-12-01 00:00:00,845000.0,8610550.0,2.3871287144396303,2024-07-31,30.983.020/0001-90,XP SELECTION FUNDO DE FUNDOS DE INVESTIMENTO IMOBILIÁRIO - FII,XP SELECTION FUNDO DE FUNDOS DE INVESTIMENTO IMOBILIÁRIO - FII,FII,FECHADO,GERAL,XP VISTA ASSET MANAGMENT LTDA.,16.789.525/0001-98,OLIVEIRA TRUST DTVM S.A.,36.113.876/0001-91,2024-12-31
15021,22691 - XP SELECTION FII,30.983.020/0001-90,31/07/2024,Fundos de Investimentos Imobiliário,-,XP INVESTIMENTOS CCTVM S.A.,XP VISTA ASSET MANAGEMENT LTDA.,360707403.33,8.33001332,Renda Variável,HGRU11,FII CSHG URBCI,2099-12-01 00:00:00,100.0,12755.0,0.0035361070724492026,2024-07-31,30.983.020/0001-90,XP SELECTION FUNDO DE FUNDOS DE INVESTIMENTO IMOBILIÁRIO - FII,XP SELECTION FUNDO DE FUNDOS DE INVESTIMENTO IMOBILIÁRIO - FII,FII,FECHADO,GERAL,XP VISTA ASSET MANAGMENT LTDA.,16.789.525/0001-98,OLIVEIRA TRUST DTVM S.A.,36.113.876/0001-91,2024-12-31
15022,22691 - XP SELECTION FII,30.983.020/0001-90,31/07/2024,Fundos de Investimentos Imobiliário,-,XP INVESTIMENTOS CCTVM S.A.,XP VISTA ASSET MANAGEMENT LTDA.,360707403.33,8.33001332,Renda Variável,VISC11,FII VINCI SCCI,2099-12-01 00:00:00,1650.0,186285.0,0.051644351704523694,2024-07-31,30.983.020/0001-90,XP SELECTION FUNDO DE FUNDOS DE INVESTIMENTO IMOBILIÁRIO - FII,XP SELECTION FUNDO DE FUNDOS DE INVESTIMENTO IMOBILIÁRIO - FII,FII,FECHADO,GERAL,XP VISTA ASSET MANAGMENT LTDA.,16.789.525/0001-98,OLIVEIRA TRUST DTVM S.A.,36.113.876/0001-91,2024-12-31
15023,22691 - XP SELECTION FII,30.983.020/0001-90,31/07/2024,Fundos de Investimentos Imobiliário,-,XP INVESTIMENTOS CCTVM S.A.,XP VISTA ASSET MANAGEMENT LTDA.,360707403.33,8.33001332,Renda Variável,AIEC11,FII AUTONOMYCI,2099-12-01 00:00:00,78696.0,4327493.04,1.199723931377397,2024-07-31,30.983.020/0001-90,XP SELECTION FUNDO DE FUNDOS DE INVESTIMENTO IMOBILIÁRIO - FII,XP SELECTION FUNDO DE FUNDOS DE INVESTIMENTO IMOBILIÁRIO - FII,FII,FECHADO,GERAL,XP VISTA ASSET MANAGMENT LTDA.,16.789.525/0001-98,OLIVEIRA TRUST DTVM S.A.,36.113.876/0001-91,2024-12-31
15024,22691 - XP SELECTION FII,30.983.020/0001-90,31/07/2024,Fundos de Investimentos Imobiliário,-,XP INVESTIMENTOS CCTVM S.A.,XP VISTA ASSET MANAGEMENT LTDA.,360707403.33,8.33001332,Renda Variável,PATL11,FII PATR LOGCI,2099-12-01 00:00:00,43014.0,2623854.0,0.7274189483711587,2024-07-31,30.983.020/0001-90,XP SELECTION FUNDO DE FUNDOS DE INVESTIMENTO IMOBILIÁRIO - FII,XP SELECTION FUNDO DE FUNDOS DE INVESTIMENTO IMOBILIÁRIO - FII,FII,FECHADO,GERAL,XP VISTA ASSET MANAGMENT LTDA.,16.789.525/0001-98,OLIVEIRA TRUST DTVM S.A.,36.113.876/0001-91,2024-12-31
15025,22691 - XP SELECTION FII,30.983.020/0001-90,31/07/2024,Fundos de Investimentos Imobiliário,-,XP INVESTIMENTOS CCTVM S.A.,XP VISTA ASSET MANAGEMENT LTDA.,360707403.33,8.33001332,Renda Variável,JFLL11,FII JFL LIV CI,2099-12-01 00:00:00,20230.0,1466675.0,0.40661072837980666,2024-07-31,30.983.020/0001-90,XP SELECTION FUNDO DE FUNDOS DE INVESTIMENTO IMOBILIÁRIO - FII,XP SELECTION FUNDO DE FUNDOS DE INVESTIMENTO IMOBILIÁRIO - FII,FII,FECHADO,GERAL,XP VISTA ASSET MANAGMENT LTDA.,16.789.525/0001-98,OLIVEIRA TRUST DTVM S.A.,36.113.876/0001-91,2024-12-31
15026,22691 - XP SELECTION FII,30.983.020/0001-90,31/07/2024,Fundos de Investimentos Imobiliário,-,XP INVESTIMENTOS CCTVM S.A.,XP VISTA ASSET MANAGEMENT LTDA.,360707403.33,8.33001332,Renda Variável,KNCR21,FII KINEA RICI,2099-12-01 00:00:00,70000.0,7405300.0,2.052993626311884,2024-07-31,30.983.020/0001-90,XP SELECTION FUNDO DE FUNDOS DE INVESTIMENTO IMOBILIÁRIO - FII,XP SELECTION FUNDO DE FUNDOS DE INVESTIMENTO IMOBILIÁRIO - FII,FII,FECHADO,GERAL,XP VISTA ASSET MANAGMENT LTDA.,16.789.525/0001-98,OLIVEIRA TRUST DTVM S.A.,36.113.876/0001-91,2024-12-31
15027,22691 - XP SELECTION FII,30.983.020/0001-90,31/07/2024,Fundos de Investimentos Imobiliário,-,XP INVESTIMENTOS CCTVM S.A.,XP VISTA ASSET MANAGEMENT LTDA.,360707403.33,8.33001332,Renda Variável,RBRR11,FII RBRHGRADCI,2099-12-01 00:00:00,199812.0,18031034.88,4.99879811546423,2024-07-31,30.983.020/0001-90,XP SELECTION FUNDO DE FUNDOS DE INVESTIMENTO IMOBILIÁRIO - FII,XP SELECTION FUNDO DE FUNDOS DE INVESTIMENTO IMOBILIÁRIO - FII,FII,FECHADO,GERAL,XP VISTA ASSET MANAGMENT LTDA.,16.789.525/0001-98,OLIVEIRA TRUST DTVM S.A.,36.113.876/0001-91,2024-12-31
15028,22691 - XP SELECTION FII,30.983.020/0001-90,31/07/2024,Fundos de Investimentos Imobiliário,-,XP INVESTIMENTOS CCTVM S.A.,XP VISTA ASSET MANAGEMENT LTDA.,360707403.33,8.33001332,Renda Variável,BTLG11,FII BTLG    CI  ER,2099-12-01 00:00:00,164316.0,16536762.24,4.5845364102136354,2024-07-31,30.983.020/0001-90,XP SELECTION FUNDO DE FUNDOS DE INVESTIMENTO IMOBILIÁRIO - FII,XP SELECTION FUNDO DE FUNDOS DE INVESTIMENTO IMOBILIÁRIO - FII,FII,FECHADO,GERAL,XP VISTA ASSET MANAGMENT LTDA.,16.789.525/0001-98,OLIVEIRA TRUST DTVM S.A.,36.113.876/0001-91,2024-12-31
15029,22691 - XP SELECTION FII,30.983.020/0001-90,31/07/2024,Fundos de Investimentos Imobiliário,-,XP INVESTIMENTOS CCTVM S.A.,XP VISTA ASSET MANAGEMENT LTDA.,360707403.33,8.33001332,Renda Variável,MCCI11,FII MAUA    CI,2099-12-01 00:00:00,204584.0,19056999.6,5.283229405348619,2024-07-31,30.983.020/0001-90,XP SELECTION FUNDO DE FUNDOS DE INVESTIMENTO IMOBILIÁRIO - FII,XP SELECTION FUNDO DE FUNDOS DE INVESTIMENTO IMOBILIÁRIO - FII,FII,FECHADO,GERAL,XP VISTA ASSET MANAGMENT LTDA.,16.789.525/0001-98,OLIVEIRA TRUST DTVM S.A.,36.113.876/0001-91,2024-12-31
15030,22691 - XP SELECTION FII,30.983.020/0001-90,31/07/2024,Fundos de Investimentos Imobiliário,-,XP INVESTIMENTOS CCTVM S.A.,XP VISTA ASSET MANAGEMENT LTDA.,360707403.33,8.33001332,Renda Variável,HGBS11,FII HEDGEBS CI,2099-12-01 00:00:00,33929.0,7287949.2,2.020460110526892,2024-07-31,30.983.020/0001-90,XP SELECTION FUNDO DE FUNDOS DE INVESTIMENTO IMOBILIÁRIO - FII,XP SELECTION FUNDO DE FUNDOS DE INVESTIMENTO IMOBILIÁRIO - FII,FII,FECHADO,GERAL,XP VISTA ASSET MANAGMENT LTDA.,16.789.525/0001-98,OLIVEIRA TRUST DTVM S.A.,36.113.876/0001-91,2024-12-31
15031,22691 - XP SELECTION FII,30.983.020/0001-90,31/07/2024,Fundos de Investimentos Imobiliário,-,XP INVESTIMENTOS CCTVM S.A.,XP VISTA ASSET MANAGEMENT LTDA.,360707403.33,8.33001332,Renda Variável,XPLG11,FII XP LOG  CI,2099-12-01 00:00:00,148215.0,15401020.65,4.269671347973439,2024-07-31,30.983.020/0001-90,XP SELECTION FUNDO DE FUNDOS DE INVESTIMENTO IMOBILIÁRIO - FII,XP SELECTION FUNDO DE FUNDOS DE INVESTIMENTO IMOBILIÁRIO - FII,FII,FECHADO,GERAL,XP VISTA ASSET MANAGMENT LTDA.,16.789.525/0001-98,OLIVEIRA TRUST DTVM S.A.,36.113.876/0001-91,2024-12-31
15032,22691 - XP SELECTION FII,30.983.020/0001-90,31/07/2024,Fundos de Investimentos Imobiliário,-,XP INVESTIMENTOS CCTVM S.A.,XP VISTA ASSET MANAGEMENT LTDA.,360707403.33,8.33001332,Renda Variável,BCFF11,FII BC FFII CI,2099-12-01 00:00:00,14023.0,115970.21,0.03215077066047975,2024-07-31,30.983.020/0001-90,XP SELECTION FUNDO DE FUNDOS DE INVESTIMENTO IMOBILIÁRIO - FII,XP SELECTION FUNDO DE FUNDOS DE INVESTIMENTO IMOBILIÁRIO - FII,FII,FECHADO,GERAL,XP VISTA ASSET MANAGMENT LTDA.,16.789.525/0001-98,OLIVEIRA TRUST DTVM S.A.,36.113.876/0001-91,2024-12-31
15033,22691 - XP SELECTION FII,30.983.020/0001-90,31/07/2024,Fundos de Investimentos Imobiliário,-,XP INVESTIMENTOS CCTVM S.A.,XP VISTA ASSET MANAGEMENT LTDA.,360707403.33,8.33001332,Renda Variável,RBRL11,FII RBR LOG CI,2099-12-01 00:00:00,225968.0,18565530.88,5.146978051630111,2024-07-31,30.983.020/0001-90,XP SELECTION FUNDO DE FUNDOS DE INVESTIMENTO IMOBILIÁRIO - FII,XP SELECTION FUNDO DE FUNDOS DE INVESTIMENTO IMOBILIÁRIO - FII,FII,FECHADO,GERAL,XP VISTA ASSET MANAGMENT LTDA.,16.789.525/0001-98,OLIVEIRA TRUST DTVM S.A.,36.113.876/0001-91,2024-12-31
15034,22691 - XP SELECTION FII,30.983.020/0001-90,31/07/2024,Fundos de Investimentos Imobiliário,-,XP INVESTIMENTOS CCTVM S.A.,XP VISTA ASSET MANAGEMENT LTDA.,360707403.33,8.33001332,Renda Variável,XPPR11,FII XP PROP CI,2099-12-01 00:00:00,109593.0,2133775.71,0.5915530677500054,2024-07-31,30.983.020/0001-90,XP SELECTION FUNDO DE FUNDOS DE INVESTIMENTO IMOBILIÁRIO - FII,XP SELECTION FUNDO DE FUNDOS DE INVESTIMENTO IMOBILIÁRIO - FII,FII,FECHADO,GERAL,XP VISTA ASSET MANAGMENT LTDA.,16.789.525/0001-98,OLIVEIRA TRUST DTVM S.A.,36.113.876/0001-91,2024-12-31
15035,22691 - XP SELECTION FII,30.983.020/0001-90,31/07/2024,Fundos de Investimentos Imobiliário,-,XP INVESTIMENTOS CCTVM S.A.,XP VISTA ASSET MANAGEMENT LTDA.,360707403.33,8.33001332,Renda Variável,IRDM11,FII IRIDIUM CI,2099-12-01 00:00:00,25588.0,1841056.6,0.5104016671140167,2024-07-31,30.983.020/0001-90,XP SELECTION FUNDO DE FUNDOS DE INVESTIMENTO IMOBILIÁRIO - FII,XP SELECTION FUNDO DE FUNDOS DE INVESTIMENTO IMOBILIÁRIO - FII,FII,FECHADO,GERAL,XP VISTA ASSET MANAGMENT LTDA.,16.789.525/0001-98,OLIVEIRA TRUST DTVM S.A.,36.113.876/0001-91,2024-12-31
15036,22691 - XP SELECTION FII,30.983.020/0001-90,31/07/2024,Fundos de Investimentos Imobiliário,-,XP INVESTIMENTOS CCTVM S.A.,XP VISTA ASSET MANAGEMENT LTDA.,360707403.33,8.33001332,Renda Variável,BARI11,FII BARIGUI CI,2099-12-01 00:00:00,195279.0,15858607.59,4.396529553758965,2024-07-31,30.983.020/0001-90,XP SELECTION FUNDO DE FUNDOS DE INVESTIMENTO IMOBILIÁRIO - FII,XP SELECTION FUNDO DE FUNDOS DE INVESTIMENTO IMOBILIÁRIO - FII,FII,FECHADO,GERAL,XP VISTA ASSET MANAGMENT LTDA.,16.789.525/0001-98,OLIVEIRA TRUST DTVM S.A.,36.113.876/0001-91,2024-12-31
15037,22691 - XP SELECTION FII,30.983.020/0001-90,31/07/2024,Fundos de Investimentos Imobiliário,-,XP INVESTIMENTOS CCTVM S.A.,XP VISTA ASSET MANAGEMENT LTDA.,360707403.33,8.33001332,Renda Variável,TRXF11,FII TRX REALCI,2099-12-01 00:00:00,48615.0,5202777.3,1.4423816234345876,2024-07-31,30.983.020/0001-90,XP SELECTION FUNDO DE FUNDOS DE INVESTIMENTO IMOBILIÁRIO - FII,XP SELECTION FUNDO DE FUNDOS DE INVESTIMENTO IMOBILIÁRIO - FII,FII,FECHADO,GERAL,XP VISTA ASSET MANAGMENT LTDA.,16.789.525/0001-98,OLIVEIRA TRUST DTVM S.A.,36.113.876/0001-91,2024-12-31
15038,22691 - XP SELECTION FII,30.983.020/0001-90,31/07/2024,Fundos de Investimentos Imobiliário,-,XP INVESTIMENTOS CCTVM S.A.,XP VISTA ASSET MANAGEMENT LTDA.,360707403.33,8.33001332,Renda Variável,VVMR11,FII MULT RENCI,2099-12-01 00:00:00,207071.0,18636390.0,5.166622538919764,2024-07-31,30.983.020/0001-90,XP SELECTION FUNDO DE FUNDOS DE INVESTIMENTO IMOBILIÁRIO - FII,XP SELECTION FUNDO DE FUNDOS DE INVESTIMENTO IMOBILIÁRIO - FII,FII,FECHADO,GERAL,XP VISTA ASSET MANAGMENT LTDA.,16.789.525/0001-98,OLIVEIRA TRUST DTVM S.A.,36.113.876/0001-91,2024-12-31
15039,22691 - XP SELECTION FII,30.983.020/0001-90,31/07/2024,Fundos de Investimentos Imobiliário,-,XP INVESTIMENTOS CCTVM S.A.,XP VISTA ASSET MANAGEMENT LTDA.,360707403.33,8.33001332,Renda Variável,GTWR11,FII G TOWERSCI,2099-12-01 00:00:00,58419.0,4827161.97,1.3382486540160583,2024-07-31,30.983.020/0001-90,XP SELECTION FUNDO DE FUNDOS DE INVESTIMENTO IMOBILIÁRIO - FII,XP SELECTION FUNDO DE FUNDOS DE INVESTIMENTO IMOBILIÁRIO - FII,FII,FECHADO,GERAL,XP VISTA ASSET MANAGMENT LTDA.,16.789.525/0001-98,OLIVEIRA TRUST DTVM S.A.,36.113.876/0001-91,2024-12-31
15040,22691 - XP SELECTION FII,30.983.020/0001-90,31/07/2024,Fundos de Investimentos Imobiliário,-,XP INVESTIMENTOS CCTVM S.A.,XP VISTA ASSET MANAGEMENT LTDA.,360707403.33,8.33001332,Renda Variável,XPCI11,FII XP CRED CI,2099-12-01 00:00:00,113834.0,9851194.36,2.731076287610168,2024-07-31,30.983.020/0001-90,XP SELECTION FUNDO DE FUNDOS DE INVESTIMENTO IMOBILIÁRIO - FII,XP SELECTION FUNDO DE FUNDOS DE INVESTIMENTO IMOBILIÁRIO - FII,FII,FECHADO,GERAL,XP VISTA ASSET MANAGMENT LTDA.,16.789.525/0001-98,OLIVEIRA TRUST DTVM S.A.,36.113.876/0001-91,2024-12-31
15041,22691 - XP SELECTION FII,30.983.020/0001-90,31/07/2024,Fundos de Investimentos Imobiliário,-,XP INVESTIMENTOS CCTVM S.A.,XP VISTA ASSET MANAGEMENT LTDA.,360707403.33,8.33001332,Renda Variável,RVBI11,FII VBI REITCI,2099-12-01 00:00:00,14170.0,1062466.6,0.29455081603301125,2024-07-31,30.983.020/0001-90,XP SELECTION FUNDO DE FUNDOS DE INVESTIMENTO IMOBILIÁRIO - FII,XP SELECTION FUNDO DE FUNDOS DE INVESTIMENTO IMOBILIÁRIO - FII,FII,FECHADO,GERAL,XP VISTA ASSET MANAGMENT LTDA.,16.789.525/0001-98,OLIVEIRA TRUST DTVM S.A.,36.113.876/0001-91,2024-12-31
15042,22691 - XP SELECTION FII,30.983.020/0001-90,31/07/2024,Fundos de Investimentos Imobiliário,-,XP INVESTIMENTOS CCTVM S.A.,XP VISTA ASSET MANAGEMENT LTDA.,360707403.33,8.33001332,Renda Variável,RBED11,FII RIOB ED CI,2099-12-01 00:00:00,61152.0,8438976.0,2.339562737579701,2024-07-31,30.983.020/0001-90,XP SELECTION FUNDO DE FUNDOS DE INVESTIMENTO IMOBILIÁRIO - FII,XP SELECTION FUNDO DE FUNDOS DE INVESTIMENTO IMOBILIÁRIO - FII,FII,FECHADO,GERAL,XP VISTA ASSET MANAGMENT LTDA.,16.789.525/0001-98,OLIVEIRA TRUST DTVM S.A.,36.113.876/0001-91,2024-12-31
15043,22691 - XP SELECTION FII,30.983.020/0001-90,31/07/2024,Fundos de Investimentos Imobiliário,-,XP INVESTIMENTOS CCTVM S.A.,XP VISTA ASSET MANAGEMENT LTDA.,360707403.33,8.33001332,Renda Variável,CBOP11,FII C BRANCOCI,2099-12-01 00:00:00,59486.0,1676910.34,0.46489490498919617,2024-07-31,30.983.020/0001-90,XP SELECTION FUNDO DE FUNDOS DE INVESTIMENTO IMOBILIÁRIO - FII,XP SELECTION FUNDO DE FUNDOS DE INVESTIMENTO IMOBILIÁRIO - FII,FII,FECHADO,GERAL,XP VISTA ASSET MANAGMENT LTDA.,16.789.525/0001-98,OLIVEIRA TRUST DTVM S.A.,36.113.876/0001-91,2024-12-31
15044,22691 - XP SELECTION FII,30.983.020/0001-90,31/07/2024,Fundos de Investimentos Imobiliário,-,XP INVESTIMENTOS CCTVM S.A.,XP VISTA ASSET MANAGEMENT LTDA.,360707403.33,8.33001332,Renda Variável,SPVJ11,FII S VAREJOCI  ERS,2099-12-01 00:00:00,75117.0,8398587.26,2.3283656455247175,2024-07-31,30.983.020/0001-90,XP SELECTION FUNDO DE FUNDOS DE INVESTIMENTO IMOBILIÁRIO - FII,XP SELECTION FUNDO DE FUNDOS DE INVESTIMENTO IMOBILIÁRIO - FII,FII,FECHADO,GERAL,XP VISTA ASSET MANAGMENT LTDA.,16.789.525/0001-98,OLIVEIRA TRUST DTVM S.A.,36.113.876/0001-91,2024-12-31
15045,22691 - XP SELECTION FII,30.983.020/0001-90,31/07/2024,Fundos de Investimentos Imobiliário,-,XP INVESTIMENTOS CCTVM S.A.,XP VISTA ASSET MANAGEMENT LTDA.,360707403.33,8.33001332,Renda Variável,XPML11,FII XP MALLSCI  ER,2099-12-01 00:00:00,149023.0,16629476.57,4.610239883207002,2024-07-31,30.983.020/0001-90,XP SELECTION FUNDO DE FUNDOS DE INVESTIMENTO IMOBILIÁRIO - FII,XP SELECTION FUNDO DE FUNDOS DE INVESTIMENTO IMOBILIÁRIO - FII,FII,FECHADO,GERAL,XP VISTA ASSET MANAGMENT LTDA.,16.789.525/0001-98,OLIVEIRA TRUST DTVM S.A.,36.113.876/0001-91,2024-12-31
15046,22691 - XP SELECTION FII,30.983.020/0001-90,31/07/2024,Fundos de Investimentos Imobiliário,-,XP INVESTIMENTOS CCTVM S.A.,XP VISTA ASSET MANAGEMENT LTDA.,360707403.33,8.33001332,Renda Variável,HGRE11,FII HG REAL CI,2099-12-01 00:00:00,36062.0,4219614.62,1.1698164720338733,2024-07-31,30.983.020/0001-90,XP SELECTION FUNDO DE FUNDOS DE INVESTIMENTO IMOBILIÁRIO - FII,XP SELECTION FUNDO DE FUNDOS DE INVESTIMENTO IMOBILIÁRIO - FII,FII,FECHADO,GERAL,XP VISTA ASSET MANAGMENT LTDA.,16.789.525/0001-98,OLIVEIRA TRUST DTVM S.A.,36.113.876/0001-91,2024-12-31
15047,22691 - XP SELECTION FII,30.983.020/0001-90,31/07/2024,Fundos de Investimentos Imobiliário,-,XP INVESTIMENTOS CCTVM S.A.,XP VISTA ASSET MANAGEMENT LTDA.,360707403.33,8.33001332,Renda Variável,KNRI11,FII KINEA   CI,2099-12-01 00:00:00,9229.0,1427726.3,0.3958128629519195,2024-07-31,30.983.020/0001-90,XP SELECTION FUNDO DE FUNDOS DE INVESTIMENTO IMOBILIÁRIO - FII,XP SELECTION FUNDO DE FUNDOS DE INVESTIMENTO IMOBILIÁRIO - FII,FII,FECHADO,GERAL,XP VISTA ASSET MANAGMENT LTDA.,16.789.525/0001-98,OLIVEIRA TRUST DTVM S.A.,36.113.876/0001-91,2024-12-31
15048,22691 - XP SELECTION FII,30.983.020/0001-90,31/07/2024,Fundos de Investimentos Imobiliário,-,XP INVESTIMENTOS CCTVM S.A.,XP VISTA ASSET MANAGEMENT LTDA.,360707403.33,8.33001332,Renda Variável,RBRP11,FII RBR PROPCI,2099-12-01 00:00:00,159952.0,9027690.88,2.5027739371739055,2024-07-31,30.983.020/0001-90,XP SELECTION FUNDO DE FUNDOS DE INVESTIMENTO IMOBILIÁRIO - FII,XP SELECTION FUNDO DE FUNDOS DE INVESTIMENTO IMOBILIÁRIO - FII,FII,FECHADO,GERAL,XP VISTA ASSET MANAGMENT LTDA.,16.789.525/0001-98,OLIVEIRA TRUST DTVM S.A.,36.113.876/0001-91,2024-12-31
15049,22691 - XP SELECTION FII,30.983.020/0001-90,31/07/2024,Fundos de Investimentos Imobiliário,-,XP INVESTIMENTOS CCTVM S.A.,XP VISTA ASSET MANAGEMENT LTDA.,360707403.33,8.33001332,Renda Variável,VINO11,FII VINCI OFCI,2099-12-01 00:00:00,1010325.0,6223602.0,1.7253879300908666,2024-07-31,30.983.020/0001-90,XP SELECTION FUNDO DE FUNDOS DE INVESTIMENTO IMOBILIÁRIO - FII,XP SELECTION FUNDO DE FUNDOS DE INVESTIMENTO IMOBILIÁRIO - FII,FII,FECHADO,GERAL,XP VISTA ASSET MANAGMENT LTDA.,16.789.525/0001-98,OLIVEIRA TRUST DTVM S.A.,36.113.876/0001-91,2024-12-31
15050,22691 - XP SELECTION FII,30.983.020/0001-90,31/07/2024,Fundos de Investimentos Imobiliário,-,XP INVESTIMENTOS CCTVM S.A.,XP VISTA ASSET MANAGEMENT LTDA.,360707403.33,8.33001332,Renda Variável,XPIN11,FII XP INDL CI,2099-12-01 00:00:00,9341.0,722059.3,0.20017867483008395,2024-07-31,30.983.020/0001-90,XP SELECTION FUNDO DE FUNDOS DE INVESTIMENTO IMOBILIÁRIO - FII,XP SELECTION FUNDO DE FUNDOS DE INVESTIMENTO IMOBILIÁRIO - FII,FII,FECHADO,GERAL,XP VISTA ASSET MANAGMENT LTDA.,16.789.525/0001-98,OLIVEIRA TRUST DTVM S.A.,36.113.876/0001-91,2024-12-31
15051,22691 - XP SELECTION FII,30.983.020/0001-90,31/07/2024,Fundos de Investimentos Imobiliário,-,XP INVESTIMENTOS CCTVM S.A.,XP VISTA ASSET MANAGEMENT LTDA.,360707403.33,8.33001332,Renda Variável,CPTS11,FII CAPI SECCI,2099-12-01 00:00:00,2772272.0,22843521.28,6.3329782170013225,2024-07-31,30.983.020/0001-90,XP SELECTION FUNDO DE FUNDOS DE INVESTIMENTO IMOBILIÁRIO - FII,XP SELECTION FUNDO DE FUNDOS DE INVESTIMENTO IMOBILIÁRIO - FII,FII,FECHADO,GERAL,XP VISTA ASSET MANAGMENT LTDA.,16.789.525/0001-98,OLIVEIRA TRUST DTVM S.A.,36.113.876/0001-91,2024-12-31
15052,22691 - XP SELECTION FII,30.983.020/0001-90,31/07/2024,Fundos de Investimentos Imobiliário,-,XP INVESTIMENTOS CCTVM S.A.,XP VISTA ASSET MANAGEMENT LTDA.,360707403.33,8.33001332,Renda Variável,HSML11,FII HSI MALLCI,2099-12-01 00:00:00,134156.0,12997033.28,3.6032066877511295,2024-07-31,30.983.020/0001-90,XP SELECTION FUNDO DE FUNDOS DE INVESTIMENTO IMOBILIÁRIO - FII,XP SELECTION FUNDO DE FUNDOS DE INVESTIMENTO IMOBILIÁRIO - FII,FII,FECHADO,GERAL,XP VISTA ASSET MANAGMENT LTDA.,16.789.525/0001-98,OLIVEIRA TRUST DTVM S.A.,36.113.876/0001-91,2024-12-31
15053,22691 - XP SELECTION FII,30.983.020/0001-90,31/07/2024,Fundos de Investimentos Imobiliário,-,XP INVESTIMENTOS CCTVM S.A.,XP VISTA ASSET MANAGEMENT LTDA.,360707403.33,8.33001332,Renda Variável,BRCO11,FII BRESCO  CI,2099-12-01 00:00:00,17891.0,2092531.36,0.5801187723573303,2024-07-31,30.983.020/0001-90,XP SELECTION FUNDO DE FUNDOS DE INVESTIMENTO IMOBILIÁRIO - FII,XP SELECTION FUNDO DE FUNDOS DE INVESTIMENTO IMOBILIÁRIO - FII,FII,FECHADO,GERAL,XP VISTA ASSET MANAGMENT LTDA.,16.789.525/0001-98,OLIVEIRA TRUST DTVM S.A.,36.113.876/0001-91,2024-12-31
15054,22691 - XP SELECTION FII,30.983.020/0001-90,31/07/2024,Fundos de Investimentos Imobiliário,-,XP INVESTIMENTOS CCTVM S.A.,XP VISTA ASSET MANAGEMENT LTDA.,360707403.33,8.33001332,Renda Variável,ALZR11,FII ALIANZA CI  ER,2099-12-01 00:00:00,67001.0,7221367.78,2.0020015428941433,2024-07-31,30.983.020/0001-90,XP SELECTION FUNDO DE FUNDOS DE INVESTIMENTO IMOBILIÁRIO - FII,XP SELECTION FUNDO DE FUNDOS DE INVESTIMENTO IMOBILIÁRIO - FII,FII,FECHADO,GERAL,XP VISTA ASSET MANAGMENT LTDA.,16.789.525/0001-98,OLIVEIRA TRUST DTVM S.A.,36.113.876/0001-91,2024-12-31
15055,22691 - XP SELECTION FII,30.983.020/0001-90,31/07/2024,Fundos de Investimentos Imobiliário,-,XP INVESTIMENTOS CCTVM S.A.,XP VISTA ASSET MANAGEMENT LTDA.,360707403.33,8.33001332,Renda Variável,MXRF13,FII MAX RENCI,2099-12-01 00:00:00,1000.0,10190.0,0.0028250043957865445,2024-07-31,30.983.020/0001-90,XP SELECTION FUNDO DE FUNDOS DE INVESTIMENTO IMOBILIÁRIO - FII,XP SELECTION FUNDO DE FUNDOS DE INVESTIMENTO IMOBILIÁRIO - FII,FII,FECHADO,GERAL,XP VISTA ASSET MANAGMENT LTDA.,16.789.525/0001-98,OLIVEIRA TRUST DTVM S.A.,36.113.876/0001-91,2024-12-31
15056,22691 - XP SELECTION FII,30.983.020/0001-90,31/07/2024,Fundos de Investimentos Imobiliário,-,XP INVESTIMENTOS CCTVM S.A.,XP VISTA ASSET MANAGEMENT LTDA.,360707403.33,8.33001332,Renda Variável,TGAR11,FII TG ATIVOCI,2099-12-01 00:00:00,171020.0,20575416.2,5.704184613359929,2024-07-31,30.983.020/0001-90,XP SELECTION FUNDO DE FUNDOS DE INVESTIMENTO IMOBILIÁRIO - FII,XP SELECTION FUNDO DE FUNDOS DE INVESTIMENTO IMOBILIÁRIO - FII,FII,FECHADO,GERAL,XP VISTA ASSET MANAGMENT LTDA.,16.789.525/0001-98,OLIVEIRA TRUST DTVM S.A.,36.113.876/0001-91,2024-12-31
15057,22691 - XP SELECTION FII,30.983.020/0001-90,31/07/2024,Fundos de Investimentos Imobiliário,-,XP INVESTIMENTOS CCTVM S.A.,XP VISTA ASSET MANAGEMENT LTDA.,360707403.33,8.33001332,Renda Variável,HGRU12,FII CSHG URBCI,2099-12-01 00:00:00,52.0,0.0,0.0,2024-07-31,30.983.020/0001-90,XP SELECTION FUNDO DE FUNDOS DE INVESTIMENTO IMOBILIÁRIO - FII,XP SELECTION FUNDO DE FUNDOS DE INVESTIMENTO IMOBILIÁRIO - FII,FII,FECHADO,GERAL,XP VISTA ASSET MANAGMENT LTDA.,16.789.525/0001-98,OLIVEIRA TRUST DTVM S.A.,36.113.876/0001-91,2024-12-31
15058,22691 - XP SELECTION FII,30.983.020/0001-90,31/07/2024,Fundos de Investimentos Imobiliário,-,XP INVESTIMENTOS CCTVM S.A.,XP VISTA ASSET MANAGEMENT LTDA.,360707403.33,8.33001332,Renda Variável,PVBI11,FII VBI PRI CI,2099-12-01 00:00:00,104433.0,9853253.55,2.7316471630568575,2024-07-31,30.983.020/0001-90,XP SELECTION FUNDO DE FUNDOS DE INVESTIMENTO IMOBILIÁRIO - FII,XP SELECTION FUNDO DE FUNDOS DE INVESTIMENTO IMOBILIÁRIO - FII,FII,FECHADO,GERAL,XP VISTA ASSET MANAGMENT LTDA.,16.789.525/0001-98,OLIVEIRA TRUST DTVM S.A.,36.113.876/0001-91,2024-12-31
15059,22691 - XP SELECTION FII,30.983.020/0001-90,31/07/2024,Fundos de Investimentos Imobiliário,-,XP INVESTIMENTOS CCTVM S.A.,XP VISTA ASSET MANAGEMENT LTDA.,360707403.33,8.33001332,Renda Variável,JSRE11,FII JS REAL CI,2099-12-01 00:00:00,15718.0,1032515.42,0.28624736017835034,2024-07-31,30.983.020/0001-90,XP SELECTION FUNDO DE FUNDOS DE INVESTIMENTO IMOBILIÁRIO - FII,XP SELECTION FUNDO DE FUNDOS DE INVESTIMENTO IMOBILIÁRIO - FII,FII,FECHADO,GERAL,XP VISTA ASSET MANAGMENT LTDA.,16.789.525/0001-98,OLIVEIRA TRUST DTVM S.A.,36.113.876/0001-91,2024-12-31
15060,22691 - XP SELECTION FII,30.983.020/0001-90,31/07/2024,Fundos de Investimentos Imobiliário,-,XP INVESTIMENTOS CCTVM S.A.,XP VISTA ASSET MANAGEMENT LTDA.,360707403.33,8.33001332,Renda Variável,BROF11,FII BROF    CI,2099-12-01 00:00:00,63184.0,3147195.04,0.8725063613736613,2024-07-31,30.983.020/0001-90,XP SELECTION FUNDO DE FUNDOS DE INVESTIMENTO IMOBILIÁRIO - FII,XP SELECTION FUNDO DE FUNDOS DE INVESTIMENTO IMOBILIÁRIO - FII,FII,FECHADO,GERAL,XP VISTA ASSET MANAGMENT LTDA.,16.789.525/0001-98,OLIVEIRA TRUST DTVM S.A.,36.113.876/0001-91,2024-12-31
15061,22691 - XP SELECTION FII,30.983.020/0001-90,31/07/2024,Fundos de Investimentos Imobiliário,-,XP INVESTIMENTOS CCTVM S.A.,XP VISTA ASSET MANAGEMENT LTDA.,360707403.33,8.33001332,Renda Variável,TEPP11,FII TEL PROPCI,2099-12-01 00:00:00,9228.0,836610.48,0.231936043529057,2024-07-31,30.983.020/0001-90,XP SELECTION FUNDO DE FUNDOS DE INVESTIMENTO IMOBILIÁRIO - FII,XP SELECTION FUNDO DE FUNDOS DE INVESTIMENTO IMOBILIÁRIO - FII,FII,FECHADO,GERAL,XP VISTA ASSET MANAGMENT LTDA.,16.789.525/0001-98,OLIVEIRA TRUST DTVM S.A.,36.113.876/0001-91,2024-12-31
15062,22691 - XP SELECTION FII,30.983.020/0001-90,31/07/2024,Fundos de Investimentos Imobiliário,-,XP INVESTIMENTOS CCTVM S.A.,XP VISTA ASSET MANAGEMENT LTDA.,360707403.33,8.33001332,Renda Variável,MXRF11,FII MAXI RENCI,2099-12-01 00:00:00,945006.0,9629611.14,2.6696461040446593,2024-07-31,30.983.020/0001-90,XP SELECTION FUNDO DE FUNDOS DE INVESTIMENTO IMOBILIÁRIO - FII,XP SELECTION FUNDO DE FUNDOS DE INVESTIMENTO IMOBILIÁRIO - FII,FII,FECHADO,GERAL,XP VISTA ASSET MANAGMENT LTDA.,16.789.525/0001-98,OLIVEIRA TRUST DTVM S.A.,36.113.876/0001-91,2024-12-31
15067,32781 - TG REAL ESTATE FII,44.625.562/0001-04,31/07/2024,Fundos de Investimentos Imobiliário,BR0B4QCTF006,XP INVESTIMENTOS CCTVM S.A.,TG CORE ASSET LTDA,1362215590.41,9.52018109,Renda Variável,HABT11,FII HABIT IICI,2099-12-01 00:00:00,38308.0,3423202.88,0.25129670399453313,2024-07-31,44.625.562/0001-04,FUNDO DE INVESTIMENTO IMOBILIARIO TG REAL ESTATE,FUNDO DE INVESTIMENTO IMOBILIARIO TG REAL ESTATE,FII,FECHADO,QUALIFICADO,TG CORE ASSET LTDA,13.194.316/0001-03,OLIVEIRA TRUST DTVM S.A.,36.113.876/0001-91,2024-12-31
15068,32781 - TG REAL ESTATE FII,44.625.562/0001-04,31/07/2024,Fundos de Investimentos Imobiliário,BR0B4QCTF006,XP INVESTIMENTOS CCTVM S.A.,TG CORE ASSET LTDA,1362215590.41,9.52018109,Renda Variável,HGIC11,FII HGI CRI CI,2099-12-01 00:00:00,354891.0,34424427.0,2.5270909569930065,2024-07-31,44.625.562/0001-04,FUNDO DE INVESTIMENTO IMOBILIARIO TG REAL ESTATE,FUNDO DE INVESTIMENTO IMOBILIARIO TG REAL ESTATE,FII,FECHADO,QUALIFICADO,TG CORE ASSET LTDA,13.194.316/0001-03,OLIVEIRA TRUST DTVM S.A.,36.113.876/0001-91,2024-12-31
15069,32781 - TG REAL ESTATE FII,44.625.562/0001-04,31/07/2024,Fundos de Investimentos Imobiliário,BR0B4QCTF006,XP INVESTIMENTOS CCTVM S.A.,TG CORE ASSET LTDA,1362215590.41,9.52018109,Renda Variável,VGRI11,FII VGRI    CI,2099-12-01 00:00:00,740218.0,6876625.22,0.5048118130794752,2024-07-31,44.625.562/0001-04,FUNDO DE INVESTIMENTO IMOBILIARIO TG REAL ESTATE,FUNDO DE INVESTIMENTO IMOBILIARIO TG REAL ESTATE,FII,FECHADO,QUALIFICADO,TG CORE ASSET LTDA,13.194.316/0001-03,OLIVEIRA TRUST DTVM S.A.,36.113.876/0001-91,2024-12-31
15070,32781 - TG REAL ESTATE FII,44.625.562/0001-04,31/07/2024,Fundos de Investimentos Imobiliário,BR0B4QCTF006,XP INVESTIMENTOS CCTVM S.A.,TG CORE ASSET LTDA,1362215590.41,9.52018109,Renda Variável,RBHG11,FII RBCRI IVCI,2099-12-01 00:00:00,22054.0,1896423.46,0.13921610304204593,2024-07-31,44.625.562/0001-04,FUNDO DE INVESTIMENTO IMOBILIARIO TG REAL ESTATE,FUNDO DE INVESTIMENTO IMOBILIARIO TG REAL ESTATE,FII,FECHADO,QUALIFICADO,TG CORE ASSET LTDA,13.194.316/0001-03,OLIVEIRA TRUST DTVM S.A.,36.113.876/0001-91,2024-12-31
15071,32781 - TG REAL ESTATE FII,44.625.562/0001-04,31/07/2024,Fundos de Investimentos Imobiliário,BR0B4QCTF006,XP INVESTIMENTOS CCTVM S.A.,TG CORE ASSET LTDA,1362215590.41,9.52018109,Renda Variável,RZTR11,FII RIZA TX CI,2099-12-01 00:00:00,70627.0,6636819.19,0.4872076958099157,2024-07-31,44.625.562/0001-04,FUNDO DE INVESTIMENTO IMOBILIARIO TG REAL ESTATE,FUNDO DE INVESTIMENTO IMOBILIARIO TG REAL ESTATE,FII,FECHADO,QUALIFICADO,TG CORE ASSET LTDA,13.194.316/0001-03,OLIVEIRA TRUST DTVM S.A.,36.113.876/0001-91,2024-12-31
15072,32781 - TG REAL ESTATE FII,44.625.562/0001-04,31/07/2024,Fundos de Investimentos Imobiliário,BR0B4QCTF006,XP INVESTIMENTOS CCTVM S.A.,TG CORE ASSET LTDA,1362215590.41,9.52018109,Renda Variável,ARXD11,FII ARXD R  CI,2099-12-01 00:00:00,61231.0,6060644.38,0.4449108072662614,2024-07-31,44.625.562/0001-04,FUNDO DE INVESTIMENTO IMOBILIARIO TG REAL ESTATE,FUNDO DE INVESTIMENTO IMOBILIARIO TG REAL ESTATE,FII,FECHADO,QUALIFICADO,TG CORE ASSET LTDA,13.194.316/0001-03,OLIVEIRA TRUST DTVM S.A.,36.113.876/0001-91,2024-12-31
15073,32781 - TG REAL ESTATE FII,44.625.562/0001-04,31/07/2024,Fundos de Investimentos Imobiliário,BR0B4QCTF006,XP INVESTIMENTOS CCTVM S.A.,TG CORE ASSET LTDA,1362215590.41,9.52018109,Renda Variável,RBRY11,FII RBR PCRICI,2099-12-01 00:00:00,52548.0,5044608.0,0.3703237604615634,2024-07-31,44.625.562/0001-04,FUNDO DE INVESTIMENTO IMOBILIARIO TG REAL ESTATE,FUNDO DE INVESTIMENTO IMOBILIARIO TG REAL ESTATE,FII,FECHADO,QUALIFICADO,TG CORE ASSET LTDA,13.194.316/0001-03,OLIVEIRA TRUST DTVM S.A.,36.113.876/0001-91,2024-12-31
15074,32781 - TG REAL ESTATE FII,44.625.562/0001-04,31/07/2024,Fundos de Investimentos Imobiliário,BR0B4QCTF006,XP INVESTIMENTOS CCTVM S.A.,TG CORE ASSET LTDA,1362215590.41,9.52018109,Renda Variável,MANA11,FII MANATI  CI,2099-12-01 00:00:00,877123.0,8595805.4,0.631016519008774,2024-07-31,44.625.562/0001-04,FUNDO DE INVESTIMENTO IMOBILIARIO TG REAL ESTATE,FUNDO DE INVESTIMENTO IMOBILIARIO TG REAL ESTATE,FII,FECHADO,QUALIFICADO,TG CORE ASSET LTDA,13.194.316/0001-03,OLIVEIRA TRUST DTVM S.A.,36.113.876/0001-91,2024-12-31
15075,32781 - TG REAL ESTATE FII,44.625.562/0001-04,31/07/2024,Fundos de Investimentos Imobiliário,BR0B4QCTF006,XP INVESTIMENTOS CCTVM S.A.,TG CORE ASSET LTDA,1362215590.41,9.52018109,Renda Variável,EQIR11,FII EQI RECECI  ER,2099-12-01 00:00:00,494149.0,4452282.49,0.32684125195336744,2024-07-31,44.625.562/0001-04,FUNDO DE INVESTIMENTO IMOBILIARIO TG REAL ESTATE,FUNDO DE INVESTIMENTO IMOBILIARIO TG REAL ESTATE,FII,FECHADO,QUALIFICADO,TG CORE ASSET LTDA,13.194.316/0001-03,OLIVEIRA TRUST DTVM S.A.,36.113.876/0001-91,2024-12-31
15076,32781 - TG REAL ESTATE FII,44.625.562/0001-04,31/07/2024,Fundos de Investimentos Imobiliário,BR0B4QCTF006,XP INVESTIMENTOS CCTVM S.A.,TG CORE ASSET LTDA,1362215590.41,9.52018109,Renda Variável,SNME11,FII SNME    CI,2099-12-01 00:00:00,743929.0,7230989.88,0.5308256586480276,2024-07-31,44.625.562/0001-04,FUNDO DE INVESTIMENTO IMOBILIARIO TG REAL ESTATE,FUNDO DE INVESTIMENTO IMOBILIARIO TG REAL ESTATE,FII,FECHADO,QUALIFICADO,TG CORE ASSET LTDA,13.194.316/0001-03,OLIVEIRA TRUST DTVM S.A.,36.113.876/0001-91,2024-12-31
15077,32781 - TG REAL ESTATE FII,44.625.562/0001-04,31/07/2024,Fundos de Investimentos Imobiliário,BR0B4QCTF006,XP INVESTIMENTOS CCTVM S.A.,TG CORE ASSET LTDA,1362215590.41,9.52018109,Renda Variável,KIVO11,FII KIVO    CI,2099-12-01 00:00:00,29715.0,2479122.45,0.18199193045895423,2024-07-31,44.625.562/0001-04,FUNDO DE INVESTIMENTO IMOBILIARIO TG REAL ESTATE,FUNDO DE INVESTIMENTO IMOBILIARIO TG REAL ESTATE,FII,FECHADO,QUALIFICADO,TG CORE ASSET LTDA,13.194.316/0001-03,OLIVEIRA TRUST DTVM S.A.,36.113.876/0001-91,2024-12-31
15078,32781 - TG REAL ESTATE FII,44.625.562/0001-04,31/07/2024,Fundos de Investimentos Imobiliário,BR0B4QCTF006,XP INVESTIMENTOS CCTVM S.A.,TG CORE ASSET LTDA,1362215590.41,9.52018109,Renda Variável,LSPA11,FII LESTE PACI  ER,2099-12-01 00:00:00,29060.0,2092320.0,0.1535968325960983,2024-07-31,44.625.562/0001-04,FUNDO DE INVESTIMENTO IMOBILIARIO TG REAL ESTATE,FUNDO DE INVESTIMENTO IMOBILIARIO TG REAL ESTATE,FII,FECHADO,QUALIFICADO,TG CORE ASSET LTDA,13.194.316/0001-03,OLIVEIRA TRUST DTVM S.A.,36.113.876/0001-91,2024-12-31
15079,32781 - TG REAL ESTATE FII,44.625.562/0001-04,31/07/2024,Fundos de Investimentos Imobiliário,BR0B4QCTF006,XP INVESTIMENTOS CCTVM S.A.,TG CORE ASSET LTDA,1362215590.41,9.52018109,Renda Variável,RBRX11,FII RBR MULTCI,2099-12-01 00:00:00,5047.0,45826.76,0.003364134159278492,2024-07-31,44.625.562/0001-04,FUNDO DE INVESTIMENTO IMOBILIARIO TG REAL ESTATE,FUNDO DE INVESTIMENTO IMOBILIARIO TG REAL ESTATE,FII,FECHADO,QUALIFICADO,TG CORE ASSET LTDA,13.194.316/0001-03,OLIVEIRA TRUST DTVM S.A.,36.113.876/0001-91,2024-12-31
15080,32781 - TG REAL ESTATE FII,44.625.562/0001-04,31/07/2024,Fundos de Investimentos Imobiliário,BR0B4QCTF006,XP INVESTIMENTOS CCTVM S.A.,TG CORE ASSET LTDA,1362215590.41,9.52018109,Renda Variável,DAMA11,FII DAMA    CI,2099-12-01 00:00:00,946322.0,9501072.88,0.6974720409080302,2024-07-31,44.625.562/0001-04,FUNDO DE INVESTIMENTO IMOBILIARIO TG REAL ESTATE,FUNDO DE INVESTIMENTO IMOBILIARIO TG REAL ESTATE,FII,FECHADO,QUALIFICADO,TG CORE ASSET LTDA,13.194.316/0001-03,OLIVEIRA TRUST DTVM S.A.,36.113.876/0001-91,2024-12-31
15081,32781 - TG REAL ESTATE FII,44.625.562/0001-04,31/07/2024,Fundos de Investimentos Imobiliário,BR0B4QCTF006,XP INVESTIMENTOS CCTVM S.A.,TG CORE ASSET LTDA,1362215590.41,9.52018109,Renda Variável,MANA15,FII MANATI CI,2099-12-01 00:00:00,101320.0,992936.0,0.07289125208889628,2024-07-31,44.625.562/0001-04,FUNDO DE INVESTIMENTO IMOBILIARIO TG REAL ESTATE,FUNDO DE INVESTIMENTO IMOBILIARIO TG REAL ESTATE,FII,FECHADO,QUALIFICADO,TG CORE ASSET LTDA,13.194.316/0001-03,OLIVEIRA TRUST DTVM S.A.,36.113.876/0001-91,2024-12-31
15082,32781 - TG REAL ESTATE FII,44.625.562/0001-04,31/07/2024,Fundos de Investimentos Imobiliário,BR0B4QCTF006,XP INVESTIMENTOS CCTVM S.A.,TG CORE ASSET LTDA,1362215590.41,9.52018109,Renda Variável,TGRE SHARE,TGLT,2099-12-01 00:00:00,100000000.0,100731000.0,7.394644482793061,2024-07-31,44.625.562/0001-04,FUNDO DE INVESTIMENTO IMOBILIARIO TG REAL ESTATE,FUNDO DE INVESTIMENTO IMOBILIARIO TG REAL ESTATE,FII,FECHADO,QUALIFICADO,TG CORE ASSET LTDA,13.194.316/0001-03,OLIVEIRA TRUST DTVM S.A.,36.113.876/0001-91,2024-12-31
15083,32781 - TG REAL ESTATE FII,44.625.562/0001-04,31/07/2024,Fundos de Investimentos Imobiliário,BR0B4QCTF006,XP INVESTIMENTOS CCTVM S.A.,TG CORE ASSET LTDA,1362215590.41,9.52018109,Renda Variável,TGRE LAND,TGLT,2099-12-01 00:00:00,50000000.0,41285976.97,3.0307960986978375,2024-07-31,44.625.562/0001-04,FUNDO DE INVESTIMENTO IMOBILIARIO TG REAL ESTATE,FUNDO DE INVESTIMENTO IMOBILIARIO TG REAL ESTATE,FII,FECHADO,QUALIFICADO,TG CORE ASSET LTDA,13.194.316/0001-03,OLIVEIRA TRUST DTVM S.A.,36.113.876/0001-91,2024-12-31
15084,32781 - TG REAL ESTATE FII,44.625.562/0001-04,31/07/2024,Fundos de Investimentos Imobiliário,BR0B4QCTF006,XP INVESTIMENTOS CCTVM S.A.,TG CORE ASSET LTDA,1362215590.41,9.52018109,Renda Variável,TGRE INCORPORACOES,TGLT,2099-12-01 00:00:00,260000000.0,256311155.81,18.81575556868024,2024-07-31,44.625.562/0001-04,FUNDO DE INVESTIMENTO IMOBILIARIO TG REAL ESTATE,FUNDO DE INVESTIMENTO IMOBILIARIO TG REAL ESTATE,FII,FECHADO,QUALIFICADO,TG CORE ASSET LTDA,13.194.316/0001-03,OLIVEIRA TRUST DTVM S.A.,36.113.876/0001-91,2024-12-31
15085,32781 - TG REAL ESTATE FII,44.625.562/0001-04,31/07/2024,Fundos de Investimentos Imobiliário,BR0B4QCTF006,XP INVESTIMENTOS CCTVM S.A.,TG CORE ASSET LTDA,1362215590.41,9.52018109,Renda Variável,TGRE LOTEAMENTOS,TGLT,2099-12-01 00:00:00,620000000.0,617577868.38,45.33627956747443,2024-07-31,44.625.562/0001-04,FUNDO DE INVESTIMENTO IMOBILIARIO TG REAL ESTATE,FUNDO DE INVESTIMENTO IMOBILIARIO TG REAL ESTATE,FII,FECHADO,QUALIFICADO,TG CORE ASSET LTDA,13.194.316/0001-03,OLIVEIRA TRUST DTVM S.A.,36.113.876/0001-91,2024-12-31
15086,32781 - TG REAL ESTATE FII,44.625.562/0001-04,31/07/2024,Fundos de Investimentos Imobiliário,BR0B4QCTF006,XP INVESTIMENTOS CCTVM S.A.,TG CORE ASSET LTDA,1362215590.41,9.52018109,Renda Variável,TGRE MALL,TGLT,2099-12-01 00:00:00,59139225.0,53580458.59,3.9333317697438286,2024-07-31,44.625.562/0001-04,FUNDO DE INVESTIMENTO IMOBILIARIO TG REAL ESTATE,FUNDO DE INVESTIMENTO IMOBILIARIO TG REAL ESTATE,FII,FECHADO,QUALIFICADO,TG CORE ASSET LTDA,13.194.316/0001-03,OLIVEIRA TRUST DTVM S.A.,36.113.876/0001-91,2024-12-31
15248,22691 - XP SELECTION FII,30.983.020/0001-90,31/07/2024,Fundos de Investimentos Imobiliário,-,XP INVESTIMENTOS CCTVM S.A.,XP VISTA ASSET MANAGEMENT LTDA.,360707403.33,8.33001332,Dinheiro,Caixa,n/a,2099-12-01 00:00:00,1.0,87.25,2.4188580327024143e-05,2024-07-31,30.983.020/0001-90,XP SELECTION FUNDO DE FUNDOS DE INVESTIMENTO IMOBILIÁRIO - FII,XP SELECTION FUNDO DE FUNDOS DE INVESTIMENTO IMOBILIÁRIO - FII,FII,FECHADO,GERAL,XP VISTA ASSET MANAGMENT LTDA.,16.789.525/0001-98,OLIVEIRA TRUST DTVM S.A.,36.113.876/0001-91,2024-12-31
15259,32781 - TG REAL ESTATE FII,44.625.562/0001-04,31/07/2024,Fundos de Investimentos Imobiliário,BR0B4QCTF006,XP INVESTIMENTOS CCTVM S.A.,TG CORE ASSET LTDA,1362215590.41,9.52018109,Dinheiro,Caixa,n/a,2099-12-01 00:00:00,1.0,374.5,2.7491977234475997e-05,2024-07-31,44.625.562/0001-04,FUNDO DE INVESTIMENTO IMOBILIARIO TG REAL ESTATE,FUNDO DE INVESTIMENTO IMOBILIARIO TG REAL ESTATE,FII,FECHADO,QUALIFICADO,TG CORE ASSET LTDA,13.194.316/0001-03,OLIVEIRA TRUST DTVM S.A.,36.113.876/0001-91,2024-12-31
15353,22691 - XP SELECTION FII,30.983.020/0001-90,26/08/2024,Fundos de Investimentos Imobiliário,BRXPSFCTF009,XP INVESTIMENTOS CCTVM S.A.,XP VISTA ASSET MANAGEMENT LTDA.,361399170.13,8.34598867,Renda Fixa | Definitiva,21K0938631,BARIGUI SECURITIZADORA S.A.,20/11/2024,2970.0,424836.3817320292,0.11755322558687946,2024-08-26,30.983.020/0001-90,XP SELECTION FUNDO DE FUNDOS DE INVESTIMENTO IMOBILIÁRIO - FII,XP SELECTION FUNDO DE FUNDOS DE INVESTIMENTO IMOBILIÁRIO - FII,FII,FECHADO,GERAL,XP VISTA ASSET MANAGMENT LTDA.,16.789.525/0001-98,OLIVEIRA TRUST DTVM S.A.,36.113.876/0001-91,2024-12-31
15354,22691 - XP SELECTION FII,30.983.020/0001-90,26/08/2024,Fundos de Investimentos Imobiliário,BRXPSFCTF009,XP INVESTIMENTOS CCTVM S.A.,XP VISTA ASSET MANAGEMENT LTDA.,361399170.13,8.34598867,Renda Fixa | Definitiva,21K0938631,BARIGUI SECURITIZADORA S.A.,20/11/2024,10913.0,1561023.378397857,0.4319388386631703,2024-08-26,30.983.020/0001-90,XP SELECTION FUNDO DE FUNDOS DE INVESTIMENTO IMOBILIÁRIO - FII,XP SELECTION FUNDO DE FUNDOS DE INVESTIMENTO IMOBILIÁRIO - FII,FII,FECHADO,GERAL,XP VISTA ASSET MANAGMENT LTDA.,16.789.525/0001-98,OLIVEIRA TRUST DTVM S.A.,36.113.876/0001-91,2024-12-31
15412,32781 - TG REAL ESTATE FII,44.625.562/0001-04,26/08/2024,Fundos de Investimentos Imobiliário,BR0B4QCTF006,XP INVESTIMENTOS CCTVM S.A.,TG CORE ASSET LTDA,1365711051.19,9.54460999,Renda Fixa | Definitiva,20D0942992,VIRGO COMPANHIA DE SECURITIZAÇÃO,20/04/2030,1198.0,442059.5795468828,0.03236845591618359,2024-08-26,44.625.562/0001-04,FUNDO DE INVESTIMENTO IMOBILIARIO TG REAL ESTATE,FUNDO DE INVESTIMENTO IMOBILIARIO TG REAL ESTATE,FII,FECHADO,QUALIFICADO,TG CORE ASSET LTDA,13.194.316/0001-03,OLIVEIRA TRUST DTVM S.A.,36.113.876/0001-91,2024-12-31
15413,32781 - TG REAL ESTATE FII,44.625.562/0001-04,26/08/2024,Fundos de Investimentos Imobiliário,BR0B4QCTF006,XP INVESTIMENTOS CCTVM S.A.,TG CORE ASSET LTDA,1365711051.19,9.54460999,Renda Fixa | Definitiva,20D0942992,VIRGO COMPANHIA DE SECURITIZAÇÃO,20/04/2030,4469.0,1649051.970780483,0.1207467691898368,2024-08-26,44.625.562/0001-04,FUNDO DE INVESTIMENTO IMOBILIARIO TG REAL ESTATE,FUNDO DE INVESTIMENTO IMOBILIARIO TG REAL ESTATE,FII,FECHADO,QUALIFICADO,TG CORE ASSET LTDA,13.194.316/0001-03,OLIVEIRA TRUST DTVM S.A.,36.113.876/0001-91,2024-12-31
15414,32781 - TG REAL ESTATE FII,44.625.562/0001-04,26/08/2024,Fundos de Investimentos Imobiliário,BR0B4QCTF006,XP INVESTIMENTOS CCTVM S.A.,TG CORE ASSET LTDA,1365711051.19,9.54460999,Renda Fixa | Definitiva,20D0995555,Forte Securitizadora SA,20/06/2029,1695.0,1508904.296907826,0.11048488592027252,2024-08-26,44.625.562/0001-04,FUNDO DE INVESTIMENTO IMOBILIARIO TG REAL ESTATE,FUNDO DE INVESTIMENTO IMOBILIARIO TG REAL ESTATE,FII,FECHADO,QUALIFICADO,TG CORE ASSET LTDA,13.194.316/0001-03,OLIVEIRA TRUST DTVM S.A.,36.113.876/0001-91,2024-12-31
15415,32781 - TG REAL ESTATE FII,44.625.562/0001-04,26/08/2024,Fundos de Investimentos Imobiliário,BR0B4QCTF006,XP INVESTIMENTOS CCTVM S.A.,TG CORE ASSET LTDA,1365711051.19,9.54460999,Renda Fixa | Definitiva,20D0995632,Forte Securitizadora SA,20/06/2029,3955.0,3007598.754401753,0.22022218768612212,2024-08-26,44.625.562/0001-04,FUNDO DE INVESTIMENTO IMOBILIARIO TG REAL ESTATE,FUNDO DE INVESTIMENTO IMOBILIARIO TG REAL ESTATE,FII,FECHADO,QUALIFICADO,TG CORE ASSET LTDA,13.194.316/0001-03,OLIVEIRA TRUST DTVM S.A.,36.113.876/0001-91,2024-12-31
15416,32781 - TG REAL ESTATE FII,44.625.562/0001-04,26/08/2024,Fundos de Investimentos Imobiliário,BR0B4QCTF006,XP INVESTIMENTOS CCTVM S.A.,TG CORE ASSET LTDA,1365711051.19,9.54460999,Renda Fixa | Definitiva,20F0851401,Forte Securitizadora SA,20/04/2030,1019.0,488835.0371676479,0.035793445234385844,2024-08-26,44.625.562/0001-04,FUNDO DE INVESTIMENTO IMOBILIARIO TG REAL ESTATE,FUNDO DE INVESTIMENTO IMOBILIARIO TG REAL ESTATE,FII,FECHADO,QUALIFICADO,TG CORE ASSET LTDA,13.194.316/0001-03,OLIVEIRA TRUST DTVM S.A.,36.113.876/0001-91,2024-12-31
15417,32781 - TG REAL ESTATE FII,44.625.562/0001-04,26/08/2024,Fundos de Investimentos Imobiliário,BR0B4QCTF006,XP INVESTIMENTOS CCTVM S.A.,TG CORE ASSET LTDA,1365711051.19,9.54460999,Renda Fixa | Definitiva,20F0851402,Forte Securitizadora SA,20/08/2029,3500.0,1713196.29555899,0.12544354049608164,2024-08-26,44.625.562/0001-04,FUNDO DE INVESTIMENTO IMOBILIARIO TG REAL ESTATE,FUNDO DE INVESTIMENTO IMOBILIARIO TG REAL ESTATE,FII,FECHADO,QUALIFICADO,TG CORE ASSET LTDA,13.194.316/0001-03,OLIVEIRA TRUST DTVM S.A.,36.113.876/0001-91,2024-12-31
15418,32781 - TG REAL ESTATE FII,44.625.562/0001-04,26/08/2024,Fundos de Investimentos Imobiliário,BR0B4QCTF006,XP INVESTIMENTOS CCTVM S.A.,TG CORE ASSET LTDA,1365711051.19,9.54460999,Renda Fixa | Definitiva,20F0851403,Forte Securitizadora SA,20/08/2029,3500.0,1813352.144747252,0.13277714514847078,2024-08-26,44.625.562/0001-04,FUNDO DE INVESTIMENTO IMOBILIARIO TG REAL ESTATE,FUNDO DE INVESTIMENTO IMOBILIARIO TG REAL ESTATE,FII,FECHADO,QUALIFICADO,TG CORE ASSET LTDA,13.194.316/0001-03,OLIVEIRA TRUST DTVM S.A.,36.113.876/0001-91,2024-12-31
15419,32781 - TG REAL ESTATE FII,44.625.562/0001-04,26/08/2024,Fundos de Investimentos Imobiliário,BR0B4QCTF006,XP INVESTIMENTOS CCTVM S.A.,TG CORE ASSET LTDA,1365711051.19,9.54460999,Renda Fixa | Definitiva,20F0851404,Forte Securitizadora SA,20/08/2029,782.0,378635.5790304244,0.027724428143164233,2024-08-26,44.625.562/0001-04,FUNDO DE INVESTIMENTO IMOBILIARIO TG REAL ESTATE,FUNDO DE INVESTIMENTO IMOBILIARIO TG REAL ESTATE,FII,FECHADO,QUALIFICADO,TG CORE ASSET LTDA,13.194.316/0001-03,OLIVEIRA TRUST DTVM S.A.,36.113.876/0001-91,2024-12-31
15420,32781 - TG REAL ESTATE FII,44.625.562/0001-04,26/08/2024,Fundos de Investimentos Imobiliário,BR0B4QCTF006,XP INVESTIMENTOS CCTVM S.A.,TG CORE ASSET LTDA,1365711051.19,9.54460999,Renda Fixa | Definitiva,20F0851404,Forte Securitizadora SA,20/08/2029,3418.0,1654957.044918147,0.12117915011935468,2024-08-26,44.625.562/0001-04,FUNDO DE INVESTIMENTO IMOBILIARIO TG REAL ESTATE,FUNDO DE INVESTIMENTO IMOBILIARIO TG REAL ESTATE,FII,FECHADO,QUALIFICADO,TG CORE ASSET LTDA,13.194.316/0001-03,OLIVEIRA TRUST DTVM S.A.,36.113.876/0001-91,2024-12-31
15421,32781 - TG REAL ESTATE FII,44.625.562/0001-04,26/08/2024,Fundos de Investimentos Imobiliário,BR0B4QCTF006,XP INVESTIMENTOS CCTVM S.A.,TG CORE ASSET LTDA,1365711051.19,9.54460999,Renda Fixa | Definitiva,20F0851405,Forte Securitizadora SA,20/08/2029,1750.0,920640.9644260764,0.06741110893288035,2024-08-26,44.625.562/0001-04,FUNDO DE INVESTIMENTO IMOBILIARIO TG REAL ESTATE,FUNDO DE INVESTIMENTO IMOBILIARIO TG REAL ESTATE,FII,FECHADO,QUALIFICADO,TG CORE ASSET LTDA,13.194.316/0001-03,OLIVEIRA TRUST DTVM S.A.,36.113.876/0001-91,2024-12-31
15422,32781 - TG REAL ESTATE FII,44.625.562/0001-04,26/08/2024,Fundos de Investimentos Imobiliário,BR0B4QCTF006,XP INVESTIMENTOS CCTVM S.A.,TG CORE ASSET LTDA,1365711051.19,9.54460999,Renda Fixa | Definitiva,20F0851406,Forte Securitizadora SA,20/08/2029,2850.0,1392360.948805767,0.1019513569574286,2024-08-26,44.625.562/0001-04,FUNDO DE INVESTIMENTO IMOBILIARIO TG REAL ESTATE,FUNDO DE INVESTIMENTO IMOBILIARIO TG REAL ESTATE,FII,FECHADO,QUALIFICADO,TG CORE ASSET LTDA,13.194.316/0001-03,OLIVEIRA TRUST DTVM S.A.,36.113.876/0001-91,2024-12-31
15423,32781 - TG REAL ESTATE FII,44.625.562/0001-04,26/08/2024,Fundos de Investimentos Imobiliário,BR0B4QCTF006,XP INVESTIMENTOS CCTVM S.A.,TG CORE ASSET LTDA,1365711051.19,9.54460999,Renda Fixa | Definitiva,20F0851407,Forte Securitizadora SA,20/08/2029,1500.0,721443.6091579695,0.05282549398200637,2024-08-26,44.625.562/0001-04,FUNDO DE INVESTIMENTO IMOBILIARIO TG REAL ESTATE,FUNDO DE INVESTIMENTO IMOBILIARIO TG REAL ESTATE,FII,FECHADO,QUALIFICADO,TG CORE ASSET LTDA,13.194.316/0001-03,OLIVEIRA TRUST DTVM S.A.,36.113.876/0001-91,2024-12-31
15424,32781 - TG REAL ESTATE FII,44.625.562/0001-04,26/08/2024,Fundos de Investimentos Imobiliário,BR0B4QCTF006,XP INVESTIMENTOS CCTVM S.A.,TG CORE ASSET LTDA,1365711051.19,9.54460999,Renda Fixa | Definitiva,20F0851408,Forte Securitizadora SA,20/08/2029,1500.0,721172.6616346125,0.052805654681217166,2024-08-26,44.625.562/0001-04,FUNDO DE INVESTIMENTO IMOBILIARIO TG REAL ESTATE,FUNDO DE INVESTIMENTO IMOBILIARIO TG REAL ESTATE,FII,FECHADO,QUALIFICADO,TG CORE ASSET LTDA,13.194.316/0001-03,OLIVEIRA TRUST DTVM S.A.,36.113.876/0001-91,2024-12-31
15425,32781 - TG REAL ESTATE FII,44.625.562/0001-04,26/08/2024,Fundos de Investimentos Imobiliário,BR0B4QCTF006,XP INVESTIMENTOS CCTVM S.A.,TG CORE ASSET LTDA,1365711051.19,9.54460999,Renda Fixa | Definitiva,20F0851409,Forte Securitizadora SA,20/08/2029,1800.0,858788.012060136,0.06288211633872617,2024-08-26,44.625.562/0001-04,FUNDO DE INVESTIMENTO IMOBILIARIO TG REAL ESTATE,FUNDO DE INVESTIMENTO IMOBILIARIO TG REAL ESTATE,FII,FECHADO,QUALIFICADO,TG CORE ASSET LTDA,13.194.316/0001-03,OLIVEIRA TRUST DTVM S.A.,36.113.876/0001-91,2024-12-31
15426,32781 - TG REAL ESTATE FII,44.625.562/0001-04,26/08/2024,Fundos de Investimentos Imobiliário,BR0B4QCTF006,XP INVESTIMENTOS CCTVM S.A.,TG CORE ASSET LTDA,1365711051.19,9.54460999,Renda Fixa | Definitiva,20F0851410,Forte Securitizadora SA,20/08/2029,750.0,394284.1537405875,0.028870246996759056,2024-08-26,44.625.562/0001-04,FUNDO DE INVESTIMENTO IMOBILIARIO TG REAL ESTATE,FUNDO DE INVESTIMENTO IMOBILIARIO TG REAL ESTATE,FII,FECHADO,QUALIFICADO,TG CORE ASSET LTDA,13.194.316/0001-03,OLIVEIRA TRUST DTVM S.A.,36.113.876/0001-91,2024-12-31
15427,32781 - TG REAL ESTATE FII,44.625.562/0001-04,26/08/2024,Fundos de Investimentos Imobiliário,BR0B4QCTF006,XP INVESTIMENTOS CCTVM S.A.,TG CORE ASSET LTDA,1365711051.19,9.54460999,Renda Fixa | Definitiva,20K0713315,VIRGO COMPANHIA DE SECURITIZAÇÃO,24/11/2025,344.0,1720975.778763261,0.12601316927645156,2024-08-26,44.625.562/0001-04,FUNDO DE INVESTIMENTO IMOBILIARIO TG REAL ESTATE,FUNDO DE INVESTIMENTO IMOBILIARIO TG REAL ESTATE,FII,FECHADO,QUALIFICADO,TG CORE ASSET LTDA,13.194.316/0001-03,OLIVEIRA TRUST DTVM S.A.,36.113.876/0001-91,2024-12-31
15428,32781 - TG REAL ESTATE FII,44.625.562/0001-04,26/08/2024,Fundos de Investimentos Imobiliário,BR0B4QCTF006,XP INVESTIMENTOS CCTVM S.A.,TG CORE ASSET LTDA,1365711051.19,9.54460999,Renda Fixa | Definitiva,20K0713315,VIRGO COMPANHIA DE SECURITIZAÇÃO,24/11/2025,944.0,4722677.718466623,0.34580358080514617,2024-08-26,44.625.562/0001-04,FUNDO DE INVESTIMENTO IMOBILIARIO TG REAL ESTATE,FUNDO DE INVESTIMENTO IMOBILIARIO TG REAL ESTATE,FII,FECHADO,QUALIFICADO,TG CORE ASSET LTDA,13.194.316/0001-03,OLIVEIRA TRUST DTVM S.A.,36.113.876/0001-91,2024-12-31
15429,32781 - TG REAL ESTATE FII,44.625.562/0001-04,26/08/2024,Fundos de Investimentos Imobiliário,BR0B4QCTF006,XP INVESTIMENTOS CCTVM S.A.,TG CORE ASSET LTDA,1365711051.19,9.54460999,Renda Fixa | Definitiva,20K0713315,VIRGO COMPANHIA DE SECURITIZAÇÃO,24/11/2025,166.0,830470.8699845969,0.060808680522938835,2024-08-26,44.625.562/0001-04,FUNDO DE INVESTIMENTO IMOBILIARIO TG REAL ESTATE,FUNDO DE INVESTIMENTO IMOBILIARIO TG REAL ESTATE,FII,FECHADO,QUALIFICADO,TG CORE ASSET LTDA,13.194.316/0001-03,OLIVEIRA TRUST DTVM S.A.,36.113.876/0001-91,2024-12-31
15430,32781 - TG REAL ESTATE FII,44.625.562/0001-04,26/08/2024,Fundos de Investimentos Imobiliário,BR0B4QCTF006,XP INVESTIMENTOS CCTVM S.A.,TG CORE ASSET LTDA,1365711051.19,9.54460999,Renda Fixa | Definitiva,21A0607973,VIRGO COMPANHIA DE SECURITIZAÇÃO,20/01/2026,3300.0,3984695.751149586,0.29176711630747637,2024-08-26,44.625.562/0001-04,FUNDO DE INVESTIMENTO IMOBILIARIO TG REAL ESTATE,FUNDO DE INVESTIMENTO IMOBILIARIO TG REAL ESTATE,FII,FECHADO,QUALIFICADO,TG CORE ASSET LTDA,13.194.316/0001-03,OLIVEIRA TRUST DTVM S.A.,36.113.876/0001-91,2024-12-31
15431,32781 - TG REAL ESTATE FII,44.625.562/0001-04,26/08/2024,Fundos de Investimentos Imobiliário,BR0B4QCTF006,XP INVESTIMENTOS CCTVM S.A.,TG CORE ASSET LTDA,1365711051.19,9.54460999,Renda Fixa | Definitiva,21A0608480,VIRGO COMPANHIA DE SECURITIZAÇÃO,20/01/2026,3300.0,3615098.50379568,0.26470449226032816,2024-08-26,44.625.562/0001-04,FUNDO DE INVESTIMENTO IMOBILIARIO TG REAL ESTATE,FUNDO DE INVESTIMENTO IMOBILIARIO TG REAL ESTATE,FII,FECHADO,QUALIFICADO,TG CORE ASSET LTDA,13.194.316/0001-03,OLIVEIRA TRUST DTVM S.A.,36.113.876/0001-91,2024-12-31
15432,32781 - TG REAL ESTATE FII,44.625.562/0001-04,26/08/2024,Fundos de Investimentos Imobiliário,BR0B4QCTF006,XP INVESTIMENTOS CCTVM S.A.,TG CORE ASSET LTDA,1365711051.19,9.54460999,Renda Fixa | Definitiva,21A0608492,VIRGO COMPANHIA DE SECURITIZAÇÃO,20/01/2026,1800.0,1935805.492100682,0.14174341566716733,2024-08-26,44.625.562/0001-04,FUNDO DE INVESTIMENTO IMOBILIARIO TG REAL ESTATE,FUNDO DE INVESTIMENTO IMOBILIARIO TG REAL ESTATE,FII,FECHADO,QUALIFICADO,TG CORE ASSET LTDA,13.194.316/0001-03,OLIVEIRA TRUST DTVM S.A.,36.113.876/0001-91,2024-12-31
15433,32781 - TG REAL ESTATE FII,44.625.562/0001-04,26/08/2024,Fundos de Investimentos Imobiliário,BR0B4QCTF006,XP INVESTIMENTOS CCTVM S.A.,TG CORE ASSET LTDA,1365711051.19,9.54460999,Renda Fixa | Definitiva,21A0796003,Forte Securitizadora SA,20/11/2031,1070.0,711383.8773996931,0.05208890099994689,2024-08-26,44.625.562/0001-04,FUNDO DE INVESTIMENTO IMOBILIARIO TG REAL ESTATE,FUNDO DE INVESTIMENTO IMOBILIARIO TG REAL ESTATE,FII,FECHADO,QUALIFICADO,TG CORE ASSET LTDA,13.194.316/0001-03,OLIVEIRA TRUST DTVM S.A.,36.113.876/0001-91,2024-12-31
15434,32781 - TG REAL ESTATE FII,44.625.562/0001-04,26/08/2024,Fundos de Investimentos Imobiliário,BR0B4QCTF006,XP INVESTIMENTOS CCTVM S.A.,TG CORE ASSET LTDA,1365711051.19,9.54460999,Renda Fixa | Definitiva,21B0718276,Forte Securitizadora SA,20/02/2031,9000.0,7155898.774321356,0.5239687244301149,2024-08-26,44.625.562/0001-04,FUNDO DE INVESTIMENTO IMOBILIARIO TG REAL ESTATE,FUNDO DE INVESTIMENTO IMOBILIARIO TG REAL ESTATE,FII,FECHADO,QUALIFICADO,TG CORE ASSET LTDA,13.194.316/0001-03,OLIVEIRA TRUST DTVM S.A.,36.113.876/0001-91,2024-12-31
15435,32781 - TG REAL ESTATE FII,44.625.562/0001-04,26/08/2024,Fundos de Investimentos Imobiliário,BR0B4QCTF006,XP INVESTIMENTOS CCTVM S.A.,TG CORE ASSET LTDA,1365711051.19,9.54460999,Renda Fixa | Definitiva,21C0528435,VIRGO COMPANHIA DE SECURITIZAÇÃO,20/01/2032,2292.0,1034479.280435448,0.07574657022318622,2024-08-26,44.625.562/0001-04,FUNDO DE INVESTIMENTO IMOBILIARIO TG REAL ESTATE,FUNDO DE INVESTIMENTO IMOBILIARIO TG REAL ESTATE,FII,FECHADO,QUALIFICADO,TG CORE ASSET LTDA,13.194.316/0001-03,OLIVEIRA TRUST DTVM S.A.,36.113.876/0001-91,2024-12-31
15436,32781 - TG REAL ESTATE FII,44.625.562/0001-04,26/08/2024,Fundos de Investimentos Imobiliário,BR0B4QCTF006,XP INVESTIMENTOS CCTVM S.A.,TG CORE ASSET LTDA,1365711051.19,9.54460999,Renda Fixa | Definitiva,21C0528435,VIRGO COMPANHIA DE SECURITIZAÇÃO,20/01/2032,2571.0,1160404.114310443,0.0849670296875269,2024-08-26,44.625.562/0001-04,FUNDO DE INVESTIMENTO IMOBILIARIO TG REAL ESTATE,FUNDO DE INVESTIMENTO IMOBILIARIO TG REAL ESTATE,FII,FECHADO,QUALIFICADO,TG CORE ASSET LTDA,13.194.316/0001-03,OLIVEIRA TRUST DTVM S.A.,36.113.876/0001-91,2024-12-31
15437,32781 - TG REAL ESTATE FII,44.625.562/0001-04,26/08/2024,Fundos de Investimentos Imobiliário,BR0B4QCTF006,XP INVESTIMENTOS CCTVM S.A.,TG CORE ASSET LTDA,1365711051.19,9.54460999,Renda Fixa | Definitiva,21C0528814,VIRGO COMPANHIA DE SECURITIZAÇÃO,20/01/2032,571.0,221365.9244402568,0.0162088403873844,2024-08-26,44.625.562/0001-04,FUNDO DE INVESTIMENTO IMOBILIARIO TG REAL ESTATE,FUNDO DE INVESTIMENTO IMOBILIARIO TG REAL ESTATE,FII,FECHADO,QUALIFICADO,TG CORE ASSET LTDA,13.194.316/0001-03,OLIVEIRA TRUST DTVM S.A.,36.113.876/0001-91,2024-12-31
15438,32781 - TG REAL ESTATE FII,44.625.562/0001-04,26/08/2024,Fundos de Investimentos Imobiliário,BR0B4QCTF006,XP INVESTIMENTOS CCTVM S.A.,TG CORE ASSET LTDA,1365711051.19,9.54460999,Renda Fixa | Definitiva,21C0775913,VIRGO COMPANHIA DE SECURITIZAÇÃO,20/06/2026,2000.0,2385604.36512446,0.1746785575942865,2024-08-26,44.625.562/0001-04,FUNDO DE INVESTIMENTO IMOBILIARIO TG REAL ESTATE,FUNDO DE INVESTIMENTO IMOBILIARIO TG REAL ESTATE,FII,FECHADO,QUALIFICADO,TG CORE ASSET LTDA,13.194.316/0001-03,OLIVEIRA TRUST DTVM S.A.,36.113.876/0001-91,2024-12-31
15439,32781 - TG REAL ESTATE FII,44.625.562/0001-04,26/08/2024,Fundos de Investimentos Imobiliário,BR0B4QCTF006,XP INVESTIMENTOS CCTVM S.A.,TG CORE ASSET LTDA,1365711051.19,9.54460999,Renda Fixa | Definitiva,21C0775913,VIRGO COMPANHIA DE SECURITIZAÇÃO,20/06/2026,6000.0,7156813.09537338,0.5240356727828595,2024-08-26,44.625.562/0001-04,FUNDO DE INVESTIMENTO IMOBILIARIO TG REAL ESTATE,FUNDO DE INVESTIMENTO IMOBILIARIO TG REAL ESTATE,FII,FECHADO,QUALIFICADO,TG CORE ASSET LTDA,13.194.316/0001-03,OLIVEIRA TRUST DTVM S.A.,36.113.876/0001-91,2024-12-31
15440,32781 - TG REAL ESTATE FII,44.625.562/0001-04,26/08/2024,Fundos de Investimentos Imobiliário,BR0B4QCTF006,XP INVESTIMENTOS CCTVM S.A.,TG CORE ASSET LTDA,1365711051.19,9.54460999,Renda Fixa | Definitiva,21C0775913,VIRGO COMPANHIA DE SECURITIZAÇÃO,20/06/2026,2200.0,2624164.801636906,0.19214641335371516,2024-08-26,44.625.562/0001-04,FUNDO DE INVESTIMENTO IMOBILIARIO TG REAL ESTATE,FUNDO DE INVESTIMENTO IMOBILIARIO TG REAL ESTATE,FII,FECHADO,QUALIFICADO,TG CORE ASSET LTDA,13.194.316/0001-03,OLIVEIRA TRUST DTVM S.A.,36.113.876/0001-91,2024-12-31
15441,32781 - TG REAL ESTATE FII,44.625.562/0001-04,26/08/2024,Fundos de Investimentos Imobiliário,BR0B4QCTF006,XP INVESTIMENTOS CCTVM S.A.,TG CORE ASSET LTDA,1365711051.19,9.54460999,Renda Fixa | Definitiva,21C0822819,VIRGO COMPANHIA DE SECURITIZAÇÃO,20/01/2032,2422.0,1452217.066465561,0.10633413745903168,2024-08-26,44.625.562/0001-04,FUNDO DE INVESTIMENTO IMOBILIARIO TG REAL ESTATE,FUNDO DE INVESTIMENTO IMOBILIARIO TG REAL ESTATE,FII,FECHADO,QUALIFICADO,TG CORE ASSET LTDA,13.194.316/0001-03,OLIVEIRA TRUST DTVM S.A.,36.113.876/0001-91,2024-12-31
15442,32781 - TG REAL ESTATE FII,44.625.562/0001-04,26/08/2024,Fundos de Investimentos Imobiliário,BR0B4QCTF006,XP INVESTIMENTOS CCTVM S.A.,TG CORE ASSET LTDA,1365711051.19,9.54460999,Renda Fixa | Definitiva,21C0822821,VIRGO COMPANHIA DE SECURITIZAÇÃO,20/01/2032,500.0,327719.5977011725,0.023996261684755132,2024-08-26,44.625.562/0001-04,FUNDO DE INVESTIMENTO IMOBILIARIO TG REAL ESTATE,FUNDO DE INVESTIMENTO IMOBILIARIO TG REAL ESTATE,FII,FECHADO,QUALIFICADO,TG CORE ASSET LTDA,13.194.316/0001-03,OLIVEIRA TRUST DTVM S.A.,36.113.876/0001-91,2024-12-31
15443,32781 - TG REAL ESTATE FII,44.625.562/0001-04,26/08/2024,Fundos de Investimentos Imobiliário,BR0B4QCTF006,XP INVESTIMENTOS CCTVM S.A.,TG CORE ASSET LTDA,1365711051.19,9.54460999,Renda Fixa | Definitiva,21C0822821,VIRGO COMPANHIA DE SECURITIZAÇÃO,20/01/2032,1500.0,983158.7931035176,0.07198878505426538,2024-08-26,44.625.562/0001-04,FUNDO DE INVESTIMENTO IMOBILIARIO TG REAL ESTATE,FUNDO DE INVESTIMENTO IMOBILIARIO TG REAL ESTATE,FII,FECHADO,QUALIFICADO,TG CORE ASSET LTDA,13.194.316/0001-03,OLIVEIRA TRUST DTVM S.A.,36.113.876/0001-91,2024-12-31
15444,32781 - TG REAL ESTATE FII,44.625.562/0001-04,26/08/2024,Fundos de Investimentos Imobiliário,BR0B4QCTF006,XP INVESTIMENTOS CCTVM S.A.,TG CORE ASSET LTDA,1365711051.19,9.54460999,Renda Fixa | Definitiva,21C0830878,VIRGO COMPANHIA DE SECURITIZAÇÃO,20/01/2032,1863.0,1143542.774831407,0.0837324098560227,2024-08-26,44.625.562/0001-04,FUNDO DE INVESTIMENTO IMOBILIARIO TG REAL ESTATE,FUNDO DE INVESTIMENTO IMOBILIARIO TG REAL ESTATE,FII,FECHADO,QUALIFICADO,TG CORE ASSET LTDA,13.194.316/0001-03,OLIVEIRA TRUST DTVM S.A.,36.113.876/0001-91,2024-12-31
15445,32781 - TG REAL ESTATE FII,44.625.562/0001-04,26/08/2024,Fundos de Investimentos Imobiliário,BR0B4QCTF006,XP INVESTIMENTOS CCTVM S.A.,TG CORE ASSET LTDA,1365711051.19,9.54460999,Renda Fixa | Definitiva,21C0830878,VIRGO COMPANHIA DE SECURITIZAÇÃO,20/01/2032,2200.0,1350399.412039236,0.09887885221859906,2024-08-26,44.625.562/0001-04,FUNDO DE INVESTIMENTO IMOBILIARIO TG REAL ESTATE,FUNDO DE INVESTIMENTO IMOBILIARIO TG REAL ESTATE,FII,FECHADO,QUALIFICADO,TG CORE ASSET LTDA,13.194.316/0001-03,OLIVEIRA TRUST DTVM S.A.,36.113.876/0001-91,2024-12-31
15446,32781 - TG REAL ESTATE FII,44.625.562/0001-04,26/08/2024,Fundos de Investimentos Imobiliário,BR0B4QCTF006,XP INVESTIMENTOS CCTVM S.A.,TG CORE ASSET LTDA,1365711051.19,9.54460999,Renda Fixa | Definitiva,21C0830879,VIRGO COMPANHIA DE SECURITIZAÇÃO,20/01/2032,702.0,427159.5976627368,0.031277450474647264,2024-08-26,44.625.562/0001-04,FUNDO DE INVESTIMENTO IMOBILIARIO TG REAL ESTATE,FUNDO DE INVESTIMENTO IMOBILIARIO TG REAL ESTATE,FII,FECHADO,QUALIFICADO,TG CORE ASSET LTDA,13.194.316/0001-03,OLIVEIRA TRUST DTVM S.A.,36.113.876/0001-91,2024-12-31
15447,32781 - TG REAL ESTATE FII,44.625.562/0001-04,26/08/2024,Fundos de Investimentos Imobiliário,BR0B4QCTF006,XP INVESTIMENTOS CCTVM S.A.,TG CORE ASSET LTDA,1365711051.19,9.54460999,Renda Fixa | Definitiva,21C0830879,VIRGO COMPANHIA DE SECURITIZAÇÃO,20/01/2032,563.0,342579.5633676935,0.025084337061576083,2024-08-26,44.625.562/0001-04,FUNDO DE INVESTIMENTO IMOBILIARIO TG REAL ESTATE,FUNDO DE INVESTIMENTO IMOBILIARIO TG REAL ESTATE,FII,FECHADO,QUALIFICADO,TG CORE ASSET LTDA,13.194.316/0001-03,OLIVEIRA TRUST DTVM S.A.,36.113.876/0001-91,2024-12-31
15448,32781 - TG REAL ESTATE FII,44.625.562/0001-04,26/08/2024,Fundos de Investimentos Imobiliário,BR0B4QCTF006,XP INVESTIMENTOS CCTVM S.A.,TG CORE ASSET LTDA,1365711051.19,9.54460999,Renda Fixa | Definitiva,21C0830879,VIRGO COMPANHIA DE SECURITIZAÇÃO,20/01/2032,235.0,142995.0220096056,0.010470371597638329,2024-08-26,44.625.562/0001-04,FUNDO DE INVESTIMENTO IMOBILIARIO TG REAL ESTATE,FUNDO DE INVESTIMENTO IMOBILIARIO TG REAL ESTATE,FII,FECHADO,QUALIFICADO,TG CORE ASSET LTDA,13.194.316/0001-03,OLIVEIRA TRUST DTVM S.A.,36.113.876/0001-91,2024-12-31
15449,32781 - TG REAL ESTATE FII,44.625.562/0001-04,26/08/2024,Fundos de Investimentos Imobiliário,BR0B4QCTF006,XP INVESTIMENTOS CCTVM S.A.,TG CORE ASSET LTDA,1365711051.19,9.54460999,Renda Fixa | Definitiva,21C0834078,VIRGO COMPANHIA DE SECURITIZAÇÃO,20/01/2032,3500.0,2387210.230924047,0.17479614218864034,2024-08-26,44.625.562/0001-04,FUNDO DE INVESTIMENTO IMOBILIARIO TG REAL ESTATE,FUNDO DE INVESTIMENTO IMOBILIARIO TG REAL ESTATE,FII,FECHADO,QUALIFICADO,TG CORE ASSET LTDA,13.194.316/0001-03,OLIVEIRA TRUST DTVM S.A.,36.113.876/0001-91,2024-12-31
15450,32781 - TG REAL ESTATE FII,44.625.562/0001-04,26/08/2024,Fundos de Investimentos Imobiliário,BR0B4QCTF006,XP INVESTIMENTOS CCTVM S.A.,TG CORE ASSET LTDA,1365711051.19,9.54460999,Renda Fixa | Definitiva,21D0503168,Forte Securitizadora SA,20/04/2028,2500.0,646087.3435921575,0.047307762723981406,2024-08-26,44.625.562/0001-04,FUNDO DE INVESTIMENTO IMOBILIARIO TG REAL ESTATE,FUNDO DE INVESTIMENTO IMOBILIARIO TG REAL ESTATE,FII,FECHADO,QUALIFICADO,TG CORE ASSET LTDA,13.194.316/0001-03,OLIVEIRA TRUST DTVM S.A.,36.113.876/0001-91,2024-12-31
15451,32781 - TG REAL ESTATE FII,44.625.562/0001-04,26/08/2024,Fundos de Investimentos Imobiliário,BR0B4QCTF006,XP INVESTIMENTOS CCTVM S.A.,TG CORE ASSET LTDA,1365711051.19,9.54460999,Renda Fixa | Definitiva,21F0929701,VIRGO COMPANHIA DE SECURITIZAÇÃO,20/06/2033,2891.0,2030072.004554652,0.14864579171309822,2024-08-26,44.625.562/0001-04,FUNDO DE INVESTIMENTO IMOBILIARIO TG REAL ESTATE,FUNDO DE INVESTIMENTO IMOBILIARIO TG REAL ESTATE,FII,FECHADO,QUALIFICADO,TG CORE ASSET LTDA,13.194.316/0001-03,OLIVEIRA TRUST DTVM S.A.,36.113.876/0001-91,2024-12-31
15452,32781 - TG REAL ESTATE FII,44.625.562/0001-04,26/08/2024,Fundos de Investimentos Imobiliário,BR0B4QCTF006,XP INVESTIMENTOS CCTVM S.A.,TG CORE ASSET LTDA,1365711051.19,9.54460999,Renda Fixa | Definitiva,21F0930064,VIRGO COMPANHIA DE SECURITIZAÇÃO,20/06/2033,1000.0,707639.7133444181,0.05181474607881533,2024-08-26,44.625.562/0001-04,FUNDO DE INVESTIMENTO IMOBILIARIO TG REAL ESTATE,FUNDO DE INVESTIMENTO IMOBILIARIO TG REAL ESTATE,FII,FECHADO,QUALIFICADO,TG CORE ASSET LTDA,13.194.316/0001-03,OLIVEIRA TRUST DTVM S.A.,36.113.876/0001-91,2024-12-31
15453,32781 - TG REAL ESTATE FII,44.625.562/0001-04,26/08/2024,Fundos de Investimentos Imobiliário,BR0B4QCTF006,XP INVESTIMENTOS CCTVM S.A.,TG CORE ASSET LTDA,1365711051.19,9.54460999,Renda Fixa | Definitiva,21I0142395,Forte Securitizadora SA,20/05/2028,4000.0,2311337.661736216,0.16924060618256348,2024-08-26,44.625.562/0001-04,FUNDO DE INVESTIMENTO IMOBILIARIO TG REAL ESTATE,FUNDO DE INVESTIMENTO IMOBILIARIO TG REAL ESTATE,FII,FECHADO,QUALIFICADO,TG CORE ASSET LTDA,13.194.316/0001-03,OLIVEIRA TRUST DTVM S.A.,36.113.876/0001-91,2024-12-31
15454,32781 - TG REAL ESTATE FII,44.625.562/0001-04,26/08/2024,Fundos de Investimentos Imobiliário,BR0B4QCTF006,XP INVESTIMENTOS CCTVM S.A.,TG CORE ASSET LTDA,1365711051.19,9.54460999,Renda Fixa | Definitiva,21I0142421,Forte Securitizadora SA,20/05/2028,1000.0,577991.871267119,0.04232168076574404,2024-08-26,44.625.562/0001-04,FUNDO DE INVESTIMENTO IMOBILIARIO TG REAL ESTATE,FUNDO DE INVESTIMENTO IMOBILIARIO TG REAL ESTATE,FII,FECHADO,QUALIFICADO,TG CORE ASSET LTDA,13.194.316/0001-03,OLIVEIRA TRUST DTVM S.A.,36.113.876/0001-91,2024-12-31
15455,32781 - TG REAL ESTATE FII,44.625.562/0001-04,26/08/2024,Fundos de Investimentos Imobiliário,BR0B4QCTF006,XP INVESTIMENTOS CCTVM S.A.,TG CORE ASSET LTDA,1365711051.19,9.54460999,Renda Fixa | Definitiva,22F0636862,RB CAPITAL SECURITIZADORA S.A.,24/05/2028,3924.0,2478084.001616947,0.18145009513232616,2024-08-26,44.625.562/0001-04,FUNDO DE INVESTIMENTO IMOBILIARIO TG REAL ESTATE,FUNDO DE INVESTIMENTO IMOBILIARIO TG REAL ESTATE,FII,FECHADO,QUALIFICADO,TG CORE ASSET LTDA,13.194.316/0001-03,OLIVEIRA TRUST DTVM S.A.,36.113.876/0001-91,2024-12-31
15456,32781 - TG REAL ESTATE FII,44.625.562/0001-04,26/08/2024,Fundos de Investimentos Imobiliário,BR0B4QCTF006,XP INVESTIMENTOS CCTVM S.A.,TG CORE ASSET LTDA,1365711051.19,9.54460999,Renda Fixa | Definitiva,22F0636862,RB CAPITAL SECURITIZADORA S.A.,24/05/2028,718.0,453431.2724671172,0.0332011132275765,2024-08-26,44.625.562/0001-04,FUNDO DE INVESTIMENTO IMOBILIARIO TG REAL ESTATE,FUNDO DE INVESTIMENTO IMOBILIARIO TG REAL ESTATE,FII,FECHADO,QUALIFICADO,TG CORE ASSET LTDA,13.194.316/0001-03,OLIVEIRA TRUST DTVM S.A.,36.113.876/0001-91,2024-12-31
15457,32781 - TG REAL ESTATE FII,44.625.562/0001-04,26/08/2024,Fundos de Investimentos Imobiliário,BR0B4QCTF006,XP INVESTIMENTOS CCTVM S.A.,TG CORE ASSET LTDA,1365711051.19,9.54460999,Renda Fixa | Definitiva,22G0893940,VIRGO COMPANHIA DE SECURITIZAÇÃO,23/06/2027,4300.0,4628138.012377431,0.3388812009937786,2024-08-26,44.625.562/0001-04,FUNDO DE INVESTIMENTO IMOBILIARIO TG REAL ESTATE,FUNDO DE INVESTIMENTO IMOBILIARIO TG REAL ESTATE,FII,FECHADO,QUALIFICADO,TG CORE ASSET LTDA,13.194.316/0001-03,OLIVEIRA TRUST DTVM S.A.,36.113.876/0001-91,2024-12-31
15458,32781 - TG REAL ESTATE FII,44.625.562/0001-04,26/08/2024,Fundos de Investimentos Imobiliário,BR0B4QCTF006,XP INVESTIMENTOS CCTVM S.A.,TG CORE ASSET LTDA,1365711051.19,9.54460999,Renda Fixa | Definitiva,22H1237505,VIRGO COMPANHIA DE SECURITIZAÇÃO,21/07/2027,5000.0,4402932.299954405,0.32239120391666665,2024-08-26,44.625.562/0001-04,FUNDO DE INVESTIMENTO IMOBILIARIO TG REAL ESTATE,FUNDO DE INVESTIMENTO IMOBILIARIO TG REAL ESTATE,FII,FECHADO,QUALIFICADO,TG CORE ASSET LTDA,13.194.316/0001-03,OLIVEIRA TRUST DTVM S.A.,36.113.876/0001-91,2024-12-31
15459,32781 - TG REAL ESTATE FII,44.625.562/0001-04,26/08/2024,Fundos de Investimentos Imobiliário,BR0B4QCTF006,XP INVESTIMENTOS CCTVM S.A.,TG CORE ASSET LTDA,1365711051.19,9.54460999,Renda Fixa | Definitiva,22H1237507,VIRGO COMPANHIA DE SECURITIZAÇÃO,21/07/2027,5000.0,4405216.48845421,0.3225584566087947,2024-08-26,44.625.562/0001-04,FUNDO DE INVESTIMENTO IMOBILIARIO TG REAL ESTATE,FUNDO DE INVESTIMENTO IMOBILIARIO TG REAL ESTATE,FII,FECHADO,QUALIFICADO,TG CORE ASSET LTDA,13.194.316/0001-03,OLIVEIRA TRUST DTVM S.A.,36.113.876/0001-91,2024-12-31
15460,32781 - TG REAL ESTATE FII,44.625.562/0001-04,26/08/2024,Fundos de Investimentos Imobiliário,BR0B4QCTF006,XP INVESTIMENTOS CCTVM S.A.,TG CORE ASSET LTDA,1365711051.19,9.54460999,Renda Fixa | Definitiva,22H1237510,VIRGO COMPANHIA DE SECURITIZAÇÃO,21/07/2027,2000.0,1772081.662868182,0.12975524078274792,2024-08-26,44.625.562/0001-04,FUNDO DE INVESTIMENTO IMOBILIARIO TG REAL ESTATE,FUNDO DE INVESTIMENTO IMOBILIARIO TG REAL ESTATE,FII,FECHADO,QUALIFICADO,TG CORE ASSET LTDA,13.194.316/0001-03,OLIVEIRA TRUST DTVM S.A.,36.113.876/0001-91,2024-12-31
15461,32781 - TG REAL ESTATE FII,44.625.562/0001-04,26/08/2024,Fundos de Investimentos Imobiliário,BR0B4QCTF006,XP INVESTIMENTOS CCTVM S.A.,TG CORE ASSET LTDA,1365711051.19,9.54460999,Renda Fixa | Definitiva,22H1237510,VIRGO COMPANHIA DE SECURITIZAÇÃO,21/07/2027,1108.0,981733.2412289728,0.07188440339364234,2024-08-26,44.625.562/0001-04,FUNDO DE INVESTIMENTO IMOBILIARIO TG REAL ESTATE,FUNDO DE INVESTIMENTO IMOBILIARIO TG REAL ESTATE,FII,FECHADO,QUALIFICADO,TG CORE ASSET LTDA,13.194.316/0001-03,OLIVEIRA TRUST DTVM S.A.,36.113.876/0001-91,2024-12-31
15462,32781 - TG REAL ESTATE FII,44.625.562/0001-04,26/08/2024,Fundos de Investimentos Imobiliário,BR0B4QCTF006,XP INVESTIMENTOS CCTVM S.A.,TG CORE ASSET LTDA,1365711051.19,9.54460999,Renda Fixa | Definitiva,22H1237510,VIRGO COMPANHIA DE SECURITIZAÇÃO,21/07/2027,2192.0,1942201.502503528,0.1422117438978917,2024-08-26,44.625.562/0001-04,FUNDO DE INVESTIMENTO IMOBILIARIO TG REAL ESTATE,FUNDO DE INVESTIMENTO IMOBILIARIO TG REAL ESTATE,FII,FECHADO,QUALIFICADO,TG CORE ASSET LTDA,13.194.316/0001-03,OLIVEIRA TRUST DTVM S.A.,36.113.876/0001-91,2024-12-31
15463,32781 - TG REAL ESTATE FII,44.625.562/0001-04,26/08/2024,Fundos de Investimentos Imobiliário,BR0B4QCTF006,XP INVESTIMENTOS CCTVM S.A.,TG CORE ASSET LTDA,1365711051.19,9.54460999,Renda Fixa | Definitiva,22H1237592,VIRGO COMPANHIA DE SECURITIZAÇÃO,21/07/2027,5300.0,4812585.762843562,0.3523868214034117,2024-08-26,44.625.562/0001-04,FUNDO DE INVESTIMENTO IMOBILIARIO TG REAL ESTATE,FUNDO DE INVESTIMENTO IMOBILIARIO TG REAL ESTATE,FII,FECHADO,QUALIFICADO,TG CORE ASSET LTDA,13.194.316/0001-03,OLIVEIRA TRUST DTVM S.A.,36.113.876/0001-91,2024-12-31
15464,32781 - TG REAL ESTATE FII,44.625.562/0001-04,26/08/2024,Fundos de Investimentos Imobiliário,BR0B4QCTF006,XP INVESTIMENTOS CCTVM S.A.,TG CORE ASSET LTDA,1365711051.19,9.54460999,Renda Fixa | Definitiva,22I0351637,VIRGO COMPANHIA DE SECURITIZAÇÃO,21/01/2026,4500.0,4882079.91167478,0.3574753171559111,2024-08-26,44.625.562/0001-04,FUNDO DE INVESTIMENTO IMOBILIARIO TG REAL ESTATE,FUNDO DE INVESTIMENTO IMOBILIARIO TG REAL ESTATE,FII,FECHADO,QUALIFICADO,TG CORE ASSET LTDA,13.194.316/0001-03,OLIVEIRA TRUST DTVM S.A.,36.113.876/0001-91,2024-12-31
15465,32781 - TG REAL ESTATE FII,44.625.562/0001-04,26/08/2024,Fundos de Investimentos Imobiliário,BR0B4QCTF006,XP INVESTIMENTOS CCTVM S.A.,TG CORE ASSET LTDA,1365711051.19,9.54460999,Renda Fixa | Definitiva,22I1290893,VIRGO COMPANHIA DE SECURITIZAÇÃO,22/10/2025,5000.0,3920655.395570885,0.28707795782677875,2024-08-26,44.625.562/0001-04,FUNDO DE INVESTIMENTO IMOBILIARIO TG REAL ESTATE,FUNDO DE INVESTIMENTO IMOBILIARIO TG REAL ESTATE,FII,FECHADO,QUALIFICADO,TG CORE ASSET LTDA,13.194.316/0001-03,OLIVEIRA TRUST DTVM S.A.,36.113.876/0001-91,2024-12-31
15466,32781 - TG REAL ESTATE FII,44.625.562/0001-04,26/08/2024,Fundos de Investimentos Imobiliário,BR0B4QCTF006,XP INVESTIMENTOS CCTVM S.A.,TG CORE ASSET LTDA,1365711051.19,9.54460999,Renda Fixa | Definitiva,22I1290978,VIRGO COMPANHIA DE SECURITIZAÇÃO,22/10/2025,4000.0,3015553.494844224,0.22080464913984904,2024-08-26,44.625.562/0001-04,FUNDO DE INVESTIMENTO IMOBILIARIO TG REAL ESTATE,FUNDO DE INVESTIMENTO IMOBILIARIO TG REAL ESTATE,FII,FECHADO,QUALIFICADO,TG CORE ASSET LTDA,13.194.316/0001-03,OLIVEIRA TRUST DTVM S.A.,36.113.876/0001-91,2024-12-31
15467,32781 - TG REAL ESTATE FII,44.625.562/0001-04,26/08/2024,Fundos de Investimentos Imobiliário,BR0B4QCTF006,XP INVESTIMENTOS CCTVM S.A.,TG CORE ASSET LTDA,1365711051.19,9.54460999,Renda Fixa | Definitiva,22J1206765,BARIGUI SECURITIZADORA S.A.,20/10/2031,1677.0,1606559.371330604,0.117635379015989,2024-08-26,44.625.562/0001-04,FUNDO DE INVESTIMENTO IMOBILIARIO TG REAL ESTATE,FUNDO DE INVESTIMENTO IMOBILIARIO TG REAL ESTATE,FII,FECHADO,QUALIFICADO,TG CORE ASSET LTDA,13.194.316/0001-03,OLIVEIRA TRUST DTVM S.A.,36.113.876/0001-91,2024-12-31
15468,32781 - TG REAL ESTATE FII,44.625.562/0001-04,26/08/2024,Fundos de Investimentos Imobiliário,BR0B4QCTF006,XP INVESTIMENTOS CCTVM S.A.,TG CORE ASSET LTDA,1365711051.19,9.54460999,Renda Fixa | Definitiva,22J1206765,BARIGUI SECURITIZADORA S.A.,20/10/2031,1161.0,1112233.410921187,0.08143987778030003,2024-08-26,44.625.562/0001-04,FUNDO DE INVESTIMENTO IMOBILIARIO TG REAL ESTATE,FUNDO DE INVESTIMENTO IMOBILIARIO TG REAL ESTATE,FII,FECHADO,QUALIFICADO,TG CORE ASSET LTDA,13.194.316/0001-03,OLIVEIRA TRUST DTVM S.A.,36.113.876/0001-91,2024-12-31
15469,32781 - TG REAL ESTATE FII,44.625.562/0001-04,26/08/2024,Fundos de Investimentos Imobiliário,BR0B4QCTF006,XP INVESTIMENTOS CCTVM S.A.,TG CORE ASSET LTDA,1365711051.19,9.54460999,Renda Fixa | Definitiva,22L0344492,VIRGO COMPANHIA DE SECURITIZAÇÃO,20/12/2034,2000.0,1941333.134310104,0.14214816030217672,2024-08-26,44.625.562/0001-04,FUNDO DE INVESTIMENTO IMOBILIARIO TG REAL ESTATE,FUNDO DE INVESTIMENTO IMOBILIARIO TG REAL ESTATE,FII,FECHADO,QUALIFICADO,TG CORE ASSET LTDA,13.194.316/0001-03,OLIVEIRA TRUST DTVM S.A.,36.113.876/0001-91,2024-12-31
15470,32781 - TG REAL ESTATE FII,44.625.562/0001-04,26/08/2024,Fundos de Investimentos Imobiliário,BR0B4QCTF006,XP INVESTIMENTOS CCTVM S.A.,TG CORE ASSET LTDA,1365711051.19,9.54460999,Renda Fixa | Definitiva,22L0344492,VIRGO COMPANHIA DE SECURITIZAÇÃO,20/12/2034,2500.0,2426666.41788763,0.1776852003777209,2024-08-26,44.625.562/0001-04,FUNDO DE INVESTIMENTO IMOBILIARIO TG REAL ESTATE,FUNDO DE INVESTIMENTO IMOBILIARIO TG REAL ESTATE,FII,FECHADO,QUALIFICADO,TG CORE ASSET LTDA,13.194.316/0001-03,OLIVEIRA TRUST DTVM S.A.,36.113.876/0001-91,2024-12-31
15471,32781 - TG REAL ESTATE FII,44.625.562/0001-04,26/08/2024,Fundos de Investimentos Imobiliário,BR0B4QCTF006,XP INVESTIMENTOS CCTVM S.A.,TG CORE ASSET LTDA,1365711051.19,9.54460999,Renda Fixa | Definitiva,22L0344525,VIRGO COMPANHIA DE SECURITIZAÇÃO,20/12/2034,1500.0,1458463.5264681,0.10679151532070276,2024-08-26,44.625.562/0001-04,FUNDO DE INVESTIMENTO IMOBILIARIO TG REAL ESTATE,FUNDO DE INVESTIMENTO IMOBILIARIO TG REAL ESTATE,FII,FECHADO,QUALIFICADO,TG CORE ASSET LTDA,13.194.316/0001-03,OLIVEIRA TRUST DTVM S.A.,36.113.876/0001-91,2024-12-31
15472,32781 - TG REAL ESTATE FII,44.625.562/0001-04,26/08/2024,Fundos de Investimentos Imobiliário,BR0B4QCTF006,XP INVESTIMENTOS CCTVM S.A.,TG CORE ASSET LTDA,1365711051.19,9.54460999,Renda Fixa | Definitiva,22L0344525,VIRGO COMPANHIA DE SECURITIZAÇÃO,20/12/2034,2111.0,2052544.336249439,0.15029125922800235,2024-08-26,44.625.562/0001-04,FUNDO DE INVESTIMENTO IMOBILIARIO TG REAL ESTATE,FUNDO DE INVESTIMENTO IMOBILIARIO TG REAL ESTATE,FII,FECHADO,QUALIFICADO,TG CORE ASSET LTDA,13.194.316/0001-03,OLIVEIRA TRUST DTVM S.A.,36.113.876/0001-91,2024-12-31
15473,32781 - TG REAL ESTATE FII,44.625.562/0001-04,26/08/2024,Fundos de Investimentos Imobiliário,BR0B4QCTF006,XP INVESTIMENTOS CCTVM S.A.,TG CORE ASSET LTDA,1365711051.19,9.54460999,Renda Fixa | Definitiva,22L1668403,CANAL COMPANHIA DE SECURITIZACAO,22/12/2027,2000.0,1632097.017484056,0.11950529477387938,2024-08-26,44.625.562/0001-04,FUNDO DE INVESTIMENTO IMOBILIARIO TG REAL ESTATE,FUNDO DE INVESTIMENTO IMOBILIARIO TG REAL ESTATE,FII,FECHADO,QUALIFICADO,TG CORE ASSET LTDA,13.194.316/0001-03,OLIVEIRA TRUST DTVM S.A.,36.113.876/0001-91,2024-12-31
15474,32781 - TG REAL ESTATE FII,44.625.562/0001-04,26/08/2024,Fundos de Investimentos Imobiliário,BR0B4QCTF006,XP INVESTIMENTOS CCTVM S.A.,TG CORE ASSET LTDA,1365711051.19,9.54460999,Renda Fixa | Definitiva,23B0330159,VIRGO COMPANHIA DE SECURITIZAÇÃO,19/02/2035,8000.0,7195142.973236176,0.5268422604449713,2024-08-26,44.625.562/0001-04,FUNDO DE INVESTIMENTO IMOBILIARIO TG REAL ESTATE,FUNDO DE INVESTIMENTO IMOBILIARIO TG REAL ESTATE,FII,FECHADO,QUALIFICADO,TG CORE ASSET LTDA,13.194.316/0001-03,OLIVEIRA TRUST DTVM S.A.,36.113.876/0001-91,2024-12-31
15475,32781 - TG REAL ESTATE FII,44.625.562/0001-04,26/08/2024,Fundos de Investimentos Imobiliário,BR0B4QCTF006,XP INVESTIMENTOS CCTVM S.A.,TG CORE ASSET LTDA,1365711051.19,9.54460999,Renda Fixa | Definitiva,23B0330159,VIRGO COMPANHIA DE SECURITIZAÇÃO,19/02/2035,2000.0,1798785.743309044,0.13171056511124282,2024-08-26,44.625.562/0001-04,FUNDO DE INVESTIMENTO IMOBILIARIO TG REAL ESTATE,FUNDO DE INVESTIMENTO IMOBILIARIO TG REAL ESTATE,FII,FECHADO,QUALIFICADO,TG CORE ASSET LTDA,13.194.316/0001-03,OLIVEIRA TRUST DTVM S.A.,36.113.876/0001-91,2024-12-31
15476,32781 - TG REAL ESTATE FII,44.625.562/0001-04,26/08/2024,Fundos de Investimentos Imobiliário,BR0B4QCTF006,XP INVESTIMENTOS CCTVM S.A.,TG CORE ASSET LTDA,1365711051.19,9.54460999,Renda Fixa | Definitiva,22D0059915,VIRGO COMPANHIA DE SECURITIZAÇÃO,23/04/2027,3262.0,1735590.225705195,0.12708326729822564,2024-08-26,44.625.562/0001-04,FUNDO DE INVESTIMENTO IMOBILIARIO TG REAL ESTATE,FUNDO DE INVESTIMENTO IMOBILIARIO TG REAL ESTATE,FII,FECHADO,QUALIFICADO,TG CORE ASSET LTDA,13.194.316/0001-03,OLIVEIRA TRUST DTVM S.A.,36.113.876/0001-91,2024-12-31
15477,32781 - TG REAL ESTATE FII,44.625.562/0001-04,26/08/2024,Fundos de Investimentos Imobiliário,BR0B4QCTF006,XP INVESTIMENTOS CCTVM S.A.,TG CORE ASSET LTDA,1365711051.19,9.54460999,Renda Fixa | Definitiva,21C0528814,VIRGO COMPANHIA DE SECURITIZAÇÃO,20/01/2032,429.0,166315.2041766552,0.01217792036109966,2024-08-26,44.625.562/0001-04,FUNDO DE INVESTIMENTO IMOBILIARIO TG REAL ESTATE,FUNDO DE INVESTIMENTO IMOBILIARIO TG REAL ESTATE,FII,FECHADO,QUALIFICADO,TG CORE ASSET LTDA,13.194.316/0001-03,OLIVEIRA TRUST DTVM S.A.,36.113.876/0001-91,2024-12-31
15478,32781 - TG REAL ESTATE FII,44.625.562/0001-04,26/08/2024,Fundos de Investimentos Imobiliário,BR0B4QCTF006,XP INVESTIMENTOS CCTVM S.A.,TG CORE ASSET LTDA,1365711051.19,9.54460999,Renda Fixa | Definitiva,19K1139242,Forte Securitizadora SA,20/11/2025,3129.0,3076087.069203711,0.2252370343289959,2024-08-26,44.625.562/0001-04,FUNDO DE INVESTIMENTO IMOBILIARIO TG REAL ESTATE,FUNDO DE INVESTIMENTO IMOBILIARIO TG REAL ESTATE,FII,FECHADO,QUALIFICADO,TG CORE ASSET LTDA,13.194.316/0001-03,OLIVEIRA TRUST DTVM S.A.,36.113.876/0001-91,2024-12-31
15479,32781 - TG REAL ESTATE FII,44.625.562/0001-04,26/08/2024,Fundos de Investimentos Imobiliário,BR0B4QCTF006,XP INVESTIMENTOS CCTVM S.A.,TG CORE ASSET LTDA,1365711051.19,9.54460999,Renda Fixa | Definitiva,23E1206892,HABITASEC SECURITIZADORA,24/04/2028,600.0,603806.24640615,0.04421185915425001,2024-08-26,44.625.562/0001-04,FUNDO DE INVESTIMENTO IMOBILIARIO TG REAL ESTATE,FUNDO DE INVESTIMENTO IMOBILIARIO TG REAL ESTATE,FII,FECHADO,QUALIFICADO,TG CORE ASSET LTDA,13.194.316/0001-03,OLIVEIRA TRUST DTVM S.A.,36.113.876/0001-91,2024-12-31
15480,32781 - TG REAL ESTATE FII,44.625.562/0001-04,26/08/2024,Fundos de Investimentos Imobiliário,BR0B4QCTF006,XP INVESTIMENTOS CCTVM S.A.,TG CORE ASSET LTDA,1365711051.19,9.54460999,Renda Fixa | Definitiva,24D0770386,VERT COMPANHIA SECURITIZADORA,15/03/2034,20446.0,20376961.40016697,1.4920404563184642,2024-08-26,44.625.562/0001-04,FUNDO DE INVESTIMENTO IMOBILIARIO TG REAL ESTATE,FUNDO DE INVESTIMENTO IMOBILIARIO TG REAL ESTATE,FII,FECHADO,QUALIFICADO,TG CORE ASSET LTDA,13.194.316/0001-03,OLIVEIRA TRUST DTVM S.A.,36.113.876/0001-91,2024-12-31
15481,32781 - TG REAL ESTATE FII,44.625.562/0001-04,26/08/2024,Fundos de Investimentos Imobiliário,BR0B4QCTF006,XP INVESTIMENTOS CCTVM S.A.,TG CORE ASSET LTDA,1365711051.19,9.54460999,Renda Fixa | Definitiva,22I0248848,VIRGO COMPANHIA DE SECURITIZAÇÃO,20/07/2032,1370.0,1390882.768218015,0.10184312172081215,2024-08-26,44.625.562/0001-04,FUNDO DE INVESTIMENTO IMOBILIARIO TG REAL ESTATE,FUNDO DE INVESTIMENTO IMOBILIARIO TG REAL ESTATE,FII,FECHADO,QUALIFICADO,TG CORE ASSET LTDA,13.194.316/0001-03,OLIVEIRA TRUST DTVM S.A.,36.113.876/0001-91,2024-12-31
15482,32781 - TG REAL ESTATE FII,44.625.562/0001-04,26/08/2024,Fundos de Investimentos Imobiliário,BR0B4QCTF006,XP INVESTIMENTOS CCTVM S.A.,TG CORE ASSET LTDA,1365711051.19,9.54460999,Renda Fixa | Definitiva,23E1081237,TRUE SECURITIZADORA S.A.,20/04/2027,3000.0,3004488.99561948,0.2199944851439509,2024-08-26,44.625.562/0001-04,FUNDO DE INVESTIMENTO IMOBILIARIO TG REAL ESTATE,FUNDO DE INVESTIMENTO IMOBILIARIO TG REAL ESTATE,FII,FECHADO,QUALIFICADO,TG CORE ASSET LTDA,13.194.316/0001-03,OLIVEIRA TRUST DTVM S.A.,36.113.876/0001-91,2024-12-31
15483,32781 - TG REAL ESTATE FII,44.625.562/0001-04,26/08/2024,Fundos de Investimentos Imobiliário,BR0B4QCTF006,XP INVESTIMENTOS CCTVM S.A.,TG CORE ASSET LTDA,1365711051.19,9.54460999,Renda Fixa | Definitiva,23E1079719,TRUE SECURITIZADORA S.A.,20/04/2027,590.0,576879.3401443199,0.04224021908892524,2024-08-26,44.625.562/0001-04,FUNDO DE INVESTIMENTO IMOBILIARIO TG REAL ESTATE,FUNDO DE INVESTIMENTO IMOBILIARIO TG REAL ESTATE,FII,FECHADO,QUALIFICADO,TG CORE ASSET LTDA,13.194.316/0001-03,OLIVEIRA TRUST DTVM S.A.,36.113.876/0001-91,2024-12-31
15484,32781 - TG REAL ESTATE FII,44.625.562/0001-04,26/08/2024,Fundos de Investimentos Imobiliário,BR0B4QCTF006,XP INVESTIMENTOS CCTVM S.A.,TG CORE ASSET LTDA,1365711051.19,9.54460999,Renda Fixa | Definitiva,22I0351653,VIRGO COMPANHIA DE SECURITIZAÇÃO,21/01/2026,110.0,114213.0045650352,0.008362896709777426,2024-08-26,44.625.562/0001-04,FUNDO DE INVESTIMENTO IMOBILIARIO TG REAL ESTATE,FUNDO DE INVESTIMENTO IMOBILIARIO TG REAL ESTATE,FII,FECHADO,QUALIFICADO,TG CORE ASSET LTDA,13.194.316/0001-03,OLIVEIRA TRUST DTVM S.A.,36.113.876/0001-91,2024-12-31
15485,32781 - TG REAL ESTATE FII,44.625.562/0001-04,26/08/2024,Fundos de Investimentos Imobiliário,BR0B4QCTF006,XP INVESTIMENTOS CCTVM S.A.,TG CORE ASSET LTDA,1365711051.19,9.54460999,Renda Fixa | Definitiva,22I0351747,VIRGO COMPANHIA DE SECURITIZAÇÃO,21/01/2026,460.0,463395.2308176874,0.033930693495810266,2024-08-26,44.625.562/0001-04,FUNDO DE INVESTIMENTO IMOBILIARIO TG REAL ESTATE,FUNDO DE INVESTIMENTO IMOBILIARIO TG REAL ESTATE,FII,FECHADO,QUALIFICADO,TG CORE ASSET LTDA,13.194.316/0001-03,OLIVEIRA TRUST DTVM S.A.,36.113.876/0001-91,2024-12-31
15486,32781 - TG REAL ESTATE FII,44.625.562/0001-04,26/08/2024,Fundos de Investimentos Imobiliário,BR0B4QCTF006,XP INVESTIMENTOS CCTVM S.A.,TG CORE ASSET LTDA,1365711051.19,9.54460999,Renda Fixa | Definitiva,24C2146614,LEVERAGE COMPANHIA SECURITIZADORA,22/05/2028,3000.0,3035970.06854778,0.2222995900855027,2024-08-26,44.625.562/0001-04,FUNDO DE INVESTIMENTO IMOBILIARIO TG REAL ESTATE,FUNDO DE INVESTIMENTO IMOBILIARIO TG REAL ESTATE,FII,FECHADO,QUALIFICADO,TG CORE ASSET LTDA,13.194.316/0001-03,OLIVEIRA TRUST DTVM S.A.,36.113.876/0001-91,2024-12-31
15487,32781 - TG REAL ESTATE FII,44.625.562/0001-04,26/08/2024,Fundos de Investimentos Imobiliário,BR0B4QCTF006,XP INVESTIMENTOS CCTVM S.A.,TG CORE ASSET LTDA,1365711051.19,9.54460999,Renda Fixa | Definitiva,24D0770386,VERT COMPANHIA SECURITIZADORA,15/03/2034,2682.0,2672943.875342259,0.19571811131009104,2024-08-26,44.625.562/0001-04,FUNDO DE INVESTIMENTO IMOBILIARIO TG REAL ESTATE,FUNDO DE INVESTIMENTO IMOBILIARIO TG REAL ESTATE,FII,FECHADO,QUALIFICADO,TG CORE ASSET LTDA,13.194.316/0001-03,OLIVEIRA TRUST DTVM S.A.,36.113.876/0001-91,2024-12-31
15488,32781 - TG REAL ESTATE FII,44.625.562/0001-04,26/08/2024,Fundos de Investimentos Imobiliário,BR0B4QCTF006,XP INVESTIMENTOS CCTVM S.A.,TG CORE ASSET LTDA,1365711051.19,9.54460999,Renda Fixa | Definitiva,23B0330161,VIRGO COMPANHIA DE SECURITIZAÇÃO,19/02/2035,900.0,872901.5230538083,0.06391553486319185,2024-08-26,44.625.562/0001-04,FUNDO DE INVESTIMENTO IMOBILIARIO TG REAL ESTATE,FUNDO DE INVESTIMENTO IMOBILIARIO TG REAL ESTATE,FII,FECHADO,QUALIFICADO,TG CORE ASSET LTDA,13.194.316/0001-03,OLIVEIRA TRUST DTVM S.A.,36.113.876/0001-91,2024-12-31
15489,32781 - TG REAL ESTATE FII,44.625.562/0001-04,26/08/2024,Fundos de Investimentos Imobiliário,BR0B4QCTF006,XP INVESTIMENTOS CCTVM S.A.,TG CORE ASSET LTDA,1365711051.19,9.54460999,Renda Fixa | Definitiva,23B0330162,VIRGO COMPANHIA DE SECURITIZAÇÃO,19/02/2035,1000.0,988831.450935969,0.07240414801318036,2024-08-26,44.625.562/0001-04,FUNDO DE INVESTIMENTO IMOBILIARIO TG REAL ESTATE,FUNDO DE INVESTIMENTO IMOBILIARIO TG REAL ESTATE,FII,FECHADO,QUALIFICADO,TG CORE ASSET LTDA,13.194.316/0001-03,OLIVEIRA TRUST DTVM S.A.,36.113.876/0001-91,2024-12-31
15490,32781 - TG REAL ESTATE FII,44.625.562/0001-04,26/08/2024,Fundos de Investimentos Imobiliário,BR0B4QCTF006,XP INVESTIMENTOS CCTVM S.A.,TG CORE ASSET LTDA,1365711051.19,9.54460999,Renda Fixa | Definitiva,24D0770386,VERT COMPANHIA SECURITIZADORA,15/03/2034,9821.0,9787838.105792811,0.7166844038689054,2024-08-26,44.625.562/0001-04,FUNDO DE INVESTIMENTO IMOBILIARIO TG REAL ESTATE,FUNDO DE INVESTIMENTO IMOBILIARIO TG REAL ESTATE,FII,FECHADO,QUALIFICADO,TG CORE ASSET LTDA,13.194.316/0001-03,OLIVEIRA TRUST DTVM S.A.,36.113.876/0001-91,2024-12-31
15491,32781 - TG REAL ESTATE FII,44.625.562/0001-04,26/08/2024,Fundos de Investimentos Imobiliário,BR0B4QCTF006,XP INVESTIMENTOS CCTVM S.A.,TG CORE ASSET LTDA,1365711051.19,9.54460999,Renda Fixa | Definitiva,22I0050260,VIRGO COMPANHIA DE SECURITIZAÇÃO,20/07/2032,7200.0,6551261.501170479,0.47969601589312,2024-08-26,44.625.562/0001-04,FUNDO DE INVESTIMENTO IMOBILIARIO TG REAL ESTATE,FUNDO DE INVESTIMENTO IMOBILIARIO TG REAL ESTATE,FII,FECHADO,QUALIFICADO,TG CORE ASSET LTDA,13.194.316/0001-03,OLIVEIRA TRUST DTVM S.A.,36.113.876/0001-91,2024-12-31
15492,32781 - TG REAL ESTATE FII,44.625.562/0001-04,26/08/2024,Fundos de Investimentos Imobiliário,BR0B4QCTF006,XP INVESTIMENTOS CCTVM S.A.,TG CORE ASSET LTDA,1365711051.19,9.54460999,Renda Fixa | Definitiva,22H1237621,VIRGO COMPANHIA DE SECURITIZAÇÃO,21/07/2027,2700.0,2499694.335299523,0.18303244548848285,2024-08-26,44.625.562/0001-04,FUNDO DE INVESTIMENTO IMOBILIARIO TG REAL ESTATE,FUNDO DE INVESTIMENTO IMOBILIARIO TG REAL ESTATE,FII,FECHADO,QUALIFICADO,TG CORE ASSET LTDA,13.194.316/0001-03,OLIVEIRA TRUST DTVM S.A.,36.113.876/0001-91,2024-12-31
15493,32781 - TG REAL ESTATE FII,44.625.562/0001-04,26/08/2024,Fundos de Investimentos Imobiliário,BR0B4QCTF006,XP INVESTIMENTOS CCTVM S.A.,TG CORE ASSET LTDA,1365711051.19,9.54460999,Renda Fixa | Definitiva,23E1081237,TRUE SECURITIZADORA S.A.,20/04/2027,2118.0,2121169.230907353,0.15531610651162933,2024-08-26,44.625.562/0001-04,FUNDO DE INVESTIMENTO IMOBILIARIO TG REAL ESTATE,FUNDO DE INVESTIMENTO IMOBILIARIO TG REAL ESTATE,FII,FECHADO,QUALIFICADO,TG CORE ASSET LTDA,13.194.316/0001-03,OLIVEIRA TRUST DTVM S.A.,36.113.876/0001-91,2024-12-31
15494,32781 - TG REAL ESTATE FII,44.625.562/0001-04,26/08/2024,Fundos de Investimentos Imobiliário,BR0B4QCTF006,XP INVESTIMENTOS CCTVM S.A.,TG CORE ASSET LTDA,1365711051.19,9.54460999,Renda Fixa | Definitiva,23E1081252,TRUE SECURITIZADORA S.A.,20/04/2027,500.0,502457.43886153,0.0367909037877169,2024-08-26,44.625.562/0001-04,FUNDO DE INVESTIMENTO IMOBILIARIO TG REAL ESTATE,FUNDO DE INVESTIMENTO IMOBILIARIO TG REAL ESTATE,FII,FECHADO,QUALIFICADO,TG CORE ASSET LTDA,13.194.316/0001-03,OLIVEIRA TRUST DTVM S.A.,36.113.876/0001-91,2024-12-31
15495,32781 - TG REAL ESTATE FII,44.625.562/0001-04,26/08/2024,Fundos de Investimentos Imobiliário,BR0B4QCTF006,XP INVESTIMENTOS CCTVM S.A.,TG CORE ASSET LTDA,1365711051.19,9.54460999,Renda Fixa | Definitiva,22I0248854,VIRGO COMPANHIA DE SECURITIZAÇÃO,20/07/2032,2600.0,2596082.649730068,0.19009018397178487,2024-08-26,44.625.562/0001-04,FUNDO DE INVESTIMENTO IMOBILIARIO TG REAL ESTATE,FUNDO DE INVESTIMENTO IMOBILIARIO TG REAL ESTATE,FII,FECHADO,QUALIFICADO,TG CORE ASSET LTDA,13.194.316/0001-03,OLIVEIRA TRUST DTVM S.A.,36.113.876/0001-91,2024-12-31
15496,32781 - TG REAL ESTATE FII,44.625.562/0001-04,26/08/2024,Fundos de Investimentos Imobiliário,BR0B4QCTF006,XP INVESTIMENTOS CCTVM S.A.,TG CORE ASSET LTDA,1365711051.19,9.54460999,Renda Fixa | Definitiva,23E1206892,HABITASEC SECURITIZADORA,24/04/2028,700.0,704440.6208071751,0.051580502346625014,2024-08-26,44.625.562/0001-04,FUNDO DE INVESTIMENTO IMOBILIARIO TG REAL ESTATE,FUNDO DE INVESTIMENTO IMOBILIARIO TG REAL ESTATE,FII,FECHADO,QUALIFICADO,TG CORE ASSET LTDA,13.194.316/0001-03,OLIVEIRA TRUST DTVM S.A.,36.113.876/0001-91,2024-12-31
15497,32781 - TG REAL ESTATE FII,44.625.562/0001-04,26/08/2024,Fundos de Investimentos Imobiliário,BR0B4QCTF006,XP INVESTIMENTOS CCTVM S.A.,TG CORE ASSET LTDA,1365711051.19,9.54460999,Renda Fixa | Definitiva,22G0893940,VIRGO COMPANHIA DE SECURITIZAÇÃO,23/06/2027,467.0,502637.3143675023,0.03680407461955688,2024-08-26,44.625.562/0001-04,FUNDO DE INVESTIMENTO IMOBILIARIO TG REAL ESTATE,FUNDO DE INVESTIMENTO IMOBILIARIO TG REAL ESTATE,FII,FECHADO,QUALIFICADO,TG CORE ASSET LTDA,13.194.316/0001-03,OLIVEIRA TRUST DTVM S.A.,36.113.876/0001-91,2024-12-31
15498,32781 - TG REAL ESTATE FII,44.625.562/0001-04,26/08/2024,Fundos de Investimentos Imobiliário,BR0B4QCTF006,XP INVESTIMENTOS CCTVM S.A.,TG CORE ASSET LTDA,1365711051.19,9.54460999,Renda Fixa | Definitiva,22I0248815,VIRGO COMPANHIA DE SECURITIZAÇÃO,20/07/2032,10000.0,9860936.08272183,0.7220367788727777,2024-08-26,44.625.562/0001-04,FUNDO DE INVESTIMENTO IMOBILIARIO TG REAL ESTATE,FUNDO DE INVESTIMENTO IMOBILIARIO TG REAL ESTATE,FII,FECHADO,QUALIFICADO,TG CORE ASSET LTDA,13.194.316/0001-03,OLIVEIRA TRUST DTVM S.A.,36.113.876/0001-91,2024-12-31
15499,32781 - TG REAL ESTATE FII,44.625.562/0001-04,26/08/2024,Fundos de Investimentos Imobiliário,BR0B4QCTF006,XP INVESTIMENTOS CCTVM S.A.,TG CORE ASSET LTDA,1365711051.19,9.54460999,Renda Fixa | Definitiva,22I0248791,VIRGO COMPANHIA DE SECURITIZAÇÃO,20/07/2032,10000.0,9477744.79182113,0.6939787727105805,2024-08-26,44.625.562/0001-04,FUNDO DE INVESTIMENTO IMOBILIARIO TG REAL ESTATE,FUNDO DE INVESTIMENTO IMOBILIARIO TG REAL ESTATE,FII,FECHADO,QUALIFICADO,TG CORE ASSET LTDA,13.194.316/0001-03,OLIVEIRA TRUST DTVM S.A.,36.113.876/0001-91,2024-12-31
15500,32781 - TG REAL ESTATE FII,44.625.562/0001-04,26/08/2024,Fundos de Investimentos Imobiliário,BR0B4QCTF006,XP INVESTIMENTOS CCTVM S.A.,TG CORE ASSET LTDA,1365711051.19,9.54460999,Renda Fixa | Definitiva,22I0050260,VIRGO COMPANHIA DE SECURITIZAÇÃO,20/07/2032,8800.0,8007097.390319473,0.5862951305360355,2024-08-26,44.625.562/0001-04,FUNDO DE INVESTIMENTO IMOBILIARIO TG REAL ESTATE,FUNDO DE INVESTIMENTO IMOBILIARIO TG REAL ESTATE,FII,FECHADO,QUALIFICADO,TG CORE ASSET LTDA,13.194.316/0001-03,OLIVEIRA TRUST DTVM S.A.,36.113.876/0001-91,2024-12-31
15501,32781 - TG REAL ESTATE FII,44.625.562/0001-04,26/08/2024,Fundos de Investimentos Imobiliário,BR0B4QCTF006,XP INVESTIMENTOS CCTVM S.A.,TG CORE ASSET LTDA,1365711051.19,9.54460999,Renda Fixa | Definitiva,22D0059915,VIRGO COMPANHIA DE SECURITIZAÇÃO,23/04/2027,4237.0,2254351.865822474,0.16506799618104903,2024-08-26,44.625.562/0001-04,FUNDO DE INVESTIMENTO IMOBILIARIO TG REAL ESTATE,FUNDO DE INVESTIMENTO IMOBILIARIO TG REAL ESTATE,FII,FECHADO,QUALIFICADO,TG CORE ASSET LTDA,13.194.316/0001-03,OLIVEIRA TRUST DTVM S.A.,36.113.876/0001-91,2024-12-31
15502,32781 - TG REAL ESTATE FII,44.625.562/0001-04,26/08/2024,Fundos de Investimentos Imobiliário,BR0B4QCTF006,XP INVESTIMENTOS CCTVM S.A.,TG CORE ASSET LTDA,1365711051.19,9.54460999,Renda Fixa | Definitiva,22G0893940,VIRGO COMPANHIA DE SECURITIZAÇÃO,23/06/2027,1800.0,1937360.098204506,0.14185724692762827,2024-08-26,44.625.562/0001-04,FUNDO DE INVESTIMENTO IMOBILIARIO TG REAL ESTATE,FUNDO DE INVESTIMENTO IMOBILIARIO TG REAL ESTATE,FII,FECHADO,QUALIFICADO,TG CORE ASSET LTDA,13.194.316/0001-03,OLIVEIRA TRUST DTVM S.A.,36.113.876/0001-91,2024-12-31
15503,32781 - TG REAL ESTATE FII,44.625.562/0001-04,26/08/2024,Fundos de Investimentos Imobiliário,BR0B4QCTF006,XP INVESTIMENTOS CCTVM S.A.,TG CORE ASSET LTDA,1365711051.19,9.54460999,Renda Fixa | Definitiva,21A0607944,VIRGO COMPANHIA DE SECURITIZAÇÃO,20/01/2026,3420.0,4855854.294216195,0.35555502681076573,2024-08-26,44.625.562/0001-04,FUNDO DE INVESTIMENTO IMOBILIARIO TG REAL ESTATE,FUNDO DE INVESTIMENTO IMOBILIARIO TG REAL ESTATE,FII,FECHADO,QUALIFICADO,TG CORE ASSET LTDA,13.194.316/0001-03,OLIVEIRA TRUST DTVM S.A.,36.113.876/0001-91,2024-12-31
15504,32781 - TG REAL ESTATE FII,44.625.562/0001-04,26/08/2024,Fundos de Investimentos Imobiliário,BR0B4QCTF006,XP INVESTIMENTOS CCTVM S.A.,TG CORE ASSET LTDA,1365711051.19,9.54460999,Renda Fixa | Definitiva,21L0967448,HABITASEC SECURITIZADORA,24/12/2024,6500.0,7053894.569938905,0.5164997796417153,2024-08-26,44.625.562/0001-04,FUNDO DE INVESTIMENTO IMOBILIARIO TG REAL ESTATE,FUNDO DE INVESTIMENTO IMOBILIARIO TG REAL ESTATE,FII,FECHADO,QUALIFICADO,TG CORE ASSET LTDA,13.194.316/0001-03,OLIVEIRA TRUST DTVM S.A.,36.113.876/0001-91,2024-12-31
15505,32781 - TG REAL ESTATE FII,44.625.562/0001-04,26/08/2024,Fundos de Investimentos Imobiliário,BR0B4QCTF006,XP INVESTIMENTOS CCTVM S.A.,TG CORE ASSET LTDA,1365711051.19,9.54460999,Renda Fixa | Definitiva,21L0967496,HABITASEC SECURITIZADORA,24/12/2024,1000.0,1063438.75474494,0.0778670388453196,2024-08-26,44.625.562/0001-04,FUNDO DE INVESTIMENTO IMOBILIARIO TG REAL ESTATE,FUNDO DE INVESTIMENTO IMOBILIARIO TG REAL ESTATE,FII,FECHADO,QUALIFICADO,TG CORE ASSET LTDA,13.194.316/0001-03,OLIVEIRA TRUST DTVM S.A.,36.113.876/0001-91,2024-12-31
15506,32781 - TG REAL ESTATE FII,44.625.562/0001-04,26/08/2024,Fundos de Investimentos Imobiliário,BR0B4QCTF006,XP INVESTIMENTOS CCTVM S.A.,TG CORE ASSET LTDA,1365711051.19,9.54460999,Renda Fixa | Definitiva,19D1329451,Forte Securitizadora SA,20/11/2026,1250.0,701254.2785691726,0.051347192215962595,2024-08-26,44.625.562/0001-04,FUNDO DE INVESTIMENTO IMOBILIARIO TG REAL ESTATE,FUNDO DE INVESTIMENTO IMOBILIARIO TG REAL ESTATE,FII,FECHADO,QUALIFICADO,TG CORE ASSET LTDA,13.194.316/0001-03,OLIVEIRA TRUST DTVM S.A.,36.113.876/0001-91,2024-12-31
15507,32781 - TG REAL ESTATE FII,44.625.562/0001-04,26/08/2024,Fundos de Investimentos Imobiliário,BR0B4QCTF006,XP INVESTIMENTOS CCTVM S.A.,TG CORE ASSET LTDA,1365711051.19,9.54460999,Renda Fixa | Definitiva,22G0893940,VIRGO COMPANHIA DE SECURITIZAÇÃO,23/06/2027,1962.0,2111722.507042911,0.15462439915111476,2024-08-26,44.625.562/0001-04,FUNDO DE INVESTIMENTO IMOBILIARIO TG REAL ESTATE,FUNDO DE INVESTIMENTO IMOBILIARIO TG REAL ESTATE,FII,FECHADO,QUALIFICADO,TG CORE ASSET LTDA,13.194.316/0001-03,OLIVEIRA TRUST DTVM S.A.,36.113.876/0001-91,2024-12-31
15508,32781 - TG REAL ESTATE FII,44.625.562/0001-04,26/08/2024,Fundos de Investimentos Imobiliário,BR0B4QCTF006,XP INVESTIMENTOS CCTVM S.A.,TG CORE ASSET LTDA,1365711051.19,9.54460999,Renda Fixa | Definitiva,21A0796003,Forte Securitizadora SA,20/11/2031,400.0,265937.8980933432,0.01947248635512033,2024-08-26,44.625.562/0001-04,FUNDO DE INVESTIMENTO IMOBILIARIO TG REAL ESTATE,FUNDO DE INVESTIMENTO IMOBILIARIO TG REAL ESTATE,FII,FECHADO,QUALIFICADO,TG CORE ASSET LTDA,13.194.316/0001-03,OLIVEIRA TRUST DTVM S.A.,36.113.876/0001-91,2024-12-31
15509,32781 - TG REAL ESTATE FII,44.625.562/0001-04,26/08/2024,Fundos de Investimentos Imobiliário,BR0B4QCTF006,XP INVESTIMENTOS CCTVM S.A.,TG CORE ASSET LTDA,1365711051.19,9.54460999,Renda Fixa | Definitiva,21D0503168,Forte Securitizadora SA,20/04/2028,2450.0,633165.5967203144,0.046361607469501784,2024-08-26,44.625.562/0001-04,FUNDO DE INVESTIMENTO IMOBILIARIO TG REAL ESTATE,FUNDO DE INVESTIMENTO IMOBILIARIO TG REAL ESTATE,FII,FECHADO,QUALIFICADO,TG CORE ASSET LTDA,13.194.316/0001-03,OLIVEIRA TRUST DTVM S.A.,36.113.876/0001-91,2024-12-31
15510,32781 - TG REAL ESTATE FII,44.625.562/0001-04,26/08/2024,Fundos de Investimentos Imobiliário,BR0B4QCTF006,XP INVESTIMENTOS CCTVM S.A.,TG CORE ASSET LTDA,1365711051.19,9.54460999,Renda Fixa | Definitiva,20D0942992,VIRGO COMPANHIA DE SECURITIZAÇÃO,20/04/2030,1443.0,532464.0845460367,0.03898804831974369,2024-08-26,44.625.562/0001-04,FUNDO DE INVESTIMENTO IMOBILIARIO TG REAL ESTATE,FUNDO DE INVESTIMENTO IMOBILIARIO TG REAL ESTATE,FII,FECHADO,QUALIFICADO,TG CORE ASSET LTDA,13.194.316/0001-03,OLIVEIRA TRUST DTVM S.A.,36.113.876/0001-91,2024-12-31
15511,32781 - TG REAL ESTATE FII,44.625.562/0001-04,26/08/2024,Fundos de Investimentos Imobiliário,BR0B4QCTF006,XP INVESTIMENTOS CCTVM S.A.,TG CORE ASSET LTDA,1365711051.19,9.54460999,Renda Fixa | Definitiva,21A0796004,Forte Securitizadora SA,20/11/2031,630.0,427431.6181830593,0.03129736834234596,2024-08-26,44.625.562/0001-04,FUNDO DE INVESTIMENTO IMOBILIARIO TG REAL ESTATE,FUNDO DE INVESTIMENTO IMOBILIARIO TG REAL ESTATE,FII,FECHADO,QUALIFICADO,TG CORE ASSET LTDA,13.194.316/0001-03,OLIVEIRA TRUST DTVM S.A.,36.113.876/0001-91,2024-12-31
15512,32781 - TG REAL ESTATE FII,44.625.562/0001-04,26/08/2024,Fundos de Investimentos Imobiliário,BR0B4QCTF006,XP INVESTIMENTOS CCTVM S.A.,TG CORE ASSET LTDA,1365711051.19,9.54460999,Renda Fixa | Definitiva,21L0967495,HABITASEC SECURITIZADORA,24/12/2024,1785.0,1928722.702370128,0.14122480012807634,2024-08-26,44.625.562/0001-04,FUNDO DE INVESTIMENTO IMOBILIARIO TG REAL ESTATE,FUNDO DE INVESTIMENTO IMOBILIARIO TG REAL ESTATE,FII,FECHADO,QUALIFICADO,TG CORE ASSET LTDA,13.194.316/0001-03,OLIVEIRA TRUST DTVM S.A.,36.113.876/0001-91,2024-12-31
15513,32781 - TG REAL ESTATE FII,44.625.562/0001-04,26/08/2024,Fundos de Investimentos Imobiliário,BR0B4QCTF006,XP INVESTIMENTOS CCTVM S.A.,TG CORE ASSET LTDA,1365711051.19,9.54460999,Renda Fixa | Definitiva,23G1149794,RBCAPITALRES,26/06/2029,3479.0,3240756.322640648,0.23729443499903177,2024-08-26,44.625.562/0001-04,FUNDO DE INVESTIMENTO IMOBILIARIO TG REAL ESTATE,FUNDO DE INVESTIMENTO IMOBILIARIO TG REAL ESTATE,FII,FECHADO,QUALIFICADO,TG CORE ASSET LTDA,13.194.316/0001-03,OLIVEIRA TRUST DTVM S.A.,36.113.876/0001-91,2024-12-31
15514,32781 - TG REAL ESTATE FII,44.625.562/0001-04,26/08/2024,Fundos de Investimentos Imobiliário,BR0B4QCTF006,XP INVESTIMENTOS CCTVM S.A.,TG CORE ASSET LTDA,1365711051.19,9.54460999,Renda Fixa | Definitiva,23G1149789,RBCAPITALRES,26/06/2029,21545.0,19923788.8836878,1.4588582897039155,2024-08-26,44.625.562/0001-04,FUNDO DE INVESTIMENTO IMOBILIARIO TG REAL ESTATE,FUNDO DE INVESTIMENTO IMOBILIARIO TG REAL ESTATE,FII,FECHADO,QUALIFICADO,TG CORE ASSET LTDA,13.194.316/0001-03,OLIVEIRA TRUST DTVM S.A.,36.113.876/0001-91,2024-12-31
15515,32781 - TG REAL ESTATE FII,44.625.562/0001-04,26/08/2024,Fundos de Investimentos Imobiliário,BR0B4QCTF006,XP INVESTIMENTOS CCTVM S.A.,TG CORE ASSET LTDA,1365711051.19,9.54460999,Renda Fixa | Definitiva,23G1149794,RBCAPITALRES,26/06/2029,5714.0,5322702.393667336,0.3897385460145063,2024-08-26,44.625.562/0001-04,FUNDO DE INVESTIMENTO IMOBILIARIO TG REAL ESTATE,FUNDO DE INVESTIMENTO IMOBILIARIO TG REAL ESTATE,FII,FECHADO,QUALIFICADO,TG CORE ASSET LTDA,13.194.316/0001-03,OLIVEIRA TRUST DTVM S.A.,36.113.876/0001-91,2024-12-31
15516,32781 - TG REAL ESTATE FII,44.625.562/0001-04,26/08/2024,Fundos de Investimentos Imobiliário,BR0B4QCTF006,XP INVESTIMENTOS CCTVM S.A.,TG CORE ASSET LTDA,1365711051.19,9.54460999,Renda Fixa | Definitiva,22G0893940,VIRGO COMPANHIA DE SECURITIZAÇÃO,23/06/2027,6549.0,7048761.823967393,0.5161239500716874,2024-08-26,44.625.562/0001-04,FUNDO DE INVESTIMENTO IMOBILIARIO TG REAL ESTATE,FUNDO DE INVESTIMENTO IMOBILIARIO TG REAL ESTATE,FII,FECHADO,QUALIFICADO,TG CORE ASSET LTDA,13.194.316/0001-03,OLIVEIRA TRUST DTVM S.A.,36.113.876/0001-91,2024-12-31
15517,32781 - TG REAL ESTATE FII,44.625.562/0001-04,26/08/2024,Fundos de Investimentos Imobiliário,BR0B4QCTF006,XP INVESTIMENTOS CCTVM S.A.,TG CORE ASSET LTDA,1365711051.19,9.54460999,Renda Fixa | Definitiva,21L0967496,HABITASEC SECURITIZADORA,24/12/2024,1407.0,1496258.327926131,0.1095589236553647,2024-08-26,44.625.562/0001-04,FUNDO DE INVESTIMENTO IMOBILIARIO TG REAL ESTATE,FUNDO DE INVESTIMENTO IMOBILIARIO TG REAL ESTATE,FII,FECHADO,QUALIFICADO,TG CORE ASSET LTDA,13.194.316/0001-03,OLIVEIRA TRUST DTVM S.A.,36.113.876/0001-91,2024-12-31
15518,32781 - TG REAL ESTATE FII,44.625.562/0001-04,26/08/2024,Fundos de Investimentos Imobiliário,BR0B4QCTF006,XP INVESTIMENTOS CCTVM S.A.,TG CORE ASSET LTDA,1365711051.19,9.54460999,Renda Fixa | Definitiva,22I0248848,VIRGO COMPANHIA DE SECURITIZAÇÃO,20/07/2032,3647.0,3702590.843570147,0.27111085030350507,2024-08-26,44.625.562/0001-04,FUNDO DE INVESTIMENTO IMOBILIARIO TG REAL ESTATE,FUNDO DE INVESTIMENTO IMOBILIARIO TG REAL ESTATE,FII,FECHADO,QUALIFICADO,TG CORE ASSET LTDA,13.194.316/0001-03,OLIVEIRA TRUST DTVM S.A.,36.113.876/0001-91,2024-12-31
15519,32781 - TG REAL ESTATE FII,44.625.562/0001-04,26/08/2024,Fundos de Investimentos Imobiliário,BR0B4QCTF006,XP INVESTIMENTOS CCTVM S.A.,TG CORE ASSET LTDA,1365711051.19,9.54460999,Renda Fixa | Definitiva,21L0967495,HABITASEC SECURITIZADORA,24/12/2024,4715.0,5094637.278249387,0.3730391779293446,2024-08-26,44.625.562/0001-04,FUNDO DE INVESTIMENTO IMOBILIARIO TG REAL ESTATE,FUNDO DE INVESTIMENTO IMOBILIARIO TG REAL ESTATE,FII,FECHADO,QUALIFICADO,TG CORE ASSET LTDA,13.194.316/0001-03,OLIVEIRA TRUST DTVM S.A.,36.113.876/0001-91,2024-12-31
15520,32781 - TG REAL ESTATE FII,44.625.562/0001-04,26/08/2024,Fundos de Investimentos Imobiliário,BR0B4QCTF006,XP INVESTIMENTOS CCTVM S.A.,TG CORE ASSET LTDA,1365711051.19,9.54460999,Renda Fixa | Definitiva,22I0248848,VIRGO COMPANHIA DE SECURITIZAÇÃO,20/07/2032,3353.0,3404109.431996353,0.24925546505830884,2024-08-26,44.625.562/0001-04,FUNDO DE INVESTIMENTO IMOBILIARIO TG REAL ESTATE,FUNDO DE INVESTIMENTO IMOBILIARIO TG REAL ESTATE,FII,FECHADO,QUALIFICADO,TG CORE ASSET LTDA,13.194.316/0001-03,OLIVEIRA TRUST DTVM S.A.,36.113.876/0001-91,2024-12-31
15521,32781 - TG REAL ESTATE FII,44.625.562/0001-04,26/08/2024,Fundos de Investimentos Imobiliário,BR0B4QCTF006,XP INVESTIMENTOS CCTVM S.A.,TG CORE ASSET LTDA,1365711051.19,9.54460999,Renda Fixa | Definitiva,23E1081237,TRUE SECURITIZADORA S.A.,20/04/2027,1882.0,1884816.096585287,0.13800987368030518,2024-08-26,44.625.562/0001-04,FUNDO DE INVESTIMENTO IMOBILIARIO TG REAL ESTATE,FUNDO DE INVESTIMENTO IMOBILIARIO TG REAL ESTATE,FII,FECHADO,QUALIFICADO,TG CORE ASSET LTDA,13.194.316/0001-03,OLIVEIRA TRUST DTVM S.A.,36.113.876/0001-91,2024-12-31
15522,32781 - TG REAL ESTATE FII,44.625.562/0001-04,26/08/2024,Fundos de Investimentos Imobiliário,BR0B4QCTF006,XP INVESTIMENTOS CCTVM S.A.,TG CORE ASSET LTDA,1365711051.19,9.54460999,Renda Fixa | Definitiva,22I0351747,VIRGO COMPANHIA DE SECURITIZAÇÃO,21/01/2026,350.0,352583.3277960665,0.025816832007681725,2024-08-26,44.625.562/0001-04,FUNDO DE INVESTIMENTO IMOBILIARIO TG REAL ESTATE,FUNDO DE INVESTIMENTO IMOBILIARIO TG REAL ESTATE,FII,FECHADO,QUALIFICADO,TG CORE ASSET LTDA,13.194.316/0001-03,OLIVEIRA TRUST DTVM S.A.,36.113.876/0001-91,2024-12-31
15523,32781 - TG REAL ESTATE FII,44.625.562/0001-04,26/08/2024,Fundos de Investimentos Imobiliário,BR0B4QCTF006,XP INVESTIMENTOS CCTVM S.A.,TG CORE ASSET LTDA,1365711051.19,9.54460999,Renda Fixa | Definitiva,24G1944447,LEVERAGE COMPANHIA SECURITIZADORA,20/06/2034,1336.0,1310377.796364669,0.09594839224760487,2024-08-26,44.625.562/0001-04,FUNDO DE INVESTIMENTO IMOBILIARIO TG REAL ESTATE,FUNDO DE INVESTIMENTO IMOBILIARIO TG REAL ESTATE,FII,FECHADO,QUALIFICADO,TG CORE ASSET LTDA,13.194.316/0001-03,OLIVEIRA TRUST DTVM S.A.,36.113.876/0001-91,2024-12-31
15524,32781 - TG REAL ESTATE FII,44.625.562/0001-04,26/08/2024,Fundos de Investimentos Imobiliário,BR0B4QCTF006,XP INVESTIMENTOS CCTVM S.A.,TG CORE ASSET LTDA,1365711051.19,9.54460999,Renda Fixa | Definitiva,24G1888841,LEVERAGE COMPANHIA SECURITIZADORA,20/07/2034,3006.0,2948344.235255724,0.2158834573892267,2024-08-26,44.625.562/0001-04,FUNDO DE INVESTIMENTO IMOBILIARIO TG REAL ESTATE,FUNDO DE INVESTIMENTO IMOBILIARIO TG REAL ESTATE,FII,FECHADO,QUALIFICADO,TG CORE ASSET LTDA,13.194.316/0001-03,OLIVEIRA TRUST DTVM S.A.,36.113.876/0001-91,2024-12-31
15525,32781 - TG REAL ESTATE FII,44.625.562/0001-04,26/08/2024,Fundos de Investimentos Imobiliário,BR0B4QCTF006,XP INVESTIMENTOS CCTVM S.A.,TG CORE ASSET LTDA,1365711051.19,9.54460999,Renda Fixa | Definitiva,23E1081252,TRUE SECURITIZADORA S.A.,20/04/2027,334.0,335641.569159502,0.024576323730194884,2024-08-26,44.625.562/0001-04,FUNDO DE INVESTIMENTO IMOBILIARIO TG REAL ESTATE,FUNDO DE INVESTIMENTO IMOBILIARIO TG REAL ESTATE,FII,FECHADO,QUALIFICADO,TG CORE ASSET LTDA,13.194.316/0001-03,OLIVEIRA TRUST DTVM S.A.,36.113.876/0001-91,2024-12-31
15526,32781 - TG REAL ESTATE FII,44.625.562/0001-04,26/08/2024,Fundos de Investimentos Imobiliário,BR0B4QCTF006,XP INVESTIMENTOS CCTVM S.A.,TG CORE ASSET LTDA,1365711051.19,9.54460999,Renda Fixa | Definitiva,22I0248854,VIRGO COMPANHIA DE SECURITIZAÇÃO,20/07/2032,1069.0,1067389.366369786,0.07815631025609157,2024-08-26,44.625.562/0001-04,FUNDO DE INVESTIMENTO IMOBILIARIO TG REAL ESTATE,FUNDO DE INVESTIMENTO IMOBILIARIO TG REAL ESTATE,FII,FECHADO,QUALIFICADO,TG CORE ASSET LTDA,13.194.316/0001-03,OLIVEIRA TRUST DTVM S.A.,36.113.876/0001-91,2024-12-31
15527,32781 - TG REAL ESTATE FII,44.625.562/0001-04,26/08/2024,Fundos de Investimentos Imobiliário,BR0B4QCTF006,XP INVESTIMENTOS CCTVM S.A.,TG CORE ASSET LTDA,1365711051.19,9.54460999,Renda Fixa | Definitiva,22H1237622,VIRGO COMPANHIA DE SECURITIZAÇÃO,21/07/2027,1737.0,1686328.491384815,0.12347622799972569,2024-08-26,44.625.562/0001-04,FUNDO DE INVESTIMENTO IMOBILIARIO TG REAL ESTATE,FUNDO DE INVESTIMENTO IMOBILIARIO TG REAL ESTATE,FII,FECHADO,QUALIFICADO,TG CORE ASSET LTDA,13.194.316/0001-03,OLIVEIRA TRUST DTVM S.A.,36.113.876/0001-91,2024-12-31
15528,32781 - TG REAL ESTATE FII,44.625.562/0001-04,26/08/2024,Fundos de Investimentos Imobiliário,BR0B4QCTF006,XP INVESTIMENTOS CCTVM S.A.,TG CORE ASSET LTDA,1365711051.19,9.54460999,Renda Fixa | Definitiva,24D0770386,VERT COMPANHIA SECURITIZADORA,15/03/2034,5482.0,5463489.308212626,0.4000472357203278,2024-08-26,44.625.562/0001-04,FUNDO DE INVESTIMENTO IMOBILIARIO TG REAL ESTATE,FUNDO DE INVESTIMENTO IMOBILIARIO TG REAL ESTATE,FII,FECHADO,QUALIFICADO,TG CORE ASSET LTDA,13.194.316/0001-03,OLIVEIRA TRUST DTVM S.A.,36.113.876/0001-91,2024-12-31
15529,32781 - TG REAL ESTATE FII,44.625.562/0001-04,26/08/2024,Fundos de Investimentos Imobiliário,BR0B4QCTF006,XP INVESTIMENTOS CCTVM S.A.,TG CORE ASSET LTDA,1365711051.19,9.54460999,Renda Fixa | Definitiva,24E2256429,LEVERAGE COMPANHIA SECURITIZADORA,22/09/2027,5250.0,5310423.001088153,0.38883942518155384,2024-08-26,44.625.562/0001-04,FUNDO DE INVESTIMENTO IMOBILIARIO TG REAL ESTATE,FUNDO DE INVESTIMENTO IMOBILIARIO TG REAL ESTATE,FII,FECHADO,QUALIFICADO,TG CORE ASSET LTDA,13.194.316/0001-03,OLIVEIRA TRUST DTVM S.A.,36.113.876/0001-91,2024-12-31
15530,32781 - TG REAL ESTATE FII,44.625.562/0001-04,26/08/2024,Fundos de Investimentos Imobiliário,BR0B4QCTF006,XP INVESTIMENTOS CCTVM S.A.,TG CORE ASSET LTDA,1365711051.19,9.54460999,Renda Fixa | Definitiva,24E2213960,LEVERAGE COMPANHIA SECURITIZADORA,22/09/2027,5250.0,5339649.116024896,0.390979417745228,2024-08-26,44.625.562/0001-04,FUNDO DE INVESTIMENTO IMOBILIARIO TG REAL ESTATE,FUNDO DE INVESTIMENTO IMOBILIARIO TG REAL ESTATE,FII,FECHADO,QUALIFICADO,TG CORE ASSET LTDA,13.194.316/0001-03,OLIVEIRA TRUST DTVM S.A.,36.113.876/0001-91,2024-12-31
15531,32781 - TG REAL ESTATE FII,44.625.562/0001-04,26/08/2024,Fundos de Investimentos Imobiliário,BR0B4QCTF006,XP INVESTIMENTOS CCTVM S.A.,TG CORE ASSET LTDA,1365711051.19,9.54460999,Renda Fixa | Definitiva,24C1630587,HABITASEC SECURITIZADORA,16/04/2027,2000.0,2039027.45833654,0.1493015273296538,2024-08-26,44.625.562/0001-04,FUNDO DE INVESTIMENTO IMOBILIARIO TG REAL ESTATE,FUNDO DE INVESTIMENTO IMOBILIARIO TG REAL ESTATE,FII,FECHADO,QUALIFICADO,TG CORE ASSET LTDA,13.194.316/0001-03,OLIVEIRA TRUST DTVM S.A.,36.113.876/0001-91,2024-12-31
15532,32781 - TG REAL ESTATE FII,44.625.562/0001-04,26/08/2024,Fundos de Investimentos Imobiliário,BR0B4QCTF006,XP INVESTIMENTOS CCTVM S.A.,TG CORE ASSET LTDA,1365711051.19,9.54460999,Renda Fixa | Definitiva,24E2495042,LEVERAGE COMPANHIA SECURITIZADORA,22/11/2027,17000.0,16369480.69367582,1.1986049815890718,2024-08-26,44.625.562/0001-04,FUNDO DE INVESTIMENTO IMOBILIARIO TG REAL ESTATE,FUNDO DE INVESTIMENTO IMOBILIARIO TG REAL ESTATE,FII,FECHADO,QUALIFICADO,TG CORE ASSET LTDA,13.194.316/0001-03,OLIVEIRA TRUST DTVM S.A.,36.113.876/0001-91,2024-12-31
15533,32781 - TG REAL ESTATE FII,44.625.562/0001-04,26/08/2024,Fundos de Investimentos Imobiliário,BR0B4QCTF006,XP INVESTIMENTOS CCTVM S.A.,TG CORE ASSET LTDA,1365711051.19,9.54460999,Renda Fixa | Definitiva,24E2494968,LEVERAGE COMPANHIA SECURITIZADORA,22/11/2027,17000.0,16366043.61360572,1.198353311950234,2024-08-26,44.625.562/0001-04,FUNDO DE INVESTIMENTO IMOBILIARIO TG REAL ESTATE,FUNDO DE INVESTIMENTO IMOBILIARIO TG REAL ESTATE,FII,FECHADO,QUALIFICADO,TG CORE ASSET LTDA,13.194.316/0001-03,OLIVEIRA TRUST DTVM S.A.,36.113.876/0001-91,2024-12-31
15534,32781 - TG REAL ESTATE FII,44.625.562/0001-04,26/08/2024,Fundos de Investimentos Imobiliário,BR0B4QCTF006,XP INVESTIMENTOS CCTVM S.A.,TG CORE ASSET LTDA,1365711051.19,9.54460999,Renda Fixa | Definitiva,24E3066291,LEVERAGE COMPANHIA SECURITIZADORA,20/04/2034,12950.0,12924576.55465,0.9463624493181252,2024-08-26,44.625.562/0001-04,FUNDO DE INVESTIMENTO IMOBILIARIO TG REAL ESTATE,FUNDO DE INVESTIMENTO IMOBILIARIO TG REAL ESTATE,FII,FECHADO,QUALIFICADO,TG CORE ASSET LTDA,13.194.316/0001-03,OLIVEIRA TRUST DTVM S.A.,36.113.876/0001-91,2024-12-31
15535,32781 - TG REAL ESTATE FII,44.625.562/0001-04,26/08/2024,Fundos de Investimentos Imobiliário,BR0B4QCTF006,XP INVESTIMENTOS CCTVM S.A.,TG CORE ASSET LTDA,1365711051.19,9.54460999,Renda Fixa | Definitiva,24E3056419,LEVERAGE COMPANHIA SECURITIZADORA,20/04/2034,12950.0,12948448.67596095,0.9481104121313536,2024-08-26,44.625.562/0001-04,FUNDO DE INVESTIMENTO IMOBILIARIO TG REAL ESTATE,FUNDO DE INVESTIMENTO IMOBILIARIO TG REAL ESTATE,FII,FECHADO,QUALIFICADO,TG CORE ASSET LTDA,13.194.316/0001-03,OLIVEIRA TRUST DTVM S.A.,36.113.876/0001-91,2024-12-31
15536,32781 - TG REAL ESTATE FII,44.625.562/0001-04,26/08/2024,Fundos de Investimentos Imobiliário,BR0B4QCTF006,XP INVESTIMENTOS CCTVM S.A.,TG CORE ASSET LTDA,1365711051.19,9.54460999,Renda Fixa | Definitiva,23G1149794,RBCAPITALRES,26/06/2029,2434.0,2267318.450505127,0.1660174345466063,2024-08-26,44.625.562/0001-04,FUNDO DE INVESTIMENTO IMOBILIARIO TG REAL ESTATE,FUNDO DE INVESTIMENTO IMOBILIARIO TG REAL ESTATE,FII,FECHADO,QUALIFICADO,TG CORE ASSET LTDA,13.194.316/0001-03,OLIVEIRA TRUST DTVM S.A.,36.113.876/0001-91,2024-12-31
15537,32781 - TG REAL ESTATE FII,44.625.562/0001-04,26/08/2024,Fundos de Investimentos Imobiliário,BR0B4QCTF006,XP INVESTIMENTOS CCTVM S.A.,TG CORE ASSET LTDA,1365711051.19,9.54460999,Renda Fixa | Definitiva,23G1149789,RBCAPITALRES,26/06/2029,5717.0,5286809.053053756,0.38711036631410006,2024-08-26,44.625.562/0001-04,FUNDO DE INVESTIMENTO IMOBILIARIO TG REAL ESTATE,FUNDO DE INVESTIMENTO IMOBILIARIO TG REAL ESTATE,FII,FECHADO,QUALIFICADO,TG CORE ASSET LTDA,13.194.316/0001-03,OLIVEIRA TRUST DTVM S.A.,36.113.876/0001-91,2024-12-31
15538,32781 - TG REAL ESTATE FII,44.625.562/0001-04,26/08/2024,Fundos de Investimentos Imobiliário,BR0B4QCTF006,XP INVESTIMENTOS CCTVM S.A.,TG CORE ASSET LTDA,1365711051.19,9.54460999,Renda Fixa | Definitiva,21E0379796,RBCAPITALRES,20/06/2034,2318.0,2415458.874426949,0.17686456240668627,2024-08-26,44.625.562/0001-04,FUNDO DE INVESTIMENTO IMOBILIARIO TG REAL ESTATE,FUNDO DE INVESTIMENTO IMOBILIARIO TG REAL ESTATE,FII,FECHADO,QUALIFICADO,TG CORE ASSET LTDA,13.194.316/0001-03,OLIVEIRA TRUST DTVM S.A.,36.113.876/0001-91,2024-12-31
16475,22691 - XP SELECTION FII,30.983.020/0001-90,26/08/2024,Fundos de Investimentos Imobiliário,BRXPSFCTF009,XP INVESTIMENTOS CCTVM S.A.,XP VISTA ASSET MANAGEMENT LTDA.,361399170.13,8.34598867,Cotas de fundos,OT SOBERANO FIRF REF DI LP,OLIVEIRA TRUST,2099-12-01 00:00:00,2710.89065808,7280644.42,2.0145714273170734,2024-08-26,30.983.020/0001-90,XP SELECTION FUNDO DE FUNDOS DE INVESTIMENTO IMOBILIÁRIO - FII,XP SELECTION FUNDO DE FUNDOS DE INVESTIMENTO IMOBILIÁRIO - FII,FII,FECHADO,GERAL,XP VISTA ASSET MANAGMENT LTDA.,16.789.525/0001-98,OLIVEIRA TRUST DTVM S.A.,36.113.876/0001-91,2024-12-31
16508,32781 - TG REAL ESTATE FII,44.625.562/0001-04,26/08/2024,Fundos de Investimentos Imobiliário,BR0B4QCTF006,XP INVESTIMENTOS CCTVM S.A.,TG CORE ASSET LTDA,1365711051.19,9.54460999,Cotas de fundos,SAFRA CAPITAL MARKET PREMIUM FIC FI RF REFERENCIADO DI CP,SAFRA SERVIÇOS DE AD,2099-12-01 00:00:00,250928.83702737,71567766.67,5.240330054270269,2024-08-26,44.625.562/0001-04,FUNDO DE INVESTIMENTO IMOBILIARIO TG REAL ESTATE,FUNDO DE INVESTIMENTO IMOBILIARIO TG REAL ESTATE,FII,FECHADO,QUALIFICADO,TG CORE ASSET LTDA,13.194.316/0001-03,OLIVEIRA TRUST DTVM S.A.,36.113.876/0001-91,2024-12-31
16509,32781 - TG REAL ESTATE FII,44.625.562/0001-04,26/08/2024,Fundos de Investimentos Imobiliário,BR0B4QCTF006,XP INVESTIMENTOS CCTVM S.A.,TG CORE ASSET LTDA,1365711051.19,9.54460999,Cotas de fundos,BLUE FII,XP - 02220030-7,2099-12-01 00:00:00,200000.0,19986107.22,1.4634213586091496,2024-08-26,44.625.562/0001-04,FUNDO DE INVESTIMENTO IMOBILIARIO TG REAL ESTATE,FUNDO DE INVESTIMENTO IMOBILIARIO TG REAL ESTATE,FII,FECHADO,QUALIFICADO,TG CORE ASSET LTDA,13.194.316/0001-03,OLIVEIRA TRUST DTVM S.A.,36.113.876/0001-91,2024-12-31
16510,32781 - TG REAL ESTATE FII,44.625.562/0001-04,26/08/2024,Fundos de Investimentos Imobiliário,BR0B4QCTF006,XP INVESTIMENTOS CCTVM S.A.,TG CORE ASSET LTDA,1365711051.19,9.54460999,Cotas de fundos,TREND PE XXII FIC RF,SAFRA SERVIÇOS DE AD,2099-12-01 00:00:00,317733.35789781,342731.88,0.025095489979477265,2024-08-26,44.625.562/0001-04,FUNDO DE INVESTIMENTO IMOBILIARIO TG REAL ESTATE,FUNDO DE INVESTIMENTO IMOBILIARIO TG REAL ESTATE,FII,FECHADO,QUALIFICADO,TG CORE ASSET LTDA,13.194.316/0001-03,OLIVEIRA TRUST DTVM S.A.,36.113.876/0001-91,2024-12-31
16511,32781 - TG REAL ESTATE FII,44.625.562/0001-04,26/08/2024,Fundos de Investimentos Imobiliário,BR0B4QCTF006,XP INVESTIMENTOS CCTVM S.A.,TG CORE ASSET LTDA,1365711051.19,9.54460999,Cotas de fundos,OT SOBERANO FIRF REF DI LP,OLIVEIRA TRUST,2099-12-01 00:00:00,4459.81671111,11977738.57,0.8770331439848353,2024-08-26,44.625.562/0001-04,FUNDO DE INVESTIMENTO IMOBILIARIO TG REAL ESTATE,FUNDO DE INVESTIMENTO IMOBILIARIO TG REAL ESTATE,FII,FECHADO,QUALIFICADO,TG CORE ASSET LTDA,13.194.316/0001-03,OLIVEIRA TRUST DTVM S.A.,36.113.876/0001-91,2024-12-31
16512,32781 - TG REAL ESTATE FII,44.625.562/0001-04,26/08/2024,Fundos de Investimentos Imobiliário,BR0B4QCTF006,XP INVESTIMENTOS CCTVM S.A.,TG CORE ASSET LTDA,1365711051.19,9.54460999,Cotas de fundos,FUNDO DE INVESTIMENTO IMOBILIÁRIO XP GRUPO CARNAÚBA,XP - 02220030-7,2099-12-01 00:00:00,4655.0,4431058.46,0.324450655659485,2024-08-26,44.625.562/0001-04,FUNDO DE INVESTIMENTO IMOBILIARIO TG REAL ESTATE,FUNDO DE INVESTIMENTO IMOBILIARIO TG REAL ESTATE,FII,FECHADO,QUALIFICADO,TG CORE ASSET LTDA,13.194.316/0001-03,OLIVEIRA TRUST DTVM S.A.,36.113.876/0001-91,2024-12-31
17191,22691 - XP SELECTION FII,30.983.020/0001-90,26/08/2024,Fundos de Investimentos Imobiliário,BRXPSFCTF009,XP INVESTIMENTOS CCTVM S.A.,XP VISTA ASSET MANAGEMENT LTDA.,361399170.13,8.34598867,Renda Variável,RVBI11,FII VBI REITCI,2099-12-01 00:00:00,14170.0,1049288.5,0.29034059475636237,2024-08-26,30.983.020/0001-90,XP SELECTION FUNDO DE FUNDOS DE INVESTIMENTO IMOBILIÁRIO - FII,XP SELECTION FUNDO DE FUNDOS DE INVESTIMENTO IMOBILIÁRIO - FII,FII,FECHADO,GERAL,XP VISTA ASSET MANAGMENT LTDA.,16.789.525/0001-98,OLIVEIRA TRUST DTVM S.A.,36.113.876/0001-91,2024-12-31
17192,22691 - XP SELECTION FII,30.983.020/0001-90,26/08/2024,Fundos de Investimentos Imobiliário,BRXPSFCTF009,XP INVESTIMENTOS CCTVM S.A.,XP VISTA ASSET MANAGEMENT LTDA.,361399170.13,8.34598867,Renda Variável,VVMR11,FII MULT RENCI,2099-12-01 00:00:00,206606.0,18592473.94,5.144581248847928,2024-08-26,30.983.020/0001-90,XP SELECTION FUNDO DE FUNDOS DE INVESTIMENTO IMOBILIÁRIO - FII,XP SELECTION FUNDO DE FUNDOS DE INVESTIMENTO IMOBILIÁRIO - FII,FII,FECHADO,GERAL,XP VISTA ASSET MANAGMENT LTDA.,16.789.525/0001-98,OLIVEIRA TRUST DTVM S.A.,36.113.876/0001-91,2024-12-31
17193,22691 - XP SELECTION FII,30.983.020/0001-90,26/08/2024,Fundos de Investimentos Imobiliário,BRXPSFCTF009,XP INVESTIMENTOS CCTVM S.A.,XP VISTA ASSET MANAGEMENT LTDA.,361399170.13,8.34598867,Renda Variável,XPLG11,FII XP LOG  CI,2099-12-01 00:00:00,148215.0,15278002.2,4.227459126290828,2024-08-26,30.983.020/0001-90,XP SELECTION FUNDO DE FUNDOS DE INVESTIMENTO IMOBILIÁRIO - FII,XP SELECTION FUNDO DE FUNDOS DE INVESTIMENTO IMOBILIÁRIO - FII,FII,FECHADO,GERAL,XP VISTA ASSET MANAGMENT LTDA.,16.789.525/0001-98,OLIVEIRA TRUST DTVM S.A.,36.113.876/0001-91,2024-12-31
17194,22691 - XP SELECTION FII,30.983.020/0001-90,26/08/2024,Fundos de Investimentos Imobiliário,BRXPSFCTF009,XP INVESTIMENTOS CCTVM S.A.,XP VISTA ASSET MANAGEMENT LTDA.,361399170.13,8.34598867,Renda Variável,GTWR11,FII G TOWERSCI,2099-12-01 00:00:00,58419.0,4800873.42,1.3284129618430125,2024-08-26,30.983.020/0001-90,XP SELECTION FUNDO DE FUNDOS DE INVESTIMENTO IMOBILIÁRIO - FII,XP SELECTION FUNDO DE FUNDOS DE INVESTIMENTO IMOBILIÁRIO - FII,FII,FECHADO,GERAL,XP VISTA ASSET MANAGMENT LTDA.,16.789.525/0001-98,OLIVEIRA TRUST DTVM S.A.,36.113.876/0001-91,2024-12-31
17195,22691 - XP SELECTION FII,30.983.020/0001-90,26/08/2024,Fundos de Investimentos Imobiliário,BRXPSFCTF009,XP INVESTIMENTOS CCTVM S.A.,XP VISTA ASSET MANAGEMENT LTDA.,361399170.13,8.34598867,Renda Variável,RBRL11,FII RBR LOG CI,2099-12-01 00:00:00,225968.0,18109075.52,5.010823769596906,2024-08-26,30.983.020/0001-90,XP SELECTION FUNDO DE FUNDOS DE INVESTIMENTO IMOBILIÁRIO - FII,XP SELECTION FUNDO DE FUNDOS DE INVESTIMENTO IMOBILIÁRIO - FII,FII,FECHADO,GERAL,XP VISTA ASSET MANAGMENT LTDA.,16.789.525/0001-98,OLIVEIRA TRUST DTVM S.A.,36.113.876/0001-91,2024-12-31
17196,22691 - XP SELECTION FII,30.983.020/0001-90,26/08/2024,Fundos de Investimentos Imobiliário,BRXPSFCTF009,XP INVESTIMENTOS CCTVM S.A.,XP VISTA ASSET MANAGEMENT LTDA.,361399170.13,8.34598867,Renda Variável,BARI11,FII BARIGUI CI,2099-12-01 00:00:00,195279.0,15591075.36,4.314087205676672,2024-08-26,30.983.020/0001-90,XP SELECTION FUNDO DE FUNDOS DE INVESTIMENTO IMOBILIÁRIO - FII,XP SELECTION FUNDO DE FUNDOS DE INVESTIMENTO IMOBILIÁRIO - FII,FII,FECHADO,GERAL,XP VISTA ASSET MANAGMENT LTDA.,16.789.525/0001-98,OLIVEIRA TRUST DTVM S.A.,36.113.876/0001-91,2024-12-31
17197,22691 - XP SELECTION FII,30.983.020/0001-90,26/08/2024,Fundos de Investimentos Imobiliário,BRXPSFCTF009,XP INVESTIMENTOS CCTVM S.A.,XP VISTA ASSET MANAGEMENT LTDA.,361399170.13,8.34598867,Renda Variável,CPTS11,FII CAPI SECCI,2099-12-01 00:00:00,2772272.0,22843521.28,6.320856041750979,2024-08-26,30.983.020/0001-90,XP SELECTION FUNDO DE FUNDOS DE INVESTIMENTO IMOBILIÁRIO - FII,XP SELECTION FUNDO DE FUNDOS DE INVESTIMENTO IMOBILIÁRIO - FII,FII,FECHADO,GERAL,XP VISTA ASSET MANAGMENT LTDA.,16.789.525/0001-98,OLIVEIRA TRUST DTVM S.A.,36.113.876/0001-91,2024-12-31
17198,22691 - XP SELECTION FII,30.983.020/0001-90,26/08/2024,Fundos de Investimentos Imobiliário,BRXPSFCTF009,XP INVESTIMENTOS CCTVM S.A.,XP VISTA ASSET MANAGEMENT LTDA.,361399170.13,8.34598867,Renda Variável,XPPR11,FII XP PROP CI,2099-12-01 00:00:00,109593.0,2005551.9,0.5549409256470004,2024-08-26,30.983.020/0001-90,XP SELECTION FUNDO DE FUNDOS DE INVESTIMENTO IMOBILIÁRIO - FII,XP SELECTION FUNDO DE FUNDOS DE INVESTIMENTO IMOBILIÁRIO - FII,FII,FECHADO,GERAL,XP VISTA ASSET MANAGMENT LTDA.,16.789.525/0001-98,OLIVEIRA TRUST DTVM S.A.,36.113.876/0001-91,2024-12-31
17199,22691 - XP SELECTION FII,30.983.020/0001-90,26/08/2024,Fundos de Investimentos Imobiliário,BRXPSFCTF009,XP INVESTIMENTOS CCTVM S.A.,XP VISTA ASSET MANAGEMENT LTDA.,361399170.13,8.34598867,Renda Variável,HSAF11,FII HSI CRI CI,2099-12-01 00:00:00,14196.0,1202401.2,0.3327072388039742,2024-08-26,30.983.020/0001-90,XP SELECTION FUNDO DE FUNDOS DE INVESTIMENTO IMOBILIÁRIO - FII,XP SELECTION FUNDO DE FUNDOS DE INVESTIMENTO IMOBILIÁRIO - FII,FII,FECHADO,GERAL,XP VISTA ASSET MANAGMENT LTDA.,16.789.525/0001-98,OLIVEIRA TRUST DTVM S.A.,36.113.876/0001-91,2024-12-31
17200,22691 - XP SELECTION FII,30.983.020/0001-90,26/08/2024,Fundos de Investimentos Imobiliário,BRXPSFCTF009,XP INVESTIMENTOS CCTVM S.A.,XP VISTA ASSET MANAGEMENT LTDA.,361399170.13,8.34598867,Renda Variável,MCCI11,FII MAUA    CI,2099-12-01 00:00:00,204584.0,18222296.88,5.042152386084672,2024-08-26,30.983.020/0001-90,XP SELECTION FUNDO DE FUNDOS DE INVESTIMENTO IMOBILIÁRIO - FII,XP SELECTION FUNDO DE FUNDOS DE INVESTIMENTO IMOBILIÁRIO - FII,FII,FECHADO,GERAL,XP VISTA ASSET MANAGMENT LTDA.,16.789.525/0001-98,OLIVEIRA TRUST DTVM S.A.,36.113.876/0001-91,2024-12-31
17201,22691 - XP SELECTION FII,30.983.020/0001-90,26/08/2024,Fundos de Investimentos Imobiliário,BRXPSFCTF009,XP INVESTIMENTOS CCTVM S.A.,XP VISTA ASSET MANAGEMENT LTDA.,361399170.13,8.34598867,Renda Variável,LPLP11,FII LAGO PDRCI,2099-12-01 00:00:00,33769.0,14740191.84,4.078645735323012,2024-08-26,30.983.020/0001-90,XP SELECTION FUNDO DE FUNDOS DE INVESTIMENTO IMOBILIÁRIO - FII,XP SELECTION FUNDO DE FUNDOS DE INVESTIMENTO IMOBILIÁRIO - FII,FII,FECHADO,GERAL,XP VISTA ASSET MANAGMENT LTDA.,16.789.525/0001-98,OLIVEIRA TRUST DTVM S.A.,36.113.876/0001-91,2024-12-31
17202,22691 - XP SELECTION FII,30.983.020/0001-90,26/08/2024,Fundos de Investimentos Imobiliário,BRXPSFCTF009,XP INVESTIMENTOS CCTVM S.A.,XP VISTA ASSET MANAGEMENT LTDA.,361399170.13,8.34598867,Renda Variável,TGAR11,FII TG ATIVOCI,2099-12-01 00:00:00,171020.0,20495036.8,5.671024865006654,2024-08-26,30.983.020/0001-90,XP SELECTION FUNDO DE FUNDOS DE INVESTIMENTO IMOBILIÁRIO - FII,XP SELECTION FUNDO DE FUNDOS DE INVESTIMENTO IMOBILIÁRIO - FII,FII,FECHADO,GERAL,XP VISTA ASSET MANAGMENT LTDA.,16.789.525/0001-98,OLIVEIRA TRUST DTVM S.A.,36.113.876/0001-91,2024-12-31
17203,22691 - XP SELECTION FII,30.983.020/0001-90,26/08/2024,Fundos de Investimentos Imobiliário,BRXPSFCTF009,XP INVESTIMENTOS CCTVM S.A.,XP VISTA ASSET MANAGEMENT LTDA.,361399170.13,8.34598867,Renda Variável,BROF11,FII BROF    CI,2099-12-01 00:00:00,63184.0,3013244.96,0.833771964367294,2024-08-26,30.983.020/0001-90,XP SELECTION FUNDO DE FUNDOS DE INVESTIMENTO IMOBILIÁRIO - FII,XP SELECTION FUNDO DE FUNDOS DE INVESTIMENTO IMOBILIÁRIO - FII,FII,FECHADO,GERAL,XP VISTA ASSET MANAGMENT LTDA.,16.789.525/0001-98,OLIVEIRA TRUST DTVM S.A.,36.113.876/0001-91,2024-12-31
17204,22691 - XP SELECTION FII,30.983.020/0001-90,26/08/2024,Fundos de Investimentos Imobiliário,BRXPSFCTF009,XP INVESTIMENTOS CCTVM S.A.,XP VISTA ASSET MANAGEMENT LTDA.,361399170.13,8.34598867,Renda Variável,HGRE11,FII HG REAL CI,2099-12-01 00:00:00,36062.0,4110707.38,1.1374423960412872,2024-08-26,30.983.020/0001-90,XP SELECTION FUNDO DE FUNDOS DE INVESTIMENTO IMOBILIÁRIO - FII,XP SELECTION FUNDO DE FUNDOS DE INVESTIMENTO IMOBILIÁRIO - FII,FII,FECHADO,GERAL,XP VISTA ASSET MANAGMENT LTDA.,16.789.525/0001-98,OLIVEIRA TRUST DTVM S.A.,36.113.876/0001-91,2024-12-31
17205,22691 - XP SELECTION FII,30.983.020/0001-90,26/08/2024,Fundos de Investimentos Imobiliário,BRXPSFCTF009,XP INVESTIMENTOS CCTVM S.A.,XP VISTA ASSET MANAGEMENT LTDA.,361399170.13,8.34598867,Renda Variável,TRXF11,FII TRX REALCI,2099-12-01 00:00:00,48615.0,5155620.75,1.4265723820410148,2024-08-26,30.983.020/0001-90,XP SELECTION FUNDO DE FUNDOS DE INVESTIMENTO IMOBILIÁRIO - FII,XP SELECTION FUNDO DE FUNDOS DE INVESTIMENTO IMOBILIÁRIO - FII,FII,FECHADO,GERAL,XP VISTA ASSET MANAGMENT LTDA.,16.789.525/0001-98,OLIVEIRA TRUST DTVM S.A.,36.113.876/0001-91,2024-12-31
17206,22691 - XP SELECTION FII,30.983.020/0001-90,26/08/2024,Fundos de Investimentos Imobiliário,BRXPSFCTF009,XP INVESTIMENTOS CCTVM S.A.,XP VISTA ASSET MANAGEMENT LTDA.,361399170.13,8.34598867,Renda Variável,KNRI11,FII KINEA   CI,2099-12-01 00:00:00,9229.0,1424496.15,0.3941614335991945,2024-08-26,30.983.020/0001-90,XP SELECTION FUNDO DE FUNDOS DE INVESTIMENTO IMOBILIÁRIO - FII,XP SELECTION FUNDO DE FUNDOS DE INVESTIMENTO IMOBILIÁRIO - FII,FII,FECHADO,GERAL,XP VISTA ASSET MANAGMENT LTDA.,16.789.525/0001-98,OLIVEIRA TRUST DTVM S.A.,36.113.876/0001-91,2024-12-31
17207,22691 - XP SELECTION FII,30.983.020/0001-90,26/08/2024,Fundos de Investimentos Imobiliário,BRXPSFCTF009,XP INVESTIMENTOS CCTVM S.A.,XP VISTA ASSET MANAGEMENT LTDA.,361399170.13,8.34598867,Renda Variável,RBRY11,FII RBR PCRICI,2099-12-01 00:00:00,41912.0,4034030.0,1.116225584731948,2024-08-26,30.983.020/0001-90,XP SELECTION FUNDO DE FUNDOS DE INVESTIMENTO IMOBILIÁRIO - FII,XP SELECTION FUNDO DE FUNDOS DE INVESTIMENTO IMOBILIÁRIO - FII,FII,FECHADO,GERAL,XP VISTA ASSET MANAGMENT LTDA.,16.789.525/0001-98,OLIVEIRA TRUST DTVM S.A.,36.113.876/0001-91,2024-12-31
17208,22691 - XP SELECTION FII,30.983.020/0001-90,26/08/2024,Fundos de Investimentos Imobiliário,BRXPSFCTF009,XP INVESTIMENTOS CCTVM S.A.,XP VISTA ASSET MANAGEMENT LTDA.,361399170.13,8.34598867,Renda Variável,VINO11,FII VINCI OFCI,2099-12-01 00:00:00,1010325.0,6092259.75,1.6857425953160143,2024-08-26,30.983.020/0001-90,XP SELECTION FUNDO DE FUNDOS DE INVESTIMENTO IMOBILIÁRIO - FII,XP SELECTION FUNDO DE FUNDOS DE INVESTIMENTO IMOBILIÁRIO - FII,FII,FECHADO,GERAL,XP VISTA ASSET MANAGMENT LTDA.,16.789.525/0001-98,OLIVEIRA TRUST DTVM S.A.,36.113.876/0001-91,2024-12-31
17209,22691 - XP SELECTION FII,30.983.020/0001-90,26/08/2024,Fundos de Investimentos Imobiliário,BRXPSFCTF009,XP INVESTIMENTOS CCTVM S.A.,XP VISTA ASSET MANAGEMENT LTDA.,361399170.13,8.34598867,Renda Variável,AIEC11,FII AUTONOMYCI,2099-12-01 00:00:00,78696.0,4332214.8,1.1987340199042642,2024-08-26,30.983.020/0001-90,XP SELECTION FUNDO DE FUNDOS DE INVESTIMENTO IMOBILIÁRIO - FII,XP SELECTION FUNDO DE FUNDOS DE INVESTIMENTO IMOBILIÁRIO - FII,FII,FECHADO,GERAL,XP VISTA ASSET MANAGMENT LTDA.,16.789.525/0001-98,OLIVEIRA TRUST DTVM S.A.,36.113.876/0001-91,2024-12-31
17210,22691 - XP SELECTION FII,30.983.020/0001-90,26/08/2024,Fundos de Investimentos Imobiliário,BRXPSFCTF009,XP INVESTIMENTOS CCTVM S.A.,XP VISTA ASSET MANAGEMENT LTDA.,361399170.13,8.34598867,Renda Variável,PVBI11,FII VBI PRI CI,2099-12-01 00:00:00,104433.0,9786416.43,2.7079244333847523,2024-08-26,30.983.020/0001-90,XP SELECTION FUNDO DE FUNDOS DE INVESTIMENTO IMOBILIÁRIO - FII,XP SELECTION FUNDO DE FUNDOS DE INVESTIMENTO IMOBILIÁRIO - FII,FII,FECHADO,GERAL,XP VISTA ASSET MANAGMENT LTDA.,16.789.525/0001-98,OLIVEIRA TRUST DTVM S.A.,36.113.876/0001-91,2024-12-31
17211,22691 - XP SELECTION FII,30.983.020/0001-90,26/08/2024,Fundos de Investimentos Imobiliário,BRXPSFCTF009,XP INVESTIMENTOS CCTVM S.A.,XP VISTA ASSET MANAGEMENT LTDA.,361399170.13,8.34598867,Renda Variável,HGRU11,FII CSHG URBCI,2099-12-01 00:00:00,100.0,12784.0,0.0035373628543201767,2024-08-26,30.983.020/0001-90,XP SELECTION FUNDO DE FUNDOS DE INVESTIMENTO IMOBILIÁRIO - FII,XP SELECTION FUNDO DE FUNDOS DE INVESTIMENTO IMOBILIÁRIO - FII,FII,FECHADO,GERAL,XP VISTA ASSET MANAGMENT LTDA.,16.789.525/0001-98,OLIVEIRA TRUST DTVM S.A.,36.113.876/0001-91,2024-12-31
17212,22691 - XP SELECTION FII,30.983.020/0001-90,26/08/2024,Fundos de Investimentos Imobiliário,BRXPSFCTF009,XP INVESTIMENTOS CCTVM S.A.,XP VISTA ASSET MANAGEMENT LTDA.,361399170.13,8.34598867,Renda Variável,RBRR11,FII RBRHGRADCI,2099-12-01 00:00:00,199812.0,18172901.4,5.028484540643237,2024-08-26,30.983.020/0001-90,XP SELECTION FUNDO DE FUNDOS DE INVESTIMENTO IMOBILIÁRIO - FII,XP SELECTION FUNDO DE FUNDOS DE INVESTIMENTO IMOBILIÁRIO - FII,FII,FECHADO,GERAL,XP VISTA ASSET MANAGMENT LTDA.,16.789.525/0001-98,OLIVEIRA TRUST DTVM S.A.,36.113.876/0001-91,2024-12-31
17213,22691 - XP SELECTION FII,30.983.020/0001-90,26/08/2024,Fundos de Investimentos Imobiliário,BRXPSFCTF009,XP INVESTIMENTOS CCTVM S.A.,XP VISTA ASSET MANAGEMENT LTDA.,361399170.13,8.34598867,Renda Variável,XPML11,FII XP MALLSCI  ER,2099-12-01 00:00:00,149023.0,16708458.76,4.623269819349543,2024-08-26,30.983.020/0001-90,XP SELECTION FUNDO DE FUNDOS DE INVESTIMENTO IMOBILIÁRIO - FII,XP SELECTION FUNDO DE FUNDOS DE INVESTIMENTO IMOBILIÁRIO - FII,FII,FECHADO,GERAL,XP VISTA ASSET MANAGMENT LTDA.,16.789.525/0001-98,OLIVEIRA TRUST DTVM S.A.,36.113.876/0001-91,2024-12-31
17214,22691 - XP SELECTION FII,30.983.020/0001-90,26/08/2024,Fundos de Investimentos Imobiliário,BRXPSFCTF009,XP INVESTIMENTOS CCTVM S.A.,XP VISTA ASSET MANAGEMENT LTDA.,361399170.13,8.34598867,Renda Variável,BTLG11,FII BTLG    CI  ER,2099-12-01 00:00:00,164316.0,16702721.4,4.621682278349398,2024-08-26,30.983.020/0001-90,XP SELECTION FUNDO DE FUNDOS DE INVESTIMENTO IMOBILIÁRIO - FII,XP SELECTION FUNDO DE FUNDOS DE INVESTIMENTO IMOBILIÁRIO - FII,FII,FECHADO,GERAL,XP VISTA ASSET MANAGMENT LTDA.,16.789.525/0001-98,OLIVEIRA TRUST DTVM S.A.,36.113.876/0001-91,2024-12-31
17215,22691 - XP SELECTION FII,30.983.020/0001-90,26/08/2024,Fundos de Investimentos Imobiliário,BRXPSFCTF009,XP INVESTIMENTOS CCTVM S.A.,XP VISTA ASSET MANAGEMENT LTDA.,361399170.13,8.34598867,Renda Variável,JSRE11,FII JS REAL CI,2099-12-01 00:00:00,15718.0,1026699.76,0.284090237293761,2024-08-26,30.983.020/0001-90,XP SELECTION FUNDO DE FUNDOS DE INVESTIMENTO IMOBILIÁRIO - FII,XP SELECTION FUNDO DE FUNDOS DE INVESTIMENTO IMOBILIÁRIO - FII,FII,FECHADO,GERAL,XP VISTA ASSET MANAGMENT LTDA.,16.789.525/0001-98,OLIVEIRA TRUST DTVM S.A.,36.113.876/0001-91,2024-12-31
17216,22691 - XP SELECTION FII,30.983.020/0001-90,26/08/2024,Fundos de Investimentos Imobiliário,BRXPSFCTF009,XP INVESTIMENTOS CCTVM S.A.,XP VISTA ASSET MANAGEMENT LTDA.,361399170.13,8.34598867,Renda Variável,RBRP11,FII RBR PROPCI,2099-12-01 00:00:00,159952.0,9361990.56,2.590484797359211,2024-08-26,30.983.020/0001-90,XP SELECTION FUNDO DE FUNDOS DE INVESTIMENTO IMOBILIÁRIO - FII,XP SELECTION FUNDO DE FUNDOS DE INVESTIMENTO IMOBILIÁRIO - FII,FII,FECHADO,GERAL,XP VISTA ASSET MANAGMENT LTDA.,16.789.525/0001-98,OLIVEIRA TRUST DTVM S.A.,36.113.876/0001-91,2024-12-31
17217,22691 - XP SELECTION FII,30.983.020/0001-90,26/08/2024,Fundos de Investimentos Imobiliário,BRXPSFCTF009,XP INVESTIMENTOS CCTVM S.A.,XP VISTA ASSET MANAGEMENT LTDA.,361399170.13,8.34598867,Renda Variável,ALZR11,FII ALIANZA CI  ER,2099-12-01 00:00:00,65001.0,6985657.47,1.9329478447576864,2024-08-26,30.983.020/0001-90,XP SELECTION FUNDO DE FUNDOS DE INVESTIMENTO IMOBILIÁRIO - FII,XP SELECTION FUNDO DE FUNDOS DE INVESTIMENTO IMOBILIÁRIO - FII,FII,FECHADO,GERAL,XP VISTA ASSET MANAGMENT LTDA.,16.789.525/0001-98,OLIVEIRA TRUST DTVM S.A.,36.113.876/0001-91,2024-12-31
17218,22691 - XP SELECTION FII,30.983.020/0001-90,26/08/2024,Fundos de Investimentos Imobiliário,BRXPSFCTF009,XP INVESTIMENTOS CCTVM S.A.,XP VISTA ASSET MANAGEMENT LTDA.,361399170.13,8.34598867,Renda Variável,HSML11,FII HSI MALLCI,2099-12-01 00:00:00,134156.0,12919222.8,3.574779320979843,2024-08-26,30.983.020/0001-90,XP SELECTION FUNDO DE FUNDOS DE INVESTIMENTO IMOBILIÁRIO - FII,XP SELECTION FUNDO DE FUNDOS DE INVESTIMENTO IMOBILIÁRIO - FII,FII,FECHADO,GERAL,XP VISTA ASSET MANAGMENT LTDA.,16.789.525/0001-98,OLIVEIRA TRUST DTVM S.A.,36.113.876/0001-91,2024-12-31
17219,22691 - XP SELECTION FII,30.983.020/0001-90,26/08/2024,Fundos de Investimentos Imobiliário,BRXPSFCTF009,XP INVESTIMENTOS CCTVM S.A.,XP VISTA ASSET MANAGEMENT LTDA.,361399170.13,8.34598867,Renda Variável,JFLL11,FII JFL LIV CI,2099-12-01 00:00:00,20230.0,1436127.7,0.3973799108291826,2024-08-26,30.983.020/0001-90,XP SELECTION FUNDO DE FUNDOS DE INVESTIMENTO IMOBILIÁRIO - FII,XP SELECTION FUNDO DE FUNDOS DE INVESTIMENTO IMOBILIÁRIO - FII,FII,FECHADO,GERAL,XP VISTA ASSET MANAGMENT LTDA.,16.789.525/0001-98,OLIVEIRA TRUST DTVM S.A.,36.113.876/0001-91,2024-12-31
17220,22691 - XP SELECTION FII,30.983.020/0001-90,26/08/2024,Fundos de Investimentos Imobiliário,BRXPSFCTF009,XP INVESTIMENTOS CCTVM S.A.,XP VISTA ASSET MANAGEMENT LTDA.,361399170.13,8.34598867,Renda Variável,VILG11,FII VINCI LGCI,2099-12-01 00:00:00,97580.0,8640709.0,2.3909044940230006,2024-08-26,30.983.020/0001-90,XP SELECTION FUNDO DE FUNDOS DE INVESTIMENTO IMOBILIÁRIO - FII,XP SELECTION FUNDO DE FUNDOS DE INVESTIMENTO IMOBILIÁRIO - FII,FII,FECHADO,GERAL,XP VISTA ASSET MANAGMENT LTDA.,16.789.525/0001-98,OLIVEIRA TRUST DTVM S.A.,36.113.876/0001-91,2024-12-31
17221,22691 - XP SELECTION FII,30.983.020/0001-90,26/08/2024,Fundos de Investimentos Imobiliário,BRXPSFCTF009,XP INVESTIMENTOS CCTVM S.A.,XP VISTA ASSET MANAGEMENT LTDA.,361399170.13,8.34598867,Renda Variável,SPVJ11,FII S VAREJOCI  ERS,2099-12-01 00:00:00,75117.0,8400786.84,2.3245174683102143,2024-08-26,30.983.020/0001-90,XP SELECTION FUNDO DE FUNDOS DE INVESTIMENTO IMOBILIÁRIO - FII,XP SELECTION FUNDO DE FUNDOS DE INVESTIMENTO IMOBILIÁRIO - FII,FII,FECHADO,GERAL,XP VISTA ASSET MANAGMENT LTDA.,16.789.525/0001-98,OLIVEIRA TRUST DTVM S.A.,36.113.876/0001-91,2024-12-31
17222,22691 - XP SELECTION FII,30.983.020/0001-90,26/08/2024,Fundos de Investimentos Imobiliário,BRXPSFCTF009,XP INVESTIMENTOS CCTVM S.A.,XP VISTA ASSET MANAGEMENT LTDA.,361399170.13,8.34598867,Renda Variável,HGBS11,FII HEDGEBS CI,2099-12-01 00:00:00,33929.0,7223484.1,1.9987550323930237,2024-08-26,30.983.020/0001-90,XP SELECTION FUNDO DE FUNDOS DE INVESTIMENTO IMOBILIÁRIO - FII,XP SELECTION FUNDO DE FUNDOS DE INVESTIMENTO IMOBILIÁRIO - FII,FII,FECHADO,GERAL,XP VISTA ASSET MANAGMENT LTDA.,16.789.525/0001-98,OLIVEIRA TRUST DTVM S.A.,36.113.876/0001-91,2024-12-31
17223,22691 - XP SELECTION FII,30.983.020/0001-90,26/08/2024,Fundos de Investimentos Imobiliário,BRXPSFCTF009,XP INVESTIMENTOS CCTVM S.A.,XP VISTA ASSET MANAGEMENT LTDA.,361399170.13,8.34598867,Renda Variável,BTCI11,FII BTG CRI CI,2099-12-01 00:00:00,1286.0,12744.26,0.003526366702894122,2024-08-26,30.983.020/0001-90,XP SELECTION FUNDO DE FUNDOS DE INVESTIMENTO IMOBILIÁRIO - FII,XP SELECTION FUNDO DE FUNDOS DE INVESTIMENTO IMOBILIÁRIO - FII,FII,FECHADO,GERAL,XP VISTA ASSET MANAGMENT LTDA.,16.789.525/0001-98,OLIVEIRA TRUST DTVM S.A.,36.113.876/0001-91,2024-12-31
17224,22691 - XP SELECTION FII,30.983.020/0001-90,26/08/2024,Fundos de Investimentos Imobiliário,BRXPSFCTF009,XP INVESTIMENTOS CCTVM S.A.,XP VISTA ASSET MANAGEMENT LTDA.,361399170.13,8.34598867,Renda Variável,RBED11,FII RIOB ED CI,2099-12-01 00:00:00,61152.0,8393723.52,2.322563031060826,2024-08-26,30.983.020/0001-90,XP SELECTION FUNDO DE FUNDOS DE INVESTIMENTO IMOBILIÁRIO - FII,XP SELECTION FUNDO DE FUNDOS DE INVESTIMENTO IMOBILIÁRIO - FII,FII,FECHADO,GERAL,XP VISTA ASSET MANAGMENT LTDA.,16.789.525/0001-98,OLIVEIRA TRUST DTVM S.A.,36.113.876/0001-91,2024-12-31
17225,22691 - XP SELECTION FII,30.983.020/0001-90,26/08/2024,Fundos de Investimentos Imobiliário,BRXPSFCTF009,XP INVESTIMENTOS CCTVM S.A.,XP VISTA ASSET MANAGEMENT LTDA.,361399170.13,8.34598867,Renda Variável,TEPP11,FII TEL PROPCI,2099-12-01 00:00:00,9764.0,877881.24,0.24291180294747625,2024-08-26,30.983.020/0001-90,XP SELECTION FUNDO DE FUNDOS DE INVESTIMENTO IMOBILIÁRIO - FII,XP SELECTION FUNDO DE FUNDOS DE INVESTIMENTO IMOBILIÁRIO - FII,FII,FECHADO,GERAL,XP VISTA ASSET MANAGMENT LTDA.,16.789.525/0001-98,OLIVEIRA TRUST DTVM S.A.,36.113.876/0001-91,2024-12-31
17226,22691 - XP SELECTION FII,30.983.020/0001-90,26/08/2024,Fundos de Investimentos Imobiliário,BRXPSFCTF009,XP INVESTIMENTOS CCTVM S.A.,XP VISTA ASSET MANAGEMENT LTDA.,361399170.13,8.34598867,Renda Variável,KNSC12,FII KINEA SCCI ES,2099-12-01 00:00:00,984.0,39.36,1.089100453270042e-05,2024-08-26,30.983.020/0001-90,XP SELECTION FUNDO DE FUNDOS DE INVESTIMENTO IMOBILIÁRIO - FII,XP SELECTION FUNDO DE FUNDOS DE INVESTIMENTO IMOBILIÁRIO - FII,FII,FECHADO,GERAL,XP VISTA ASSET MANAGMENT LTDA.,16.789.525/0001-98,OLIVEIRA TRUST DTVM S.A.,36.113.876/0001-91,2024-12-31
17227,22691 - XP SELECTION FII,30.983.020/0001-90,26/08/2024,Fundos de Investimentos Imobiliário,BRXPSFCTF009,XP INVESTIMENTOS CCTVM S.A.,XP VISTA ASSET MANAGEMENT LTDA.,361399170.13,8.34598867,Renda Variável,XPCI11,FII XP CRED CI,2099-12-01 00:00:00,115596.0,10135457.28,2.8045048571512057,2024-08-26,30.983.020/0001-90,XP SELECTION FUNDO DE FUNDOS DE INVESTIMENTO IMOBILIÁRIO - FII,XP SELECTION FUNDO DE FUNDOS DE INVESTIMENTO IMOBILIÁRIO - FII,FII,FECHADO,GERAL,XP VISTA ASSET MANAGMENT LTDA.,16.789.525/0001-98,OLIVEIRA TRUST DTVM S.A.,36.113.876/0001-91,2024-12-31
17228,22691 - XP SELECTION FII,30.983.020/0001-90,26/08/2024,Fundos de Investimentos Imobiliário,BRXPSFCTF009,XP INVESTIMENTOS CCTVM S.A.,XP VISTA ASSET MANAGEMENT LTDA.,361399170.13,8.34598867,Renda Variável,IRDM11,FII IRIDIUM CI,2099-12-01 00:00:00,25588.0,1834659.6,0.5076546244807505,2024-08-26,30.983.020/0001-90,XP SELECTION FUNDO DE FUNDOS DE INVESTIMENTO IMOBILIÁRIO - FII,XP SELECTION FUNDO DE FUNDOS DE INVESTIMENTO IMOBILIÁRIO - FII,FII,FECHADO,GERAL,XP VISTA ASSET MANAGMENT LTDA.,16.789.525/0001-98,OLIVEIRA TRUST DTVM S.A.,36.113.876/0001-91,2024-12-31
17229,22691 - XP SELECTION FII,30.983.020/0001-90,26/08/2024,Fundos de Investimentos Imobiliário,BRXPSFCTF009,XP INVESTIMENTOS CCTVM S.A.,XP VISTA ASSET MANAGEMENT LTDA.,361399170.13,8.34598867,Renda Variável,MXRF11,FII MAXI RENCI,2099-12-01 00:00:00,1791006.0,17981700.24,4.975578730170229,2024-08-26,30.983.020/0001-90,XP SELECTION FUNDO DE FUNDOS DE INVESTIMENTO IMOBILIÁRIO - FII,XP SELECTION FUNDO DE FUNDOS DE INVESTIMENTO IMOBILIÁRIO - FII,FII,FECHADO,GERAL,XP VISTA ASSET MANAGMENT LTDA.,16.789.525/0001-98,OLIVEIRA TRUST DTVM S.A.,36.113.876/0001-91,2024-12-31
17230,22691 - XP SELECTION FII,30.983.020/0001-90,26/08/2024,Fundos de Investimentos Imobiliário,BRXPSFCTF009,XP INVESTIMENTOS CCTVM S.A.,XP VISTA ASSET MANAGEMENT LTDA.,361399170.13,8.34598867,Renda Variável,PATL11,FII PATR LOGCI,2099-12-01 00:00:00,43014.0,2613530.64,0.7231700723219368,2024-08-26,30.983.020/0001-90,XP SELECTION FUNDO DE FUNDOS DE INVESTIMENTO IMOBILIÁRIO - FII,XP SELECTION FUNDO DE FUNDOS DE INVESTIMENTO IMOBILIÁRIO - FII,FII,FECHADO,GERAL,XP VISTA ASSET MANAGMENT LTDA.,16.789.525/0001-98,OLIVEIRA TRUST DTVM S.A.,36.113.876/0001-91,2024-12-31
17231,22691 - XP SELECTION FII,30.983.020/0001-90,26/08/2024,Fundos de Investimentos Imobiliário,BRXPSFCTF009,XP INVESTIMENTOS CCTVM S.A.,XP VISTA ASSET MANAGEMENT LTDA.,361399170.13,8.34598867,Renda Variável,BCFF11,FII BC FFII CI,2099-12-01 00:00:00,14023.0,118354.12,0.032748863246538855,2024-08-26,30.983.020/0001-90,XP SELECTION FUNDO DE FUNDOS DE INVESTIMENTO IMOBILIÁRIO - FII,XP SELECTION FUNDO DE FUNDOS DE INVESTIMENTO IMOBILIÁRIO - FII,FII,FECHADO,GERAL,XP VISTA ASSET MANAGMENT LTDA.,16.789.525/0001-98,OLIVEIRA TRUST DTVM S.A.,36.113.876/0001-91,2024-12-31
17232,22691 - XP SELECTION FII,30.983.020/0001-90,26/08/2024,Fundos de Investimentos Imobiliário,BRXPSFCTF009,XP INVESTIMENTOS CCTVM S.A.,XP VISTA ASSET MANAGEMENT LTDA.,361399170.13,8.34598867,Renda Variável,KNCR11,FII KINEA RICI,2099-12-01 00:00:00,68786.0,7243165.8,2.0042010050533703,2024-08-26,30.983.020/0001-90,XP SELECTION FUNDO DE FUNDOS DE INVESTIMENTO IMOBILIÁRIO - FII,XP SELECTION FUNDO DE FUNDOS DE INVESTIMENTO IMOBILIÁRIO - FII,FII,FECHADO,GERAL,XP VISTA ASSET MANAGMENT LTDA.,16.789.525/0001-98,OLIVEIRA TRUST DTVM S.A.,36.113.876/0001-91,2024-12-31
17233,22691 - XP SELECTION FII,30.983.020/0001-90,26/08/2024,Fundos de Investimentos Imobiliário,BRXPSFCTF009,XP INVESTIMENTOS CCTVM S.A.,XP VISTA ASSET MANAGEMENT LTDA.,361399170.13,8.34598867,Renda Variável,BRCO11,FII BRESCO  CI,2099-12-01 00:00:00,17891.0,2071062.16,0.5730677685991952,2024-08-26,30.983.020/0001-90,XP SELECTION FUNDO DE FUNDOS DE INVESTIMENTO IMOBILIÁRIO - FII,XP SELECTION FUNDO DE FUNDOS DE INVESTIMENTO IMOBILIÁRIO - FII,FII,FECHADO,GERAL,XP VISTA ASSET MANAGMENT LTDA.,16.789.525/0001-98,OLIVEIRA TRUST DTVM S.A.,36.113.876/0001-91,2024-12-31
17234,22691 - XP SELECTION FII,30.983.020/0001-90,26/08/2024,Fundos de Investimentos Imobiliário,BRXPSFCTF009,XP INVESTIMENTOS CCTVM S.A.,XP VISTA ASSET MANAGEMENT LTDA.,361399170.13,8.34598867,Renda Variável,CBOP11,FII C BRANCOCI,2099-12-01 00:00:00,59486.0,1665608.0,0.4608776493318618,2024-08-26,30.983.020/0001-90,XP SELECTION FUNDO DE FUNDOS DE INVESTIMENTO IMOBILIÁRIO - FII,XP SELECTION FUNDO DE FUNDOS DE INVESTIMENTO IMOBILIÁRIO - FII,FII,FECHADO,GERAL,XP VISTA ASSET MANAGMENT LTDA.,16.789.525/0001-98,OLIVEIRA TRUST DTVM S.A.,36.113.876/0001-91,2024-12-31
17235,22691 - XP SELECTION FII,30.983.020/0001-90,26/08/2024,Fundos de Investimentos Imobiliário,BRXPSFCTF009,XP INVESTIMENTOS CCTVM S.A.,XP VISTA ASSET MANAGEMENT LTDA.,361399170.13,8.34598867,Renda Variável,XPIN11,FII XP INDL CI,2099-12-01 00:00:00,9341.0,728598.0,0.20160477948466615,2024-08-26,30.983.020/0001-90,XP SELECTION FUNDO DE FUNDOS DE INVESTIMENTO IMOBILIÁRIO - FII,XP SELECTION FUNDO DE FUNDOS DE INVESTIMENTO IMOBILIÁRIO - FII,FII,FECHADO,GERAL,XP VISTA ASSET MANAGMENT LTDA.,16.789.525/0001-98,OLIVEIRA TRUST DTVM S.A.,36.113.876/0001-91,2024-12-31
17240,32781 - TG REAL ESTATE FII,44.625.562/0001-04,26/08/2024,Fundos de Investimentos Imobiliário,BR0B4QCTF006,XP INVESTIMENTOS CCTVM S.A.,TG CORE ASSET LTDA,1365711051.19,9.54460999,Renda Variável,SNME11,FII SNME    CI,2099-12-01 00:00:00,743929.0,7141718.4,0.5229304100437006,2024-08-26,44.625.562/0001-04,FUNDO DE INVESTIMENTO IMOBILIARIO TG REAL ESTATE,FUNDO DE INVESTIMENTO IMOBILIARIO TG REAL ESTATE,FII,FECHADO,QUALIFICADO,TG CORE ASSET LTDA,13.194.316/0001-03,OLIVEIRA TRUST DTVM S.A.,36.113.876/0001-91,2024-12-31
17241,32781 - TG REAL ESTATE FII,44.625.562/0001-04,26/08/2024,Fundos de Investimentos Imobiliário,BR0B4QCTF006,XP INVESTIMENTOS CCTVM S.A.,TG CORE ASSET LTDA,1365711051.19,9.54460999,Renda Variável,VGRI11,FII VGRI    CI,2099-12-01 00:00:00,740218.0,6721179.44,0.4921377354414436,2024-08-26,44.625.562/0001-04,FUNDO DE INVESTIMENTO IMOBILIARIO TG REAL ESTATE,FUNDO DE INVESTIMENTO IMOBILIARIO TG REAL ESTATE,FII,FECHADO,QUALIFICADO,TG CORE ASSET LTDA,13.194.316/0001-03,OLIVEIRA TRUST DTVM S.A.,36.113.876/0001-91,2024-12-31
17242,32781 - TG REAL ESTATE FII,44.625.562/0001-04,26/08/2024,Fundos de Investimentos Imobiliário,BR0B4QCTF006,XP INVESTIMENTOS CCTVM S.A.,TG CORE ASSET LTDA,1365711051.19,9.54460999,Renda Variável,HGIC11,FII HGI CRI CI,2099-12-01 00:00:00,354891.0,34065987.09,2.494377347266606,2024-08-26,44.625.562/0001-04,FUNDO DE INVESTIMENTO IMOBILIARIO TG REAL ESTATE,FUNDO DE INVESTIMENTO IMOBILIARIO TG REAL ESTATE,FII,FECHADO,QUALIFICADO,TG CORE ASSET LTDA,13.194.316/0001-03,OLIVEIRA TRUST DTVM S.A.,36.113.876/0001-91,2024-12-31
17243,32781 - TG REAL ESTATE FII,44.625.562/0001-04,26/08/2024,Fundos de Investimentos Imobiliário,BR0B4QCTF006,XP INVESTIMENTOS CCTVM S.A.,TG CORE ASSET LTDA,1365711051.19,9.54460999,Renda Variável,LSPA11,FII LESTE PACI  ER,2099-12-01 00:00:00,24719.0,1621319.21,0.11871612290076132,2024-08-26,44.625.562/0001-04,FUNDO DE INVESTIMENTO IMOBILIARIO TG REAL ESTATE,FUNDO DE INVESTIMENTO IMOBILIARIO TG REAL ESTATE,FII,FECHADO,QUALIFICADO,TG CORE ASSET LTDA,13.194.316/0001-03,OLIVEIRA TRUST DTVM S.A.,36.113.876/0001-91,2024-12-31
17244,32781 - TG REAL ESTATE FII,44.625.562/0001-04,26/08/2024,Fundos de Investimentos Imobiliário,BR0B4QCTF006,XP INVESTIMENTOS CCTVM S.A.,TG CORE ASSET LTDA,1365711051.19,9.54460999,Renda Variável,EQIR11,FII EQI RECECI  ER,2099-12-01 00:00:00,494149.0,4472048.45,0.3274520218682657,2024-08-26,44.625.562/0001-04,FUNDO DE INVESTIMENTO IMOBILIARIO TG REAL ESTATE,FUNDO DE INVESTIMENTO IMOBILIARIO TG REAL ESTATE,FII,FECHADO,QUALIFICADO,TG CORE ASSET LTDA,13.194.316/0001-03,OLIVEIRA TRUST DTVM S.A.,36.113.876/0001-91,2024-12-31
17245,32781 - TG REAL ESTATE FII,44.625.562/0001-04,26/08/2024,Fundos de Investimentos Imobiliário,BR0B4QCTF006,XP INVESTIMENTOS CCTVM S.A.,TG CORE ASSET LTDA,1365711051.19,9.54460999,Renda Variável,RBRY11,FII RBR PCRICI,2099-12-01 00:00:00,52548.0,5057745.0,0.37033785408655656,2024-08-26,44.625.562/0001-04,FUNDO DE INVESTIMENTO IMOBILIARIO TG REAL ESTATE,FUNDO DE INVESTIMENTO IMOBILIARIO TG REAL ESTATE,FII,FECHADO,QUALIFICADO,TG CORE ASSET LTDA,13.194.316/0001-03,OLIVEIRA TRUST DTVM S.A.,36.113.876/0001-91,2024-12-31
17246,32781 - TG REAL ESTATE FII,44.625.562/0001-04,26/08/2024,Fundos de Investimentos Imobiliário,BR0B4QCTF006,XP INVESTIMENTOS CCTVM S.A.,TG CORE ASSET LTDA,1365711051.19,9.54460999,Renda Variável,RBHG11,FII RBCRI IVCI,2099-12-01 00:00:00,22054.0,1840185.76,0.13474195426598992,2024-08-26,44.625.562/0001-04,FUNDO DE INVESTIMENTO IMOBILIARIO TG REAL ESTATE,FUNDO DE INVESTIMENTO IMOBILIARIO TG REAL ESTATE,FII,FECHADO,QUALIFICADO,TG CORE ASSET LTDA,13.194.316/0001-03,OLIVEIRA TRUST DTVM S.A.,36.113.876/0001-91,2024-12-31
17247,32781 - TG REAL ESTATE FII,44.625.562/0001-04,26/08/2024,Fundos de Investimentos Imobiliário,BR0B4QCTF006,XP INVESTIMENTOS CCTVM S.A.,TG CORE ASSET LTDA,1365711051.19,9.54460999,Renda Variável,DAMA11,FII DAMA    CI,2099-12-01 00:00:00,946322.0,9463220.0,0.6929152394098523,2024-08-26,44.625.562/0001-04,FUNDO DE INVESTIMENTO IMOBILIARIO TG REAL ESTATE,FUNDO DE INVESTIMENTO IMOBILIARIO TG REAL ESTATE,FII,FECHADO,QUALIFICADO,TG CORE ASSET LTDA,13.194.316/0001-03,OLIVEIRA TRUST DTVM S.A.,36.113.876/0001-91,2024-12-31
17248,32781 - TG REAL ESTATE FII,44.625.562/0001-04,26/08/2024,Fundos de Investimentos Imobiliário,BR0B4QCTF006,XP INVESTIMENTOS CCTVM S.A.,TG CORE ASSET LTDA,1365711051.19,9.54460999,Renda Variável,MANA11,FII MANATI  CI,2099-12-01 00:00:00,978443.0,9079951.04,0.6648515461662454,2024-08-26,44.625.562/0001-04,FUNDO DE INVESTIMENTO IMOBILIARIO TG REAL ESTATE,FUNDO DE INVESTIMENTO IMOBILIARIO TG REAL ESTATE,FII,FECHADO,QUALIFICADO,TG CORE ASSET LTDA,13.194.316/0001-03,OLIVEIRA TRUST DTVM S.A.,36.113.876/0001-91,2024-12-31
17249,32781 - TG REAL ESTATE FII,44.625.562/0001-04,26/08/2024,Fundos de Investimentos Imobiliário,BR0B4QCTF006,XP INVESTIMENTOS CCTVM S.A.,TG CORE ASSET LTDA,1365711051.19,9.54460999,Renda Variável,KIVO11,FII KIVO    CI,2099-12-01 00:00:00,29715.0,2419692.45,0.17717455298407542,2024-08-26,44.625.562/0001-04,FUNDO DE INVESTIMENTO IMOBILIARIO TG REAL ESTATE,FUNDO DE INVESTIMENTO IMOBILIARIO TG REAL ESTATE,FII,FECHADO,QUALIFICADO,TG CORE ASSET LTDA,13.194.316/0001-03,OLIVEIRA TRUST DTVM S.A.,36.113.876/0001-91,2024-12-31
17250,32781 - TG REAL ESTATE FII,44.625.562/0001-04,26/08/2024,Fundos de Investimentos Imobiliário,BR0B4QCTF006,XP INVESTIMENTOS CCTVM S.A.,TG CORE ASSET LTDA,1365711051.19,9.54460999,Renda Variável,RZTR11,FII RIZA TX CI,2099-12-01 00:00:00,70627.0,6680607.93,0.4891670111462386,2024-08-26,44.625.562/0001-04,FUNDO DE INVESTIMENTO IMOBILIARIO TG REAL ESTATE,FUNDO DE INVESTIMENTO IMOBILIARIO TG REAL ESTATE,FII,FECHADO,QUALIFICADO,TG CORE ASSET LTDA,13.194.316/0001-03,OLIVEIRA TRUST DTVM S.A.,36.113.876/0001-91,2024-12-31
17251,32781 - TG REAL ESTATE FII,44.625.562/0001-04,26/08/2024,Fundos de Investimentos Imobiliário,BR0B4QCTF006,XP INVESTIMENTOS CCTVM S.A.,TG CORE ASSET LTDA,1365711051.19,9.54460999,Renda Variável,ARXD11,FII ARXD R  CI,2099-12-01 00:00:00,80019.0,8081919.0,0.5917737132578588,2024-08-26,44.625.562/0001-04,FUNDO DE INVESTIMENTO IMOBILIARIO TG REAL ESTATE,FUNDO DE INVESTIMENTO IMOBILIARIO TG REAL ESTATE,FII,FECHADO,QUALIFICADO,TG CORE ASSET LTDA,13.194.316/0001-03,OLIVEIRA TRUST DTVM S.A.,36.113.876/0001-91,2024-12-31
17252,32781 - TG REAL ESTATE FII,44.625.562/0001-04,26/08/2024,Fundos de Investimentos Imobiliário,BR0B4QCTF006,XP INVESTIMENTOS CCTVM S.A.,TG CORE ASSET LTDA,1365711051.19,9.54460999,Renda Variável,RBRX11,FII RBR MULTCI,2099-12-01 00:00:00,5047.0,45826.76,0.003355523846722135,2024-08-26,44.625.562/0001-04,FUNDO DE INVESTIMENTO IMOBILIARIO TG REAL ESTATE,FUNDO DE INVESTIMENTO IMOBILIARIO TG REAL ESTATE,FII,FECHADO,QUALIFICADO,TG CORE ASSET LTDA,13.194.316/0001-03,OLIVEIRA TRUST DTVM S.A.,36.113.876/0001-91,2024-12-31
17253,32781 - TG REAL ESTATE FII,44.625.562/0001-04,26/08/2024,Fundos de Investimentos Imobiliário,BR0B4QCTF006,XP INVESTIMENTOS CCTVM S.A.,TG CORE ASSET LTDA,1365711051.19,9.54460999,Renda Variável,HABT11,FII HABIT IICI,2099-12-01 00:00:00,38308.0,3412476.64,0.2498681281832324,2024-08-26,44.625.562/0001-04,FUNDO DE INVESTIMENTO IMOBILIARIO TG REAL ESTATE,FUNDO DE INVESTIMENTO IMOBILIARIO TG REAL ESTATE,FII,FECHADO,QUALIFICADO,TG CORE ASSET LTDA,13.194.316/0001-03,OLIVEIRA TRUST DTVM S.A.,36.113.876/0001-91,2024-12-31
17254,32781 - TG REAL ESTATE FII,44.625.562/0001-04,26/08/2024,Fundos de Investimentos Imobiliário,BR0B4QCTF006,XP INVESTIMENTOS CCTVM S.A.,TG CORE ASSET LTDA,1365711051.19,9.54460999,Renda Variável,TGRE LAND,TGLT,2099-12-01 00:00:00,50000000.0,41285976.97,3.023038946197721,2024-08-26,44.625.562/0001-04,FUNDO DE INVESTIMENTO IMOBILIARIO TG REAL ESTATE,FUNDO DE INVESTIMENTO IMOBILIARIO TG REAL ESTATE,FII,FECHADO,QUALIFICADO,TG CORE ASSET LTDA,13.194.316/0001-03,OLIVEIRA TRUST DTVM S.A.,36.113.876/0001-91,2024-12-31
17255,32781 - TG REAL ESTATE FII,44.625.562/0001-04,26/08/2024,Fundos de Investimentos Imobiliário,BR0B4QCTF006,XP INVESTIMENTOS CCTVM S.A.,TG CORE ASSET LTDA,1365711051.19,9.54460999,Renda Variável,TGRE SHARE,TGLT,2099-12-01 00:00:00,100000000.0,100731000.0,7.375718305290782,2024-08-26,44.625.562/0001-04,FUNDO DE INVESTIMENTO IMOBILIARIO TG REAL ESTATE,FUNDO DE INVESTIMENTO IMOBILIARIO TG REAL ESTATE,FII,FECHADO,QUALIFICADO,TG CORE ASSET LTDA,13.194.316/0001-03,OLIVEIRA TRUST DTVM S.A.,36.113.876/0001-91,2024-12-31
17256,32781 - TG REAL ESTATE FII,44.625.562/0001-04,26/08/2024,Fundos de Investimentos Imobiliário,BR0B4QCTF006,XP INVESTIMENTOS CCTVM S.A.,TG CORE ASSET LTDA,1365711051.19,9.54460999,Renda Variável,TGRE LOTEAMENTOS,TGLT,2099-12-01 00:00:00,620000000.0,617577868.38,45.22024390458575,2024-08-26,44.625.562/0001-04,FUNDO DE INVESTIMENTO IMOBILIARIO TG REAL ESTATE,FUNDO DE INVESTIMENTO IMOBILIARIO TG REAL ESTATE,FII,FECHADO,QUALIFICADO,TG CORE ASSET LTDA,13.194.316/0001-03,OLIVEIRA TRUST DTVM S.A.,36.113.876/0001-91,2024-12-31
17257,32781 - TG REAL ESTATE FII,44.625.562/0001-04,26/08/2024,Fundos de Investimentos Imobiliário,BR0B4QCTF006,XP INVESTIMENTOS CCTVM S.A.,TG CORE ASSET LTDA,1365711051.19,9.54460999,Renda Variável,TGRE MALL,TGLT,2099-12-01 00:00:00,59139225.0,53580458.59,3.923264627851781,2024-08-26,44.625.562/0001-04,FUNDO DE INVESTIMENTO IMOBILIARIO TG REAL ESTATE,FUNDO DE INVESTIMENTO IMOBILIARIO TG REAL ESTATE,FII,FECHADO,QUALIFICADO,TG CORE ASSET LTDA,13.194.316/0001-03,OLIVEIRA TRUST DTVM S.A.,36.113.876/0001-91,2024-12-31
17258,32781 - TG REAL ESTATE FII,44.625.562/0001-04,26/08/2024,Fundos de Investimentos Imobiliário,BR0B4QCTF006,XP INVESTIMENTOS CCTVM S.A.,TG CORE ASSET LTDA,1365711051.19,9.54460999,Renda Variável,TGRE INCORPORACOES,TGLT,2099-12-01 00:00:00,260000000.0,256311155.81,18.767597698405204,2024-08-26,44.625.562/0001-04,FUNDO DE INVESTIMENTO IMOBILIARIO TG REAL ESTATE,FUNDO DE INVESTIMENTO IMOBILIARIO TG REAL ESTATE,FII,FECHADO,QUALIFICADO,TG CORE ASSET LTDA,13.194.316/0001-03,OLIVEIRA TRUST DTVM S.A.,36.113.876/0001-91,2024-12-31
17419,22691 - XP SELECTION FII,30.983.020/0001-90,26/08/2024,Fundos de Investimentos Imobiliário,BRXPSFCTF009,XP INVESTIMENTOS CCTVM S.A.,XP VISTA ASSET MANAGEMENT LTDA.,361399170.13,8.34598867,Dinheiro,Caixa,n/a,2099-12-01 00:00:00,1.0,0.0,0.0,2024-08-26,30.983.020/0001-90,XP SELECTION FUNDO DE FUNDOS DE INVESTIMENTO IMOBILIÁRIO - FII,XP SELECTION FUNDO DE FUNDOS DE INVESTIMENTO IMOBILIÁRIO - FII,FII,FECHADO,GERAL,XP VISTA ASSET MANAGMENT LTDA.,16.789.525/0001-98,OLIVEIRA TRUST DTVM S.A.,36.113.876/0001-91,2024-12-31
17429,32781 - TG REAL ESTATE FII,44.625.562/0001-04,26/08/2024,Fundos de Investimentos Imobiliário,BR0B4QCTF006,XP INVESTIMENTOS CCTVM S.A.,TG CORE ASSET LTDA,1365711051.19,9.54460999,Dinheiro,Caixa,n/a,2099-12-01 00:00:00,1.0,374.5,2.742161306183199e-05,2024-08-26,44.625.562/0001-04,FUNDO DE INVESTIMENTO IMOBILIARIO TG REAL ESTATE,FUNDO DE INVESTIMENTO IMOBILIARIO TG REAL ESTATE,FII,FECHADO,QUALIFICADO,TG CORE ASSET LTDA,13.194.316/0001-03,OLIVEIRA TRUST DTVM S.A.,36.113.876/0001-91,2024-12-31
